taxon	max_age	min_age
t1	24.9550032336265	21.6351413819939
t7	18.8562166888278	18.8562166888278
t10	12.336986782117	12.336986782117
t11	6.86215972415985	6.7768947908643
t14	5.98134297893063	1.27419721359594
t16	5.183833382568	5.183833382568
t18	1.65633559151879	1.65633559151879
t24	2.84170719118887	2.84170719118887
t29	2.633943593961	2.633943593961
t33	5.90310220396791	3.46785100932274
t34	3.26324483169888	0.234380664999527
t35	3.27789248688791	2.34589701308582
t39	2.61137349862238	2.61137349862238
t40	0.75192683995283	0.75192683995283
t41	6.53473775017968	6.53473775017968
t43	3.10437199765237	3.10437199765237
t44	1.79234640011311	1.79234640011311
t66	0.196092272352018	0.196092272352018
