taxon	fad	lad
t1	9.90585919947464	4.24584193859143
t2	3.84449443744121	3.53736011120426
t3	2.43855600799875	1.55341701826211
t4	2.11092216362066	2.11092216362066
t5	5.5570684147029	2.25104270102073
t7	5.27075499836764	5.27075499836764
t9	2.26123803166723	1.03773322466488
t10	1.44648420961624	1.44648420961624
t11	0.457825238913514	0.457825238913514
t12	2.80650140744374	2.69999120742321
t13	1.33335822200281	0.752011209420891
t18	0.0290156965348292	0.0290156965348292
