taxon	fad	lad
t1	4.20121759777999	1.83955439084178
t2	6.52886684242178	4.79305950027743
t3	7.74483263036812	3.08379855962147
t5	4.59995571054962	3.48123378147382
t9	6.25913847131321	6.25913847131321
t10	4.44288935935638	0.407882674188516
t12	3.12057972288678	3.12057972288678
t13	4.74587006884945	4.74587006884945
t15	0.340601580940243	0.340601580940243
t19	1.31458925311557	0.275202170744954
t20	3.59603929537325	3.59603929537325
t21	2.06386513853841	2.06386513853841
t22	0.187756545596683	0.187756545596683
t24	1.35023671730742	1.35023671730742
t26	4.06369674834436	4.06369674834436
t29	0.636632134720744	0.636632134720744
t30	0.941726715405839	0.941726715405839
t35	2.12309418110814	2.12309418110814
t40	0.829100968012066	0.0441215419825589
