taxon	fad	lad
t1	9.58518590275269	9.58518590275269
t2	7.81805354636162	6.94220987085607
t3	4.9988806078369	3.86804126217063
t4	6.88117772495995	6.88117772495995
t5	6.98313806747541	1.37398505950931
t6	3.30471993163905	3.30471993163905
t8	5.01576418212305	5.01576418212305
t10	2.023678578159	2.023678578159
t11	2.60195946572551	0.564392449928766
t14	3.97947765492865	3.22724760116108
t15	0.766319547208614	0.766319547208614
t17	4.24558985352332	4.24558985352332
