taxon	fad	lad
t1	8.6749383698528	0.0268892404788517
t2	4.78053894400598	3.96825589901459
t5	5.59550257180787	5.59550257180787
t6	4.62522988362859	4.62522988362859
t7	3.51526632475721	2.21427781669231
t8	1.49461139940873	0.630678922719307
t9	3.29227938782424	0.89324130616933
t13	1.37065492381506	0.44852299405416
t16	3.87095605587385	2.15957291367573
t20	4.20705100916402	4.20705100916402
t25	1.59383724736303	0.78340727491773
t26	2.01136688096089	1.3977398321307
