taxon	fad	lad
t1	9.16753939197709	9.16753939197709
t2	4.97174509038871	4.97174509038871
t3	6.94179182251294	6.94179182251294
t5	4.35464414683405	3.68254148634138
t6	1.14169578816814	1.14169578816814
t8	7.55061784713361	7.41484385093195
t9	0.763809275620213	0.728652889957559
t10	2.97342507648315	2.96794790571941
t11	3.08877505899016	1.31040427394123
t12	1.55392475129759	0.828753737872798
t16	5.42188199870682	5.42188199870682
