taxon	fad	lad
t1	8.64406139589846	3.14979634484066
t2	3.45912745373392	2.63192979712472
t5	4.07924975205935	1.84368144192524
t6	3.24618246404961	1.28546900643762
t9	2.37349503366159	0.964671311076996
t10	1.95146242731476	1.95146242731476
t11	0.385322206491233	0.385322206491233
t12	2.06064881793464	2.06064881793464
t13	0.0842024382830555	0.0842024382830555
t14	2.4864048787557	0.433444597805831
t23	0.19537300552998	0.19537300552998
