taxon	fad	lad
t1	8.16613007802516	2.32728017832529
t2	4.68460684908031	4.02792839909691
t3	2.33910220642119	1.73364361890515
t4	2.42408710963829	2.42408710963829
t6	0.238854420523307	0.238854420523307
t9	2.09423032035765	2.09423032035765
t10	1.82449459116843	0.799919976307207
t11	1.65898270411115	1.65898270411115
t23	1.76155649174179	1.76155649174179
t24	0.0229294676531673	0.0229294676531673
t27	0.103711700558243	0.103711700558243
