taxon	fad	lad
t1	9.34556420548601	1.70207591425509
t2	5.25791145059609	5.25791145059609
t3	2.53535094082717	2.53535094082717
t4	2.48644983070047	1.54065680053782
t5	4.67603847184607	4.67603847184607
t11	2.5879472130628	0.215813510712637
t12	2.34431260769549	2.34431260769549
t14	0.4513882551861	0.4513882551861
t16	0.352322844481156	0.352322844481156
t19	0.203530438519429	0.203530438519429
t23	0.130327411262231	0.130327411262231
t26	0.480214624090705	0.465722597566494
