taxon	fad	lad
t1	9.50586292427033	4.41241462587756
t2	0.62153582388915	0.62153582388915
t5	2.2261066298128	1.42634689476995
t6	1.71720577980728	1.71720577980728
t11	2.56643597304483	0.281612143115801
t12	0.0556268190071716	0.0556268190071716
t18	1.57558306190003	1.57558306190003
t19	1.66209103862511	1.66209103862511
t20	1.96431205158009	1.09230786112024
t25	0.994590784891537	0.75947419773453
t29	0.112239794724536	0.112239794724536
t32	2.00011351232923	2.00011351232923
