taxon	first_age	last_age
t1	9.79053053539246	7.21198848928358
t3	7.78274561277313	6.8453316576658
t6	5.96059656093895	0
t8	4.40476297710124	0
t9	5.38730161587774	0
t11	2.81904144535839	0
t12	0.764595585382278	0
t14	0.765836211329415	0
t15	0.720446840277422	0
t16	0.0477309132534067	0
t19	0.370967482448666	0
t20	2.01927878516578	0
t23	0.165633150328327	0
