taxon	first_age	last_age
t1	9.43695877523472	9.43695877523472
t2	6.40668030003413	0
t3	7.18146650748969	0
t4	3.50770656916053	0
t5	1.50663754868142	0
t6	0.339718579724025	0
t10	2.38261010894219	2.38261010894219
t11	4.87373961497477	0
t12	2.1121892043241	0
t15	0.230339757988473	0
t20	2.5292100830795	0
t21	3.10010109303277	0
t24	0.950555882116282	0
t29	1.35527059577677	0
