taxon	first_age	last_age
t1	1.8823265723118	0
t3	3.84183741235901	3.84183741235901
t4	4.8829658661576	0
t6	4.45935381997771	0
t8	3.27053421823938	0
t9	4.08092098235674	0
t10	0.382110370441277	0
t14	3.40102473065887	0
t16	0.826256650721206	0
t18	0.459847186474594	0
t27	3.19677259646401	0
t28	0.433077196654425	0
