taxon	first_age	last_age
t1	9.06477053649724	0
t2	5.55886203972724	0
t3	1.49896693299592	0
t5	4.51736329758263	0
t6	3.42131491454041	0
t7	1.82071882898413	0
t8	3.23414684287306	0
t9	2.06442551653301	0.674461501620366
t10	1.36191831261113	0
t15	0.416263108455507	0
t17	0.073319745845362	0
