taxon	first_age	last_age
t2	9.12267526922127	9.12267526922127
t3	5.7352476516965	0
t4	5.41812372431075	0
t5	4.16796983110023	0
t7	1.80027542074481	0
t10	2.56707886016688	0
t11	1.21995479664699	0
t12	0.221226085713056	0
t13	1.60188141973543	0
t15	3.018877862179	0
t21	0.364062981670255	0
t23	1.38808551411966	0
t24	0.513038669186784	0
