taxon	first_age	last_age
t2	5.6777132759369	0
t3	5.41764257785499	0
t4	6.01825256210387	0.642476648363514
t6	0.159248433069555	0
t7	5.99579632592022	0
t8	1.95754272255715	0
t9	2.81980033056759	0
t10	1.41983014451366	0
t11	3.84534008494303	0
t14	2.22865649977988	2.22865649977988
t15	0.61194906955874	0
t16	2.24204153950495	0
t17	2.07616305577023	0
t22	1.04806006744172	0
