taxon	first_age	last_age
t1	7.07397999255951	0
t2	4.01094577467667	0
t3	3.2398094211496	0
t5	1.64669637760746	0
t8	3.90982662731239	0
t12	1.65976526859781	0
t15	0.147103234962046	0
t16	1.0651058602685	0
t17	1.03932954558161	0
t19	0.088122309164854	0
t20	0.304998824230481	0
