taxon	first_age	last_age
t1	9.33150791873535	7.48634984872947
t2	1.98805835617779	0
t4	5.37488609695746	0
t5	3.00990102685433	0
t6	0.571566955470722	0
t9	1.0732086009952	0
t12	2.82089652959257	0
t14	2.25332377665615	0
t18	2.86994280759245	0
t19	0.513857964753178	0
t21	1.52201754322432	0
t22	1.46201817016149	0
