taxon	max_age	min_age
t1	17.0750641258425	0
t2	15.4839744834029	15.4839744834029
t3	9.71570325151422	9.71570325151422
t4	11.6644260647989	11.6644260647989
t6	5.75820953198462	0
t7	9.85660214822339	0
t8	11.8099222830177	10.2407861789746
t9	8.26937614554663	0
t13	4.1593988699847	0
t14	5.96299174744696	0
t15	2.46190916303416	0
t16	5.48436100953171	3.50315351242423
