taxon	fad	lad
t1	19.6765722505127	18.3297083444224
t2	16.0153257263394	15.4416405353886
t4	15.7111158115587	2.86764212262528
t6	12.536351954731	10.6121423201205
t7	12.3606036637478	2.88623083101538
t8	2.57178477501514	2.57178477501514
t10	10.2978722656538	5.98508685265471
t12	6.47185710087277	6.47185710087277
t13	7.88716909417264	7.88716909417264
t14	10.2622608207918	10.2622608207918
t15	7.88614184243504	0.480350369000135
