taxon	fad	lad
t1	19.3676276380817	18.8805077069749
t2	19.5405328331459	19.5405328331459
t4	14.9870875450297	2.97465417667561
t6	14.6763091943825	12.7501019204945
t7	15.4159166206916	11.4015288329417
t8	8.70767180175792	0.568932540401804
t9	16.1739120605544	16.1739120605544
t10	12.4384604400914	6.75767773679403
t13	14.4730182293333	11.2408547777213
t15	13.22042502101	13.22042502101
t16	8.99215170725608	3.07987654659325
t17	12.0671772958811	11.7775301713404
t18	8.06841844561568	2.6977435827341
t19	7.42140443169335	0.785596654528888
t20	1.39858200808487	0.750406739650877
t21	8.1848722822072	7.9413006270033
t23	10.8217112043932	0.810509582848713
t25	13.8095747752372	2.26067754424547
t26	9.36589526093564	7.74938017676584
t27	6.79614323375958	0.0418680089367456
t28	6.65143698955599	6.65143698955599
t29	1.35842819650004	1.35842819650004
t30	1.04598485593378	1.04598485593378
t32	9.29522469917551	9.29522469917551
t33	0.847542619482731	0.847542619482731
t37	14.8803600234148	0.232430864781769
t40	8.94885966793935	4.54959672516612
t41	3.20881565806549	0.576730141637537
t42	0.186962544540542	0.186962544540542
t43	4.91011417714087	1.12960816618227
t46	11.9720045576033	11.9720045576033
t47	4.95740141128758	4.21751032480061
t48	7.3422062846121	7.3422062846121
t50	0.589473523427401	0.589473523427401
t52	0.294319538965468	0.294319538965468
t54	2.36949977511021	2.36949977511021
t56	6.75756701152637	6.55401935530071
t57	3.72600904384042	1.28185873583338
t58	2.86627567272751	1.97621678892753
t59	3.70896573164064	0.999567744628532
t60	3.76854794607182	3.76854794607182
t61	11.6452645585723	6.48952951024685
t62	7.61681507837322	1.45151452982141
t63	0.676966856463316	0.676966856463316
t65	1.11058066391829	1.11058066391829
t68	0.187374323749466	0.187374323749466
