taxon	max_age	min_age
t1	16.393881905964	5.55735004237115
t3	5.17701079319936	5.08447594502093
t5	14.6181849579234	2.69504378508863
t6	11.0564598217732	7.55412942203398
t7	8.85075935659552	8.85075935659552
t8	5.15144335168487	1.51896130370082
t9	0.304160099340372	0.304160099340372
t11	1.84380843913402	1.84380843913402
t13	10.4141208864563	10.4141208864563
t14	13.5672585402694	13.5672585402694
t16	2.12878804777262	2.12878804777262
t17	11.1744163543964	2.92377973485026
t18	12.5610062549737	2.84490749760084
t21	4.77833042077324	0.91986923959054
t22	11.0801191432707	11.0801191432707
t23	8.75244731329806	1.02762377148961
t24	9.39206422079081	2.62604255340165
t26	3.52867109374285	3.52867109374285
