taxon	max_age	min_age
t2	12.8822050037644	0
t3	10.7406094193749	10.7406094193749
t4	5.51552371952811	5.51552371952811
t5	5.87591970350038	4.47227667096447
t6	6.82253601246092	0
t7	1.26746291563263	0
t8	14.3993277682733	10.7771553650003
t9	9.41707209144822	9.41707209144822
t10	1.04566184506272	0
t13	0.0566670003143379	0
t14	2.75351122232797	2.75351122232797
t16	1.05823787651694	0
t17	0.560574077815811	0
