taxon	max_age	min_age
t1	11.5363096760441	4.56972430660821
t2	9.5848310230601	7.31738527903279
t3	9.56315713762101	9.56315713762101
t4	13.3822856679722	1.756056355951
t5	1.94740856993176	1.94740856993176
t6	2.08274841093832	2.08274841093832
t7	13.0972755142319	2.05181357537537
t8	11.8123892003482	1.9153633058668
t10	13.4861898906057	2.26492595602762
t15	11.0513015529225	1.28720429636099
t16	9.43042863268364	8.65982476015763
t17	3.25156698001966	3.20989867110832
t19	9.28453551445448	9.28453551445448
t20	1.11315495990009	1.11315495990009
t21	4.13680719722264	4.13680719722264
t23	9.96350421376909	9.96350421376909
t24	13.3827897990468	7.92243666190448
t25	5.52092039926015	3.77130329714173
t27	11.4710490804892	10.6015116726799
t28	6.0573994649261	6.0573994649261
t29	2.00849778441632	0.530983108142188
t30	12.3788249064606	12.3788249064606
t31	11.0441845593314	9.8212387940497
t32	1.34937935562173	1.34937935562173
t33	1.41268545107109	1.41268545107109
t38	8.99079581751079	3.30797318101174
t39	5.95890367130736	5.62291265347649
t40	4.65665284666903	4.65665284666903
t41	3.61856499485667	3.53494640549019
t43	9.85274418794175	6.84512159375211
t44	7.46610152026997	7.46610152026997
t45	10.2818798248768	10.2818798248768
t46	12.9024621338208	11.3110016385649
t47	5.21821154269198	5.21821154269198
t48	9.15019419527086	9.15019419527086
t50	9.1802585096303	3.63458180061757
t51	6.1378740089137	1.47099386289306
t52	2.39779383090413	0.521415386570265
t54	4.63186642414224	4.63186642414224
t55	5.14649822171619	5.14649822171619
t56	1.9747777188156	1.9747777188156
t60	4.62520902921032	1.74799244950733
t62	3.81025788427219	3.81025788427219
t66	2.96307905084017	2.96307905084017
t68	4.89644800392539	1.90180459297697
