taxon	max_age	min_age
t1	18.4641202973823	2.74849365859802
t2	14.5553399692394	14.5553399692394
t3	10.4461741792303	6.2076205889187
t4	12.4115514837691	2.73036570166957
t5	13.2300515825391	5.88647624615925
t6	11.1170110479755	8.73551021210082
t9	6.48995038781832	6.48995038781832
t10	11.0585217382902	5.83380812994775
t11	6.58244830268074	1.49435033126716
t12	6.184595488067	1.36630072545855
t13	3.25641620180281	2.79572160955785
t14	10.7366685245958	10.6558306750682
t16	6.73408669264231	6.73408669264231
t21	2.40400827041474	1.32448844628987
