taxon	max_age	min_age
t1	18.9253621408716	17.6027719704346
t2	15.6982962201853	12.5362278952827
t4	17.4341211706089	4.96695116928565
t5	16.8950843361135	8.88895129039235
t6	18.1875333042629	17.3650293294665
t8	0.79088054021835	0.79088054021835
t9	14.7539937593865	11.9822802307444
t10	16.3462251360386	15.0880298377188
t11	8.84193083191839	4.85185054686192
t13	16.7457833444887	9.77317813602597
t14	11.0857483340666	0.61289118276532
t15	5.0790013113559	5.0790013113559
t17	15.057421547725	13.7718458381114
t18	13.4555825921768	2.85009236031514
t19	3.20630553291528	0.108833673691954
t20	3.9666724775276	3.9666724775276
t21	6.89028362744549	0.0839242868383216
t22	1.95723847565802	0.268874422202526
t23	6.87103700324704	6.87103700324704
t24	2.65312284123826	2.65312284123826
t25	3.74096906106647	0.155056293152761
t26	8.4715789218755	0.455770074096467
t27	6.52850717526358	6.52850717526358
t28	4.1671689640357	1.92668059625963
t30	8.5340524619463	8.5340524619463
t32	6.58640172296383	6.58640172296383
t33	7.94964270049381	7.46857030631649
t37	10.4704460458357	5.14986489945984
t38	7.60193415483948	2.56783297190377
t39	6.44627023278171	0.262117629151444
t40	0.865469936214296	0.865469936214296
t41	3.79291664669438	1.937300097354
t42	4.79413849759844	4.79413849759844
t43	0.80139271444191	0.80139271444191
t44	8.49931144352811	8.49931144352811
t45	2.7540425822187	2.7540425822187
t46	1.57125965704637	0.432420998298557
t47	8.34149097846325	4.72100367871575
t48	0.716416529671651	0.716416529671651
t49	3.91721628651023	2.059710752666
t50	0.585968997306907	0.585968997306907
t51	10.9096334267063	0.68080727754375
t53	6.2921306284643	6.2921306284643
t54	2.57666803319921	1.93501238757415
t56	6.71170524069481	2.36933937368699
t57	8.6262737843257	8.6262737843257
t60	6.58714998842084	0.499221397589224
t61	5.84495882215206	5.84495882215206
