taxon	first_age	last_age
t1	18.9403782272711	16.5148012341561
t2	12.548593540656	7.7184555607655
t3	15.6501004719265	15.6501004719265
t4	12.3063479834587	0
t6	1.94146086178949	0
t7	7.26727157690877	6.17533121117705
t8	6.21502066559268	6.21502066559268
t10	1.25718291958841	0
t11	0.587268646220917	0
t12	1.1914192200253	0.787670267025707
t13	1.49732759006149	0
