taxon	first_age	last_age
t1	18.1127277792742	9.37524284809309
t2	15.7266085775677	5.45270555160226
t4	14.5625665639615	6.86186927183821
t5	15.0059533923344	14.5220252388202
t6	10.5459674938519	0
t7	9.90402737332818	9.90402737332818
t8	8.0278268044743	0
t10	5.15848865037782	0
t11	7.33152430489058	6.25982165509461
t13	2.25248940570904	0
t14	1.05650230766303	0
t16	3.48761530597524	3.48761530597524
