taxon	max_age	min_age
t1	18.6395226387928	16.8700108470498
t2	17.5107164915411	17.5107164915411
t3	10.4281529235298	9.18860955573162
t4	6.79720601117451	4.73861510450233
t7	9.70687247129444	2.8057302248356
t8	11.215162951718	2.04900642348044
t9	9.09066907970104	9.09066907970104
t10	7.29392067331708	5.99629776393035
t11	8.12703591404648	7.75981490189339
t12	6.70671821477033	6.70671821477033
t13	10.7468885988409	5.36789063075788
t14	8.2741963371911	7.73353685832554
t15	4.88961366915845	0.498181261496232
t17	3.82147820686805	2.62621300625808
t18	0.0218545302071469	0.0218545302071469
t21	10.1077213107825	6.04161462921057
t23	6.28689093367415	6.28689093367415
t24	4.69343200247094	2.52983373355721
t25	7.54528242364639	2.50073380190859
t26	3.35707303177684	0.923827037624999
t28	1.880230714806	0.966330210471007
t30	5.07440860651321	2.17181672144569
t32	4.11979115420168	1.94563400162841
t33	7.0849667859913	0.139707490637619
t35	4.41888741262883	4.11262573409209
t39	6.55731073870622	3.41389420358232
t49	0.900138121622337	0.900138121622337
t53	5.78334680150626	1.72597372931514
t56	2.47349320931888	2.47349320931888
t57	0.971170020249975	0.971170020249975
t58	2.12873124248	1.3187651650728
t59	4.75683306212387	0.510816948555483
t64	0.047927359202486	0.047927359202486
t65	1.51072570060018	0.484021471496156
t66	4.01824064067155	4.01824064067155
t68	8.08681235627245	6.01488154903286
t69	6.06861376026929	6.06861376026929
t73	3.13319915296935	3.13319915296935
t75	0.0203251808295946	0.0203251808295946
t76	2.49262418900934	1.49472550636785
t78	4.53605767564448	2.97835234997328
t83	2.29432409593154	1.57896877528428
t85	6.95898747239935	6.45769928785691
t88	1.45811898068236	1.45811898068236
t93	0.593851380698212	0.593851380698212
t94	0.0206349817664098	0.0206349817664098
t97	2.26567367895175	1.5129258457336
t98	0.582286648401606	0.582286648401606
t99	5.71260253837852	5.71260253837852
t101	1.3260741183894	0.549030418171203
t105	7.31153640242252	7.31153640242252
t106	2.00985115599099	2.00985115599099
t107	1.86441531549632	1.80421032706774
t110	2.34313085632907	2.34313085632907
t113	1.16455130992406	1.16455130992406
t114	4.9150771723914	4.47261339660514
t115	5.21005322484314	5.21005322484314
t117	0.0908998359531026	0.0908998359531026
t122	1.22887417353182	0.875366955580702
t127	2.67455282991294	2.67455282991294
t129	4.24637587347706	4.24637587347706
t135	1.2826893485867	1.2826893485867
