taxon	fad	lad
t1	7.49030245538036	3.27879070698793
t2	19.2471825034967	19.2471825034967
t3	17.9931368989249	17.7441752248485
t4	17.7031453476896	17.7031453476896
t5	8.77533821664002	8.77533821664002
t6	16.3350317592446	16.3350317592446
t7	12.4949150680823	6.05789978625866
t11	6.78750338505303	2.32658909809779
t12	6.87290849392885	2.73309068997075
t13	5.0650265899238	5.0650265899238
t14	4.84751478091941	4.26034382787478
t15	8.48412929829359	6.57702409147124
t18	14.7763441829384	10.8461304316498
t20	7.92002678153466	6.86345624973428
t21	5.11899130824106	5.11899130824106
t24	0.367732432081276	0.367732432081276
t25	7.46282523831072	2.57882040554812
t26	4.56292456879586	0.938124003288575
t27	3.58201223343883	0.0913230521564365
t28	1.04369651183763	1.04369651183763
t29	3.55700054702574	3.55700054702574
t33	5.0239428383386	2.22404156848147
t34	7.19542790357199	6.75559305862837
t38	0.000955520477795346	0.000955520477795346
t39	8.66426448090905	7.65361472872678
t40	8.75157442763807	8.75157442763807
t41	7.02797161103234	0.257897746703392
t42	6.74153104738447	5.81676142759425
t43	8.0660626936709	5.31789340018379
t44	4.56618671865907	4.56618671865907
t45	2.03498201290486	2.03498201290486
t47	7.12834910007941	7.12834910007941
t48	4.2057060411103	0.854623195373208
t50	1.13358891664215	1.13358891664215
t52	0.987861051111651	0.987861051111651
t53	1.72703321452949	1.72703321452949
t55	0.0408405947092021	0.0408405947092021
t57	2.19219745862727	2.19219745862727
t60	3.60543294932687	3.60543294932687
t61	0.777010904624117	0.238142104508036
t63	6.30752507579119	4.48385770414562
t65	1.32398177992393	0.894633461807754
t66	3.99477369606785	1.49931950772387
t72	0.00178585556895783	0.00178585556895783
t75	1.15554816233908	0.463229974259495
t77	1.54773589189342	1.54773589189342
