taxon	fad	lad
t1	18.2080854134013	11.0403496974828
t2	15.9798865956804	15.3494939827975
t3	15.5785312033357	15.5066220644028
t4	7.97353554768317	6.63209075733494
t6	10.1383270320176	4.34778484057605
t7	9.32636134916338	9.32636134916338
t8	13.6898371183787	8.76579726850725
t9	10.334033974383	8.56833612497802
t10	7.28713271122644	0.354666617058914
t12	6.17204565492728	5.11036828098157
t14	5.69247108061309	3.65124435647999
t21	8.03728310757502	8.03728310757502
t22	8.5029440114883	5.76754084081918
t23	2.23850109371001	2.23850109371001
t24	2.68027894293332	0.162154576987014
t26	3.35271712741284	0.656786814674888
t27	6.72383400370896	6.40351247267395
t28	3.9958812847835	3.9958812847835
t29	6.49903499111408	2.01797998114397
t34	4.68215119333095	1.9154325725861
t35	4.41141194213185	2.00340540642887
t37	4.30469255794956	0.197184032216366
t41	1.15557384415288	1.15557384415288
t43	1.51548842959551	1.51548842959551
t44	2.38407668800377	2.38407668800377
t45	2.79459911696586	2.79459911696586
t46	1.70584919107175	1.63588701422168
t47	0.723366913530242	0.723366913530242
t48	0.223869214160434	0.223869214160434
t56	0.771604753954666	0.771604753954666
