taxon	fad	lad
t2	10.1055691683922	1.33572679731529
t3	17.2731439722702	17.2731439722702
t5	13.7176347175806	13.7176347175806
t6	8.82953973782707	8.34155954250592
t8	10.0229610003136	6.52744867203258
t9	4.325201268772	4.325201268772
t11	16.0806503040821	16.0806503040821
t13	9.39485978104473	1.77766741996098
t14	6.00558734677216	5.45293863617216
t17	6.95177407142389	6.95177407142389
t18	3.45387464838096	1.28545653989532
t20	9.32060510740184	9.32060510740184
t21	8.17212373924555	0.639030398507295
t22	5.87700757193698	3.9633878785683
t25	3.11556451997518	3.11556451997518
t26	4.33848612918787	1.22243554003209
t28	4.48881093551088	4.48881093551088
t29	2.52574757760472	1.1534977915744
t32	7.97569277903038	5.8014663888325
t33	5.64164049743167	5.64164049743167
t35	4.67682705143006	4.67682705143006
t36	5.638250316168	0.00647094302471984
t37	4.16700227681983	4.16700227681983
t40	4.60205478933715	4.60205478933715
t42	1.12351815415034	1.12351815415034
t46	1.23524491944423	0.387591736118171
t47	2.21523203453701	1.83115882653215
t53	4.62024270222735	4.62024270222735
t54	4.43263316082829	1.0284919248717
t59	0.303619725264177	0.167201518641303
t61	3.38593606812061	3.38593606812061
t62	0.0096224262828315	0.0096224262828315
t64	0.547051181079581	0.547051181079581
t68	2.97649753922347	2.97649753922347
