taxon	fad	lad
t1	15.2321479472338	13.1507891062343
t2	15.3707691407611	15.3707691407611
t3	12.2842777926792	4.87845616160714
t4	9.0889778524674	0.78635988547012
t5	10.9857516490456	6.20255648940791
t6	7.70460589740205	0.962812029794232
t7	5.93021043620473	5.93021043620473
t8	5.78707015042815	1.52605458669215
t9	1.25501113237669	1.25501113237669
t10	8.83507253028359	8.83507253028359
t11	0.447734455228463	0.447734455228463
t12	9.77541000754851	7.50066770258017
t14	5.06321616235055	5.06321616235055
t16	0.208240124177031	0.208240124177031
t17	4.27794310308462	4.13175590954083
t20	1.7488032617684	1.7488032617684
t21	0.924753381210682	0.924753381210682
t27	0.00896279292614821	0.00896279292614821
t28	4.09417231456156	1.24005316857978
t31	0.0539991277646763	0.0539991277646763
t33	2.11560729483577	1.49262740228142
t39	1.14211968528753	1.14211968528753
t40	0.873089904268205	0.873089904268205
