taxon	fad	lad
t1	19.9644178524613	9.47236456710876
t2	16.3242002885703	16.3242002885703
t3	7.48374024294446	4.85284959597562
t4	12.5677075704256	4.57204431128499
t5	8.41257049673263	1.97404959583618
t6	7.90098348854573	7.90098348854573
t7	6.11765715517959	6.11765715517959
t8	4.92978474551763	4.92978474551763
t9	12.1090431152502	7.32844833045827
t10	9.60909970479697	6.07008763357089
t11	5.01520242220201	5.01520242220201
t12	7.74645054432038	6.92626365116153
t15	9.07160686965473	6.92419251220331
t17	5.44094796646595	5.29026449223531
t18	9.24687894647586	2.66682850896145
t20	11.0483001760363	1.81418776985641
t21	8.91723693424703	6.39283542321364
t23	6.05150860798597	6.05150860798597
t24	11.2245150615729	2.50250852590975
t25	8.78082079242561	0.744264974113165
t26	2.83762865623171	1.22655230856664
t29	0.750392857653296	0.750392857653296
t31	7.01397039726722	4.9273261314665
t33	2.17029987712302	1.00218625772346
t34	0.510052301322727	0.510052301322727
t35	7.0023940723185	7.0023940723185
t36	4.87269488623124	0.288946729776701
t38	3.07035426292947	3.07035426292947
t40	5.0399795216067	2.15379343860634
t41	2.9459866969405	2.9459866969405
t42	3.44209975512011	1.2969879474981
t44	8.1660807198308	6.01417752907625
t46	5.18178366499632	5.18178366499632
t47	0.3433399224038	0.0594789437333816
t48	8.02202066612387	8.02202066612387
t49	5.85383313337103	5.85383313337103
t50	3.08556702376987	3.08556702376987
t54	6.88168696746876	4.98365334323952
t55	1.35467004013348	1.35467004013348
t62	1.39925687734411	1.01697455580725
t63	0.654540122115478	0.654540122115478
t64	8.07275000018092	4.50315878575105
t65	6.64080536073734	6.64080536073734
t66	4.60281319841782	3.45185056099086
t67	2.82822096966563	0.471988627184974
t69	6.85394191100046	6.57127060068245
t71	4.03638824511047	4.03638824511047
t72	3.50292324125648	3.50292324125648
t73	0.97084226093056	0.97084226093056
t78	2.44242013851287	2.44242013851287
t79	5.60777930505179	4.82166135646008
t80	1.02891690118211	0.820972117953392
t81	1.63913388785136	1.63913388785136
t82	2.31464012148889	2.31464012148889
t88	4.17415048259543	4.17415048259543
t90	3.62007919714448	3.62007919714448
t91	1.13776376788189	1.13776376788189
t95	0.897583787207655	0.897583787207655
t98	3.60031960439176	3.60031960439176
t99	3.61174659586647	3.61174659586647
t104	0.590336339185757	0.590336339185757
t106	1.1790033099979	1.1790033099979
t107	1.90967061650453	0.609309337416772
t110	0.364138067618491	0.364138067618491
