taxon	fad	lad
t1	18.4983491726841	18.3531474756698
t2	11.8937835383867	10.3870852693803
t3	11.5560782613048	1.7170376743791
t4	17.0227229657273	17.0227229657273
t5	14.6704834993964	14.6704834993964
t6	15.4525350359614	7.63693521177631
t8	13.3547583250651	2.91337374668717
t10	11.183880744782	10.4239623577341
t12	2.86528124797513	2.86528124797513
t14	11.1760688542893	10.022792811587
t15	11.5353204225802	11.5353204225802
t16	8.38834458840575	3.3157424321665
t17	6.91268737221395	3.7614505934679
t19	6.70555499418471	6.70555499418471
t20	3.61561889834971	3.61561889834971
t21	7.36397462741968	5.9472417319212
t22	8.25958882614981	3.55323441561836
t23	7.72100252717524	7.72100252717524
t24	1.11346244516516	1.11346244516516
t25	5.01106643011629	5.01106643011629
t26	10.4492415415666	8.46225217971169
t27	9.29023293354648	9.29023293354648
t30	7.73688074082279	2.33101346580177
t31	6.12014178843691	6.12014178843691
t33	5.09763725137171	4.98594634270128
t35	3.67224759003556	3.67224759003556
t36	3.54144616138328	3.54144616138328
t37	0.98510361141124	0.032149724239197
t40	5.18685890531076	1.82377638045902
t41	6.25206698512012	3.13695153394411
t45	2.38295586053303	1.37784335191072
t47	3.3022833165133	1.02150646035661
t48	1.70505092570751	0.600365483495779
t52	8.51629692333444	1.00146360435004
t53	6.24984458491919	6.24984458491919
t55	8.7815244209809	8.7815244209809
t57	2.29572575746259	1.14955138932448
t59	2.56955748364183	2.56955748364183
t61	1.22704545161249	0.186378669936182
t70	0.811650090058773	0.811650090058773
t71	4.36333199825819	0.0784075372023558
t72	0.434682121093541	0.434682121093541
t74	0.742884279646212	0.742884279646212
t75	3.25494004191281	3.14577673494887
t76	7.90838000339475	2.63020206417773
t81	5.85918744183262	5.85918744183262
t82	3.96766191073216	2.31547161688847
t83	0.128042015891303	0.128042015891303
t84	3.23372105994083	0.532543250242941
t90	0.856481843540443	0.856481843540443
t93	0.373308262819052	0.184469861570488
t94	7.14752094725151	6.84204895885666
t95	4.74209216342345	4.74209216342345
t96	4.65790898898253	4.65790898898253
t101	2.10883602289888	2.10883602289888
t105	1.66876945520797	1.66876945520797
t106	0.184043620353652	0.184043620353652
t107	2.02719659634048	0.432234720911719
t118	1.91915252014265	1.91915252014265
t119	0.560606299667075	0.560606299667075
