taxon	max_age	min_age
t2	18.4547572132821	9.16413531330246
t5	10.4281248012567	5.38310374147389
t6	8.88377773522438	8.88377773522438
t7	1.6856836337529	1.6856836337529
t8	7.51973477954081	7.51973477954081
t10	8.20133733683936	5.22156994910649
t11	6.98928904374278	6.98928904374278
t14	10.5647170526758	3.52839428835199
t15	6.69872276894286	2.82920911075706
t17	5.78831916138966	5.57082425807564
t19	9.59358853266159	6.39894741410284
t20	6.28365179786645	6.28365179786645
t21	6.54274373807417	6.54274373807417
t23	3.79458185233402	3.79458185233402
t25	2.24882904839077	2.24882904839077
t26	2.24484176914001	0.780019569188795
t28	3.23747553698093	2.72151976659268
t29	9.4569035444211	9.4569035444211
t30	7.50197499882078	7.50197499882078
t31	4.3592731441753	4.3592731441753
t32	2.93969411952893	2.93969411952893
t39	2.6408037753571	0.741083044341639
t40	1.54994286591437	1.54994286591437
t43	1.21339356798076	1.21339356798076
t47	1.43729224267552	1.43729224267552
t52	5.044932857908	0.325725623630422
t53	1.86389460635579	1.86389460635579
t54	4.83711430912862	4.83711430912862
t55	2.42180799178252	2.33119745411616
t59	8.50034259871424	0.514854073790737
t60	2.26914759209658	0.278030219747432
t61	2.83059538681655	2.83059538681655
t62	0.410861473705697	0.410861473705697
t64	0.595001094777853	0.595001094777853
t67	3.44340867633334	3.44340867633334
t71	3.02534526028317	3.02534526028317
t73	6.70311704181059	3.87207260893305
t80	2.69328771724168	2.69328771724168
t83	3.83042740258204	3.83042740258204
t84	6.79765868214194	3.50655930344283
t86	4.71100858795414	4.71100858795414
t88	0.713552034073828	0.713552034073828
t89	0.857843243759035	0.33009272762742
t92	1.02081527544556	1.02081527544556
t96	0.228586706054301	0.228586706054301
t98	0.0940429231942126	0.0940429231942126
t103	0.330968749574481	0.330968749574481
