taxon	fad	lad
t1	15.8314620984256	4.76075523690897
t2	13.1718336608541	2.4268285259368
t5	14.1665849210573	12.4506403716797
t6	13.0663443593996	2.19410800926845
t7	6.95696425636928	4.65212377816811
t8	0.98727600379301	0.98727600379301
t9	14.6454328796674	3.52849303448582
t11	13.6270148834388	10.3841210810269
t13	11.900219356629	8.08050558363174
t14	12.0652179778734	8.76143106445959
t15	10.8446940446752	9.84632863748646
t16	7.80692824623953	0.951236977445483
t20	3.61020741515654	3.61020741515654
t21	6.45595165603182	6.45595165603182
t22	12.0290681146865	12.0127484421094
t23	12.9914212445602	5.00624020414515
t24	0.525127010254206	0.434323832689437
t25	1.69835943469794	1.69835943469794
t26	10.9464644252187	5.95829948691096
t27	8.87924846567718	8.87924846567718
t28	3.57984110877978	3.57984110877978
t29	6.73841320209689	4.40663690724497
t31	10.1640813512842	0.63523935063348
t34	5.85843305577121	2.06170846900491
t36	3.6306469569647	2.28295159532925
t37	2.19461733331521	0.933411354313193
t38	2.01750376569278	1.44264867744713
t39	9.34707931567327	9.34707931567327
t42	1.76815390312229	1.76815390312229
t43	9.40275313652658	2.74476589983002
t44	8.15103632607517	2.83245579303922
t45	7.98709224791909	7.98709224791909
t46	4.71986002460467	4.71986002460467
t48	2.63655127762798	0.584515536119969
t49	2.56710848903338	2.56710848903338
t50	1.25917233036283	1.25917233036283
t51	4.49046470587856	1.74862169104234
t52	4.50963555534287	4.50963555534287
t53	2.75251146570696	0.746925299461719
t55	1.37614735837797	0.492237798258859
t56	4.82730198607518	4.82730198607518
t57	0.889036925575439	0.889036925575439
t58	5.2281703995251	4.39277283782346
t61	9.6423094769317	0.561707377907165
t62	0.506609386296695	0.506609386296695
t63	5.78199399473951	5.78199399473951
t64	6.94377762259479	6.94377762259479
t65	4.90879206533068	4.90879206533068
t74	5.97929055713306	5.97929055713306
t76	0.0994262364721514	0.0994262364721514
t78	0.872972576636375	0.872972576636375
t82	3.5783688077371	2.96709295287211
t84	6.91805981220755	6.91805981220755
t85	0.921429572186607	0.921429572186607
t88	1.05215476850641	1.05215476850641
t95	2.84463155744294	1.74192704610845
t97	1.02722952204233	0.638541743938266
