taxon	max_age	min_age
t1	15.5163402887841	15.5163402887841
t2	15.454610423325	7.71611282387847
t4	7.49743960886366	6.44929861011144
t5	6.52939089694165	4.50989052248709
t6	7.92723437891447	0.0874453363243219
t8	7.93287374586898	6.43493479662817
t9	5.52059851473608	5.52059851473608
t11	7.13109148867984	7.13109148867984
t12	5.54569471984416	5.54569471984416
t13	2.84059093100782	2.84059093100782
t14	1.66248929360061	0.646713785663739
t17	3.84733067202366	3.84733067202366
t21	3.60085480836172	3.60085480836172
t23	1.71724393842858	1.71724393842858
t27	0.451175498305236	0.451175498305236
t29	4.34256827761457	4.34256827761457
t35	3.22530158435875	2.67234634974523
t36	0.492496790396586	0.492496790396586
t38	1.68839405141842	1.68839405141842
t39	2.59852549363897	0.404772729911013
t42	2.22063586941977	2.22063586941977
t44	0.169540823300668	0.169540823300668
t46	1.01404928859145	1.01404928859145
