taxon	max_age	min_age
t1	17.9671592948337	17.9671592948337
t2	16.0365265731668	11.0676714269872
t3	8.29566232277799	7.00856404572823
t4	8.54476576806015	8.54476576806015
t5	10.6205933913952	10.1692816379043
t6	7.80319608711399	0
t7	9.06168829474256	4.8545869221911
t9	1.04158214546212	0
t10	3.09916496988149	0
t12	7.3384616048712	6.30496724878286
t13	1.85857161063296	0
t15	2.98075510380813	0
t18	5.10057438157483	4.05684449857706
t21	0.94289806397655	0
