taxon	max_age	min_age
t1	19.1035264435535	0.833780053771829
t3	13.2941845774809	0.0357503673359467
t4	7.46196237090946	3.7494295278968
t6	1.178701801137	1.178701801137
t7	11.1604605352665	6.60975424898872
t9	4.09116788049278	4.09116788049278
t10	2.54806525714162	2.54806525714162
t11	7.68243275259749	7.68243275259749
t12	4.18328460206721	4.18328460206721
t14	0.425440555318296	0.425440555318296
t15	13.4702037725575	0.440035031461761
t16	6.24606734755041	5.17331853190961
t17	4.23854762575068	1.78193475804148
t18	5.01507812997736	0.613227265205321
t19	3.15645049733153	3.15645049733153
t20	1.45548994827482	0.702159141373521
t26	3.47754024025186	3.47754024025186
t27	2.69914588311945	1.97971919742226
