taxon	fad	lad
t3	16.2383903486813	10.8475353867912
t5	6.25212514984244	6.25212514984244
t6	13.1621461176782	8.89054749522067
t9	10.8983889970004	2.39959842270994
t10	7.20685904058939	2.08600263594131
t12	10.9410378854894	10.9410378854894
t13	5.86740109976481	5.56837510602534
t14	7.32642514348717	2.00077741314978
t15	12.3767685441459	6.2905283100296
t17	7.90081715326004	5.60278527863813
t18	8.98344571275022	7.60598361220217
t19	5.93784451537184	5.93784451537184
t20	2.56086789138066	2.56086789138066
t21	4.6737068291416	4.55691098901171
t22	2.38843012543699	2.06597367424572
t24	0.535573898164355	0.535573898164355
t25	4.76201281297365	4.76201281297365
t26	0.388634294040187	0.388634294040187
t27	9.45631324638025	8.81508307390259
t30	7.30820904049943	7.04982400746316
t32	2.23029157323085	2.23029157323085
t33	9.92009540743914	0.852657869204279
t34	8.00491743842907	7.78346477508692
t35	3.76386794769475	3.76386794769475
t36	6.18539212944956	0.204671429654397
t37	2.8576010813005	1.74817317240046
t39	5.41736422647695	5.41736422647695
t40	2.33319638154532	1.45276149135337
t41	0.0534763442689297	0.0534763442689297
t46	9.30074223331209	0.676160687912574
t47	8.37065260897068	4.10060889917447
t49	3.27615104348974	1.28489442679054
t50	5.64350729682714	5.64350729682714
t51	4.76721894957046	0.326153356879161
t58	3.01155962489137	0.0478028023608985
t59	7.73086188950959	7.73086188950959
t60	5.08935994827077	2.63086628095978
t61	4.27937074732774	4.27937074732774
t63	0.912117028963547	0.912117028963547
t65	0.271511374852821	0.271511374852821
t70	6.39266667605134	6.39266667605134
t74	1.73353492336058	1.68302382296029
t75	2.03155146603325	2.03155146603325
t76	4.42050037159195	4.42050037159195
t82	0.108018681762999	0.108018681762999
t84	2.46896050262693	0.238903031505583
t85	0.94168468575884	0.94168468575884
t87	5.1412543502022	0.0440423910208914
t91	3.36258153216448	2.6027222406383
t94	3.34489012811665	3.34489012811665
t104	0.515392167122499	0.515392167122499
t105	2.86544102416157	0.0468416996281817
t106	2.47072820315654	2.47072820315654
t107	0.400146044345984	0.021371955954244
t109	0.223046328804145	0.223046328804145
t110	0.358292269135752	0.358292269135752
t114	1.64661225569217	1.64661225569217
t118	3.21280798747581	0.760948245044091
