taxon	max_age	min_age
t1	15.8849160713193	6.80424412750257
t2	9.38550770014314	4.12703344978869
t4	9.61180535529329	9.61180535529329
t6	4.50669734187901	2.13563355556101
t7	1.24559293585098	1.24559293585098
t8	9.76546355205321	9.76546355205321
t9	6.7008379491565	6.7008379491565
t10	5.63017134072561	5.63017134072561
t13	3.67738322153792	3.43181897089304
t14	4.50761658791124	3.37196023699809
t16	5.70888540056399	2.10924637944765
t17	6.85918584470494	2.58607041574905
t19	2.46423861708445	2.46423861708445
t20	7.33011714975608	7.33011714975608
t21	2.00676062330274	2.00676062330274
t22	6.04316450705215	6.04316450705215
t24	1.23559421591831	1.23559421591831
t25	5.17501445160239	3.14460145137885
t26	0.2865475269714	0.2865475269714
t27	1.9546133830799	1.62943541252817
t28	5.80937180529607	3.46322711624057
t31	0.1658806699538	0.1658806699538
t35	0.97258367315019	0.97258367315019
t42	4.77281598342606	4.77281598342606
t47	1.60816305921404	1.60816305921404
t48	3.56968478263844	3.12536986198454
t51	0.920468870933835	0.773357039080047
t52	2.62030024692746	2.62030024692746
t54	1.08559284998099	0.077195443034487
t55	0.380553070670182	0.380553070670182
t61	0.467841319333331	0.467841319333331
