taxon	max_age	min_age
t1	29.8521796489311	29.8521796489311
t2	24.8559353634677	23.9189374040635
t5	21.9527905774549	20.2653942122274
t6	22.9227836102848	19.0773718978137
t7	5.91719937480621	0
t8	7.52136592124477	0
t9	2.24254424951943	0
t14	6.14486542193827	6.14486542193827
t15	0.71474717539688	0
t16	0.866903763728367	0
t17	0.0855006683092263	0
t19	5.85111974815202	0
t20	5.24596211420318	0
t22	2.79581420006092	0
t23	1.14973136210147	0
t24	0.677829773712581	0
t26	1.03956197997903	0
