taxon	max_age	min_age
t1	28.3561458718032	10.1457529475463
t2	26.8280094817519	26.8280094817519
t3	20.2762851806724	19.4597186556452
t5	16.0873353733757	16.0873353733757
t6	11.2014637641732	11.2014637641732
t8	10.5212017383991	4.51311113815833
t11	26.133372473363	26.133372473363
t12	15.0379372330605	13.2415351602161
t14	11.6189477564269	10.3177498330175
t18	1.03843501230397	0.379095874618173
t19	3.3644864411029	3.3644864411029
t21	5.19365897905549	5.19365897905549
t22	6.17474270481402	0.334425899934455
t25	10.469498799469	9.03632566547729
t26	10.2095981801931	10.2095981801931
t27	8.00614220787658	6.91191689452315
t29	6.58502863757506	5.62066650055543
t30	6.79443463312343	6.79443463312343
t32	4.21513513314013	1.38138599049429
t33	3.77187898669521	3.77187898669521
t34	5.46609240805147	1.69406416446743
t35	4.62998823070063	4.62998823070063
t36	3.79065027267768	3.79065027267768
t41	4.88346970524404	3.71488473107182
t44	4.56877666006566	4.56877666006566
t45	0.384662785724814	0.384662785724814
t46	0.941999417805473	0.941999417805473
t49	4.46369186161493	4.46369186161493
t54	1.23033173153789	1.23033173153789
t55	2.61774218912062	2.61774218912062
t57	0.379636489870776	0.379636489870776
t63	3.6748590316602	0.562957167494833
t64	2.33208827431893	2.33208827431893
t65	0.927029348824014	0.927029348824014
t67	2.2294315270633	1.56076455738898
t70	0.529742407611618	0.529742407611618
t71	2.43706059693327	2.43706059693327
t76	0.330924297573969	0.330924297573969
t77	0.171893553384773	0.171893553384773
