taxon	max_age	min_age
t1	28.8262599266273	17.8203645598602
t2	25.2133485148509	22.2055560426487
t3	19.7880838269114	18.1637525800317
t5	17.9938400749628	17.8103113264474
t6	15.336281402422	1.39553717559838
t8	15.2772771149075	13.6190854169251
t9	14.4480744656788	14.4480744656788
t10	12.2954175668901	12.2954175668901
t11	12.2651787161107	12.2651787161107
t13	6.42295865065456	5.55175036132178
t15	2.69658629099209	2.69658629099209
t16	15.4128740291172	1.55926516144716
t17	16.8514606476004	7.32854678240786
t18	8.74437762307777	4.78365961642663
t19	9.72791770782866	0.483523965817877
t20	4.18137668667286	4.18137668667286
t21	5.654042856934	0.27502524231452
t24	11.8403010048999	5.96500778296749
t26	9.75001648334845	9.75001648334845
t27	1.9323632218972	1.9323632218972
t28	1.13753644126626	1.13753644126626
t31	10.1041630595903	8.58043280454782
t33	6.66294119906161	2.57560143070499
t37	0.598888301106758	0.598888301106758
t38	2.38303760425345	0.251016366839156
t39	0.310909554984786	0.310909554984786
t40	7.5813556758176	7.5813556758176
t44	12.2270138850842	12.2270138850842
t45	8.39033361945981	8.39033361945981
t49	1.25095228991848	1.02675940547826
t50	11.9212226643467	9.08668928403197
t54	2.43101738838429	2.06905146108891
t58	1.25263014435929	0.703410500972588
t60	7.3980193298899	7.3980193298899
t63	1.39867622679331	1.39867622679331
t64	0.370974320152232	0.370974320152232
t66	7.28021298559812	5.2168162215526
t68	0.516976535775498	0.516976535775498
t72	0.487466072933071	0.487466072933071
t73	3.4857292403303	3.4857292403303
t74	2.80970523328082	0.591801810468194
t75	0.5519442066383	0.5519442066383
t76	2.34867537757219	2.34867537757219
