taxon	max_age	min_age
t1	29.7955821858098	15.5472665690678
t2	19.9700155787572	11.262358150719
t3	19.6945570182332	18.8817916723245
t4	16.7913967635231	16.7913967635231
t5	15.2010489293499	10.1604374606359
t6	11.6054735139606	11.4513770054399
t7	13.6588722475863	11.1940226185974
t8	6.99832978036666	6.71267348651255
t10	9.85746995049576	4.16281251699777
t11	10.150090818399	7.88252966642207
t12	11.6510282617691	6.95101906615419
t13	8.62710036721158	3.30825916578793
t15	7.62839690424306	6.8647308177233
t16	6.45305153017528	6.45305153017528
t17	6.71216204952734	3.6350872298574
t19	0.252941399298063	0.252941399298063
t20	10.8053435369055	7.11818929374741
t22	5.29660746786227	3.25679475994479
t26	12.8666033444775	12.7379225417627
t27	12.7127774875813	9.42799756095937
t33	1.34743516948909	1.34743516948909
t36	11.4682069901348	11.4682069901348
t37	7.6823390167336	2.72791766980414
t42	3.01309004074179	1.92331862284087
t44	1.14200879911068	1.14200879911068
t46	6.61521410145258	4.29479299131075
t48	2.3263221425286	2.3263221425286
t52	1.09212864757895	0.0475112015429531
t53	1.16022518459663	0.466747169966052
t54	6.97095056524925	5.73349100687655
t55	2.52821689838711	2.52821689838711
