taxon	max_age	min_age
t1	28.3087975143765	9.30294548566225
t2	20.6416276349601	14.4628134469734
t4	10.003301997534	10.003301997534
t5	11.1855532854044	11.1855532854044
t6	8.78313391450503	3.41616346875144
t8	5.61124485215203	5.61124485215203
t10	1.79623969536842	1.79623969536842
t11	11.7498895116754	0.414116323474715
t15	2.98365877355551	2.98365877355551
t17	2.0751854858816	2.0751854858816
t20	4.74677760280662	4.74677760280662
t21	3.74522739536109	3.36899717008365
t22	1.62103798382761	1.01924453395769
t28	8.110235585885	0.450721860886787
t30	2.58936063342444	2.58936063342444
t31	1.93871443792978	0.147632798426745
t33	6.58725595766099	2.6790592142233
t34	2.29687565025771	2.29687565025771
t37	1.21872242831637	1.21872242831637
t40	3.74160800146888	3.74160800146888
t41	4.0103720215185	0.0571060379572614
