taxon	max_age	min_age
t1	29.6496063424274	12.1756595316667
t2	16.071251806176	16.0366818122505
t3	13.3653642994545	13.3653642994545
t4	7.72465890396358	0.797264852712509
t5	12.5531531551058	11.5290583769928
t7	7.34692134171526	7.0033517764613
t8	6.12850552472349	0.321724674093527
t9	4.81096351381915	0.568807822238107
t12	8.19150807994162	8.19150807994162
t13	2.48762092379554	2.48762092379554
t14	3.02679618606314	1.26141706888224
t17	4.16503912677765	0.872682319066772
t18	5.73274884521349	0.884978282938043
t19	1.81530475395643	1.13541681564324
t21	9.84413383291617	7.721493816117
t22	3.5856249387766	3.32918872388723
t23	1.91748878821355	1.91748878821355
t25	2.25604718207554	0.49431610043333
t26	0.756178519865223	0.756178519865223
t27	0.786676655849494	0.786676655849494
t28	7.69857546911137	0.637771159602103
t29	8.98018528610135	3.98310370146537
t30	6.4691047856863	4.29227734192268
t36	3.38485231255034	3.38485231255034
t37	2.65597811246668	2.42889535580828
t39	0.0377274735515414	0.0377274735515414
t48	3.0779876181191	3.0779876181191
t49	1.03982121573997	1.03982121573997
t52	5.00201833432261	3.61800887042102
t56	6.67752859001137	6.67752859001137
t57	0.0826412204449838	0.0826412204449838
t58	3.33462521038149	2.03776542943412
t59	2.84022134703401	2.84022134703401
t60	3.82742867508939	3.0432542863244
t62	3.79151996705147	3.79151996705147
t64	3.15970121037967	2.72659503009152
t66	1.22191875682675	1.22191875682675
t70	0.955621384756363	0.955621384756363
t77	2.55343103597646	1.69917147578135
t86	7.71874637225583	7.71874637225583
t87	1.31457807186503	1.18457879150095
t88	2.62026242231632	2.62026242231632
t91	1.51469958137736	1.51469958137736
t93	3.67150870719163	1.67386055249581
t97	1.56521810205086	1.03075919152271
t101	0.775042985843786	0.775042985843786
t102	1.66467500907258	1.66467500907258
t106	0.95289439709687	0.95289439709687
t108	1.18198270757196	1.18198270757196
t114	1.8002158776003	1.416695637416
t117	0.895813470895806	0.895813470895806
t118	0.458666188788968	0.458666188788968
t122	0.0679931388022794	0.0679931388022794
t124	2.65119109624917	2.65119109624917
t128	0.0500661619063401	0.0500661619063401
t132	0.509277232506285	0.509277232506285
t137	0.66091169250144	0.66091169250144
t146	1.3893020068835	1.3893020068835
t149	1.16064217350103	1.16064217350103
t150	0.0250725970851491	0.0250725970851491
t155	0.739982522463723	0.527579553175393
