taxon	max_age	min_age
t1	29.9330437012459	22.6997120047335
t2	25.9213008941577	11.8548048771646
t4	7.42622019569722	7.42622019569722
t5	6.14454637241072	2.59846181568212
t6	6.58745259071648	2.34879588747378
t7	9.1655450382716	4.01000451388019
t8	0.064470844168568	0.064470844168568
t9	8.47336977425855	8.47336977425855
t10	8.46024207398287	8.46024207398287
t11	7.58929207934234	2.83106780948628
t13	1.30346987341891	1.30346987341891
t17	0.368614376704144	0.368614376704144
t20	3.38000650178439	3.38000650178439
t24	2.88637051535399	1.31994951773345
t25	3.77409862914224	3.09902601766142
t27	0.585079104448809	0.585079104448809
t31	1.16402281023615	0.952786707276612
t32	7.34106274768007	2.15457728844286
t34	5.30048643051791	0.507763687793407
t36	5.5912398197805	5.5912398197805
t37	0.950454224328151	0.950454224328151
t42	2.04139686854162	2.04139686854162
t46	3.17278785705467	3.17278785705467
t47	3.83188718113275	2.06681239501286
t52	3.04311479149081	3.04311479149081
t55	3.41607036064583	3.41607036064583
t56	3.47175389292067	3.47175389292067
t57	2.4973262598557	2.4973262598557
t58	2.95823746217631	0.415394608982833
t59	2.41099197716258	1.02381252206358
t61	0.776139380594667	0.206525904246988
t63	1.34999721945621	1.34999721945621
t65	3.06506169638197	0.0385306136666088
t66	3.96944581210652	3.29286678218632
t67	0.645721615063877	0.48845019016148
t68	1.81053474980345	1.81053474980345
t72	1.23233196780422	1.23233196780422
t78	2.3890532736345	2.3890532736345
t82	0.0655967390788064	0.0655967390788064
t83	0.852015353472733	0.852015353472733
t86	2.00955149915747	2.00955149915747
t93	1.19453257827905	0.919947204243563
t95	1.47171071371951	0.874268542493564
