taxon	max_age	min_age
t1	23.7383545465231	12.7991791443077
t2	7.30668976583815	7.30668976583815
t3	4.2717257593746	2.39457553733638
t4	8.9515222833434	8.9515222833434
t8	6.17758973707797	0.588532519245025
t9	6.69001869186302	4.07585808336278
t10	4.53949081931136	4.53949081931136
t12	3.2323903971759	3.2323903971759
t13	2.89608755119139	2.89608755119139
t14	2.02680033370718	2.02680033370718
t15	2.67976938120233	0.602575455113818
t18	2.60307257940024	2.60307257940024
t20	0.120700504906825	0.120700504906825
t21	5.43925330350022	5.43925330350022
t33	6.4013772752701	0.818730085757029
t34	2.77713941197068	2.77713941197068
t35	3.07213591402662	1.17363232159878
t37	1.60449287734233	0.386979105304206
t43	0.322927900781536	0.322927900781536
t47	1.81299123726515	0.882029034815513
t48	0.541752173454793	0.541752173454793
t50	2.07847681275408	1.31478323669633
t51	2.0105671097319	2.0105671097319
t54	3.97937051422477	1.49548771275755
t55	3.54912133802528	2.02736604408229
t56	0.892066504967165	0.892066504967165
t58	0.10179506520949	0.10179506520949
t60	1.64805803048305	0.475126335338768
t62	0.0267495857437083	0.0267495857437083
t63	2.22995555520877	2.22995555520877
t66	1.4140850921561	1.4140850921561
t67	2.9923988328983	2.9923988328983
t77	2.9813842549366	2.9813842549366
t78	2.09136336500511	2.09136336500511
t79	2.12493656165254	0.195193535579754
t84	0.567989675411411	0.567989675411411
t86	1.93182165581171	1.93182165581171
t89	0.500710859318424	0.500710859318424
t93	4.80971429764533	3.07178517605418
t95	2.29421159559479	2.29421159559479
t96	1.09747267171114	0.149750777811995
t98	1.06290791894555	1.01831352117717
t99	0.00370299801711482	0.00370299801711482
t101	3.85353075673452	3.83726212693279
t104	1.01445723172846	1.01445723172846
t107	1.18323433674985	1.18323433674985
t109	2.0915153855836	1.27996213673067
t110	0.704730686667499	0.704730686667499
t115	0.887540848323489	0.887540848323489
t117	0.341246499705953	0.341246499705953
t119	1.01388735907349	1.01388735907349
t124	2.57576712736513	1.50034439458475
t125	0.739166378642413	0.739166378642413
t129	2.51495125684992	0.974037628435649
t132	0.901673802442698	0.901673802442698
