taxon	max_age	min_age
t1	29.5571132640665	20.4411371396551
t2	14.314547470343	1.10814509811713
t4	11.7358042692522	7.06625999950303
t5	6.36133262285908	6.07498392171482
t6	4.59675725576751	3.03524490628365
t7	3.28033595729211	1.15089416731982
t9	2.61180068202347	2.61180068202347
t11	4.80278160449715	4.80278160449715
t12	3.75817873202522	3.75550331039649
t15	8.01660212131789	3.34858006594005
t16	8.35496517741549	8.35496517741549
t17	8.22162156624069	5.34268231709979
t18	1.75868636475919	0.726798587457818
t21	3.45837731967168	3.45837731967168
t28	3.27058641114018	3.27058641114018
t29	7.64081018015321	3.16575310332002
t30	6.02048485702326	5.04435432305982
t31	0.96948065412105	0.868314420079795
t32	3.92047590287332	3.92047590287332
t34	2.81918750799506	0.160799562103801
t35	1.81766953573557	1.81766953573557
t36	1.67168606313472	1.67168606313472
t37	0.829013374297027	0.371590280878745
t38	0.274339003439501	0.274339003439501
t40	2.61251923195097	2.61251923195097
t41	3.33883722741549	3.11811973148728
t42	6.60616487028455	2.2623528914498
t43	1.01771929060205	1.01771929060205
t45	4.25547028451519	1.73582206058867
t46	2.18868007668185	0.535345010169621
t51	0.795038417817938	0.0997799860604474
t55	2.34750938206804	0.234560237662414
t56	2.97700918678612	2.97700918678612
t58	1.07263106150219	0.187615410819031
t60	3.49771756710117	3.49771756710117
t61	1.10159915717524	1.10159915717524
t66	2.29878991415892	2.11104395023445
t67	0.647407683969135	0.647407683969135
t69	0.446938026677262	0.446938026677262
t76	1.912863985494	0.616761987577103
t77	0.0582671495468929	0.0582671495468929
t78	1.25194991763691	1.25194991763691
t84	1.84659266836536	1.84659266836536
t86	0.964062541682289	0.964062541682289
t93	0.824992370042391	0.824992370042391
t97	0.503102852914221	0.404834869889903
