taxon	fad	lad
t1	27.4998293554078	3.76425080382119
t2	12.1629799613657	12.1629799613657
t3	10.7419398534573	10.5464451991793
t4	4.40593619846113	4.40593619846113
t5	5.02531149039852	5.02531149039852
t6	8.09157554490503	2.14149816639827
t9	13.0343653354009	13.0343653354009
t10	10.4504008886251	10.4504008886251
t11	1.98916424514478	1.98916424514478
t12	2.40147371168792	0.338129659499003
t15	5.08871443672172	0.524639556728676
t17	0.630016796742183	0.49728295407375
t18	0.0257021629009628	0.0257021629009628
t19	2.52039092724003	0.156749991148491
t21	6.71995541878471	0.0176130772854819
t24	1.39866898755849	1.39866898755849
t25	0.230936406239682	0.230936406239682
t27	4.33267524659392	0.735359915187821
t28	3.67677160417302	3.25863737181091
t31	4.16302100567688	4.16302100567688
t32	2.48367223876069	2.48367223876069
t37	2.56154409162583	2.56154409162583
t40	4.00376253947793	4.00376253947793
t43	1.44368332871693	1.44368332871693
t51	1.69673888349402	1.69673888349402
t56	5.11800848626811	5.11800848626811
t59	0.491017114155007	0.491017114155007
t60	3.80965767647533	3.80965767647533
t63	0.453478484033926	0.453478484033926
t64	0.113612592313089	0.108895418637392
t66	2.07974155519349	2.07974155519349
t70	0.96760684761172	0.96760684761172
t72	2.13960269796124	2.13960269796124
t75	0.154849861298505	0.154849861298505
t84	0.608504023240211	0.608504023240211
t87	0.189012741375642	0.189012741375642
t88	0.54610283660346	0.54610283660346
