taxon	fad	lad
t1	27.3304875973811	10.8699995011289
t2	27.3268546606408	27.3268546606408
t4	9.91518136752731	0.253315942651273
t5	6.70139317719842	6.70139317719842
t7	1.25738910738923	1.25738910738923
t8	10.5773149107939	10.5773149107939
t9	3.58234396003532	0.298176977016997
t13	5.42816826525934	4.83045102496083
t15	0.0170623259424616	0.0170623259424616
t16	1.02378414081019	1.02378414081019
t18	6.92642712324054	4.46835214575914
t20	5.33980430561418	0.143320066444709
t21	3.17221458172879	3.17221458172879
t26	0.0504632029278547	0.0504632029278547
t27	0.902331166198827	0.902331166198827
t32	0.381451591125334	0.381451591125334
t34	1.51352903853594	0.149588943938301
t38	0.482919374703929	0.482919374703929
