taxon	fad	lad
t1	29.9807030412679	19.6091425082475
t2	11.2771215869371	9.47946145717147
t3	12.2505960764027	3.8446573621091
t4	6.43705444845674	0.09376492193649
t5	5.9208219305736	1.71538423135189
t6	3.61561376518986	3.61561376518986
t9	8.23370834942781	7.00966991303984
t10	8.87022996473101	7.72683605858721
t11	5.61711829640804	2.12384763503659
t13	2.29512715308559	0.42117275514893
t16	1.25022911777144	1.25022911777144
t18	2.81147280060362	0.296389615656999
t19	0.351311807118964	0.351311807118964
t21	2.54588532583489	2.54588532583489
t22	2.14448833155858	2.10404242726771
t23	2.25168830815661	2.25168830815661
t24	2.29423251459355	2.29423251459355
t28	6.1731510863547	3.5758757825029
t29	5.65624450991644	3.99877379685734
t30	4.33700730483536	3.77037433211559
t31	4.40476660847	4.40476660847
t32	4.28216139295268	4.28216139295268
t33	0.0442640038467061	0.0442640038467061
t36	3.22368687578248	1.63952925491538
t38	2.47879763367935	2.47879763367935
t39	2.64246416392138	1.14602995073562
t41	1.03643066150351	1.03643066150351
t45	0.817676092813279	0.817676092813279
t46	2.52566071380657	2.52566071380657
t47	3.27730442649075	3.03910746801346
t48	1.40659560143666	1.40659560143666
t50	0.842692837753699	0.842692837753699
t54	1.78519215274269	1.78519215274269
t55	5.95883826383553	5.82015681668318
t56	3.44345940342821	1.76696377406545
t57	4.22135297538199	4.09009254245815
t58	3.12625145971617	3.12625145971617
t59	2.59570495318997	2.59570495318997
t60	2.3106449106364	1.62289417128052
t61	0.880834743882222	0.880834743882222
t63	2.33190029642764	2.33190029642764
t67	0.341812530683224	0.213187701979479
t72	3.02141819898663	2.75746840672381
t75	4.0894505667244	3.64199709675507
t76	1.80270436949256	1.80270436949256
t77	0.185290879778186	0.185290879778186
t84	0.119583507695125	0.119583507695125
t85	3.42884880864108	1.18935865568354
t89	0.0946328274358699	0.0946328274358699
t92	0.124406603794846	0.124406603794846
t94	2.16467218522322	2.16467218522322
t95	0.394939418099309	0.394939418099309
t97	0.955948464471447	0.955948464471447
t99	1.5656988383592	1.5656988383592
t105	4.11826086537076	2.10182553857936
t106	3.59101503907086	3.54965414516321
t113	0.58962925069968	0.58962925069968
t117	3.09726018292261	1.31702834884378
t118	0.183759334334148	0.183759334334148
t122	0.453153219689799	0.453153219689799
t129	0.876812791347618	0.876812791347618
