taxon	max_age	min_age
t1	27.8321231134388	4.71364992178102
t2	20.1099321967765	20.1099321967765
t3	10.100021773762	10.100021773762
t4	5.12122782643308	5.12122782643308
t5	7.73592074660405	2.88568112975494
t6	2.70865766692704	0.66122328758037
t7	4.81616835311709	0.660586916433015
t8	8.58834035396658	5.91562308447786
t9	7.87085834021702	1.47722097966254
t10	3.55013058213829	0.399425376137724
t12	7.43310978120494	0.95826359940131
t13	8.19386752444806	8.19386752444806
t14	0.177900927833001	0.177900927833001
t15	2.53987191030283	2.53987191030283
t17	0.17080264676477	0.17080264676477
t18	0.84693021704495	0.27653343753471
t19	2.01088698776368	0.89665958853368
t20	1.10320042228262	1.10320042228262
t22	5.50473928630255	2.13977198863721
t24	7.34832183765165	0.18042876368979
t27	4.24353373782851	4.24353373782851
t28	3.96674315479974	1.02128697149915
t30	1.39080640878199	1.39080640878199
t34	0.758587704330257	0.410606526128522
t37	1.77153494889683	1.77153494889683
t38	3.62675951394601	3.62675951394601
t40	7.62881177898688	7.62881177898688
t41	0.806807402513613	0.806807402513613
t49	0.191019887914976	0.191019887914976
t53	4.21698379501828	0.897553473252838
t55	3.41942439174848	2.4032415000344
t61	3.79891023319756	3.79891023319756
t62	4.0163764860039	4.0163764860039
t66	2.986650188063	2.986650188063
t67	1.76482204114844	1.76482204114844
t68	1.13005184077681	0.309057631278645
t70	1.59960094488725	1.59960094488725
