taxon	max_age	min_age
t1	25.1751239352245	25.1751239352245
t2	29.2006046640843	6.1628408726347
t4	25.0025369521864	25.0025369521864
t5	9.68474439667324	9.68474439667324
t6	2.12944148159429	0
t8	0.450588099604229	0
t10	1.33082671396158	0
t11	1.70896386124664	0
t12	0.139263178996881	0
t15	0.749466048913003	0
t16	3.55822706471797	0
t19	0.18073314846027	0
