taxon	min_age	max_age	status
t1	5.60308554939305	7.49808965460397	extant
t1	0	1.97927799091364	extant
t2	1.97927799091364	3.70305079136354	extant
t6	0	1.97927799091364	extant
t7	0	1.97927799091364	extant
t8	0	1.97927799091364	extant
t9	3.70305079136354	5.60308554939305	extinct
t10	1.97927799091364	3.70305079136354	extinct
t11	0	1.97927799091364	extant
t14	0	1.97927799091364	extant
t15	3.70305079136354	5.60308554939305	extant
t15	0	1.97927799091364	extant
t18	0	1.97927799091364	extant
