taxon	max_age	min_age
t1	9.38139856041835	8.8386394670747
t2	4.61675288198671	4.21519833791107
t3	7.28443586262359	2.02763666414656
t4	6.58721044661246	6.58721044661246
t5	5.70088763398193	5.70088763398193
t6	2.947801174806	2.947801174806
t7	0.418762394266723	0.418762394266723
t8	0.745023125534589	0.745023125534589
t10	5.95553890223458	5.95553890223458
t13	1.43407864510182	1.43407864510182
t14	3.2677883969511	2.45244242720149
t15	0.0820371966711484	0.0820371966711484
