taxon	fad	lad
t1	7.16439413360317	2.72348630483775
t2	0.416285257560961	0.416285257560961
t3	0.813408550364404	0.813408550364404
t5	3.87982277519751	1.97513268194169
t6	0.806091896470585	0.806091896470585
t7	2.51806693431214	0.528607253068939
t8	2.22880941140008	2.22880941140008
t9	2.08227261609863	0.320336172007952
t11	1.35169340088046	1.35169340088046
t13	3.33837478589172	0.377884802326333
t14	2.66184842422542	2.66184842422542
t15	0.696517919798726	0.696517919798726
