taxon	fad	lad
t1	3.92805045967764	0.808489271859703
t2	5.89892014095507	1.98768873409573
t3	6.14413188149532	0.335429231108812
t4	1.22836850472952	0.526544818006139
t5	0.708772220805654	0.708772220805654
t6	0.153396299080738	0.153396299080738
t7	3.91439321222673	3.91439321222673
t8	1.69398845504864	1.69398845504864
t9	2.29185827458621	0.309411514119423
t12	7.01743836140449	5.29721412477239
t15	3.94542214160732	3.94542214160732
t17	2.97869320503694	1.42010690072809
t18	0.717348364241024	0.717348364241024
t21	2.3477331928689	2.3477331928689
t22	1.34983121849027	1.34983121849027
t24	0.440521292175276	0.440521292175276
t25	2.0775747048848	0.37404400321588
t27	1.27664472359717	0.476677203313379
