taxon	fad	lad
t1	8.28149542678148	2.14894302601004
t2	9.90920006375139	7.6775879514833
t3	5.38827327482125	2.55282650939695
t4	4.99557970215371	4.17436830314391
t5	4.33561914780402	0.0306396188282125
t6	0.0187391709175646	0.0187391709175646
t7	8.95117398808613	1.39407509080865
t8	0.0245613780427547	0.0245613780427547
t9	2.45767051529223	2.45767051529223
t10	0.026436001419361	0.026436001419361
t12	3.41282110863782	3.41282110863782
t13	1.05237106591856	1.05237106591856
t15	8.5190458616954	5.7880866200563
t16	8.48191009182195	8.48191009182195
t17	0.546875764290316	0.546875764290316
t18	2.00395958526903	2.00395958526903
t20	1.41053002657589	1.28919373995119
t21	2.67917458705346	0.232045693264913
t25	5.98353899077217	2.75222534873737
t26	0.656658652993736	0.656658652993736
t28	0.472152404614956	0.451559055680796
t29	7.71268641110222	3.4925428826571
t30	8.00569060020003	8.00569060020003
t33	0.830573545658963	0.830573545658963
t35	5.31759131431168	5.31759131431168
t38	0.454837988735598	0.454837988735598
t40	4.29222609926165	2.0895434645511
t41	2.00130719614397	0.761582873921798
t47	1.59717859119016	0.127680394806225
t49	1.05458421984385	1.05458421984385
