taxon	max_age	min_age
t1	8.20931849803221	8.20931849803221
t2	6.30052002484762	0
t3	7.19384990109692	2.86468791201074
t4	8.01648635935029	0
t5	3.64615359713719	0
t6	1.36369972271826	0
t7	1.73258067050664	0
t8	1.84406785581498	0
t10	0.373365062630743	0
t11	6.81561140952182	6.81561140952182
t13	5.65494472031617	5.65494472031617
t16	2.6290693972385	0
t19	1.37024613797881	0
