taxon	fad	lad
t1	4.86237004885965	3.14259497586222
t2	9.04619103410531	7.30302746410564
t3	3.45758922574315	0.191631731116182
t4	2.07327821688588	2.07327821688588
t5	2.61023001628928	1.80631149189046
t7	1.22303010274967	0.583886971774822
t9	3.42528190798728	2.09270644103778
t10	5.13824503480767	5.13824503480767
t11	4.8926919827083	4.8926919827083
t13	0.400946686158395	0.400946686158395
t14	2.51305383746777	2.3789361713015
t15	2.19350214931183	2.19350214931183
t19	4.78203324274495	1.0662926368605
t20	3.50356802211788	3.46292045184125
t21	4.32520136968314	3.02848818798485
t24	0.0998369133624202	0.0998369133624202
t26	1.39794069475156	0.964654299665781
t31	0.415901135181755	0.415901135181755
t32	0.0711816077901766	0.0711816077901766
t33	0.660479288336848	0.660479288336848
t35	3.41158061303633	0.335733403490586
t36	2.7431265991299	0.830410826602417
t39	0.558174640561143	0.042878734202743
t40	0.0391338460401336	0.0391338460401336
t41	0.732054502910675	0.732054502910675
t42	0.139726916603617	0.139726916603617
t44	2.37085191044974	0.58780500681161
t45	0.388432427635196	0.388432427635196
t47	1.56520983775783	0.11168491550427
t48	0.186474832925272	0.186474832925272
