taxon	max_age	min_age
t1	9.07541237635773	7.68612514139608
t2	6.75802289016525	0
t3	8.83551032336026	8.12371848722578
t5	9.24750800289622	2.10480860496275
t7	5.72495632825321	0
t11	3.5618997064769	2.78805277127157
t12	3.57454698164584	0
t14	1.92950666169384	0
t17	7.62843739844353	7.62843739844353
t18	2.92678289724159	0
t21	3.30250366455682	0
t23	2.56998033755201	0
t25	1.33617356839678	0
t28	1.95524660322342	1.95524660322342
t32	1.22678531653447	0
