taxon	fad	lad
t1	2.18756547239709	1.18602595334041
t2	8.24819578494416	7.43246470632502
t3	8.26784439441536	0.375524372510636
t4	3.01142766320127	3.01142766320127
t6	5.60907931610321	3.72723176255706
t7	8.23726723519145	6.89591335215597
t12	0.47593291447788	0.200837871115043
t13	1.61381320062489	0.21727507572224
t14	0.284574787059645	0.284574787059645
t15	3.52258658923346	3.44781079867061
t16	1.0185818183152	1.0185818183152
t18	0.0307080359025953	0.0307080359025953
