taxon	fad	lad
t1	8.44194768695161	4.12451816045263
t2	7.32682857468414	2.5100341712355
t3	1.30870205529946	1.30870205529946
t4	0.429070681846433	0.429070681846433
t5	5.8160574924356	3.03646989448875
t6	6.96095801113794	6.96095801113794
t7	4.73215330838446	1.27560687708215
t8	2.82746777334167	2.82746777334167
t9	1.81750510600429	1.81750510600429
t11	4.00293844325157	1.24246041858689
t14	4.00765731678194	3.56716500516541
t15	3.36794124275606	2.23445554903868
t16	3.19241012116433	2.78519869335466
t17	0.610749835417032	0.610749835417032
