taxon	fad	lad
t1	7.41108633122665	7.41108633122665
t2	5.46321035586962	1.03377179487857
t3	6.12917724599045	6.12917724599045
t4	1.18863395342991	1.18863395342991
t6	4.01892100773122	1.08622355476581
t7	3.46424293344238	0.96654955413779
t11	0.323641525995663	0.323641525995663
t12	0.158152739698744	0.158152739698744
t13	7.84785261358541	2.44592913999887
t14	3.62521238270656	3.62521238270656
t15	4.23845568747246	4.23845568747246
t16	0.029501589068671	0.029501589068671
t17	1.40100523531991	1.40100523531991
t20	6.92321156210052	0.0505636419199753
t21	1.46328413258596	1.46328413258596
t22	0.562132903347567	0.0902026917048104
t24	0.499336302306558	0.499336302306558
t25	5.6139703994723	0.138563558985888
t26	0.643053318552832	0.643053318552832
t27	1.83667513430116	1.83667513430116
t30	0.991805173848228	0.991805173848228
t33	2.91731499509046	2.91731499509046
t34	7.39298377965463	4.58826003278438
t35	2.8311505932347	0.945409703532711
t36	3.38325410218953	0.597723879063707
t37	2.15541473115528	0.639211784496098
t39	0.737885573516966	0.737885573516966
t40	0.366751681999094	0.366751681999094
t41	1.65947080349502	1.65947080349502
t42	3.53612201340951	3.53612201340951
t44	4.18933036407552	1.06934684897869
t45	0.45192524865822	0.368491790309484
t47	1.03607643229104	1.03607643229104
t49	5.37414953094607	3.21005384850517
t52	1.24612420844084	1.24612420844084
t56	1.86189665805364	1.86189665805364
t58	0.865799032403348	0.865799032403348
t60	0.271243005186648	0.271243005186648
t61	0.494958179740253	0.494958179740253
