taxon	max_age	min_age
t1	8.06578502440599	6.53099554506835
t2	2.85798830107177	1.64694347080166
t3	8.29329710525628	0.911252947117461
t6	5.16716123152941	5.16716123152941
t7	0.835869466177293	0.835869466177293
t9	4.80332736340914	4.80332736340914
t10	0.498549448552115	0.281373183701692
t12	1.24700181958195	1.184083954002
t15	2.42606097692642	1.12574537028576
t17	0.363034940903578	0.363034940903578
t19	0.833736181533743	0.833736181533743
