taxon	max_age	min_age
t1	9.7097578543168	0
t2	8.56997094854367	8.56997094854367
t5	2.52326374997604	0
t6	0.619461675619789	0
t8	5.55214986609505	5.55214986609505
t10	1.18965356317675	0
t11	3.71638873134246	3.71638873134246
t12	3.01267134793721	3.01267134793721
t13	2.26493604805289	0
t15	2.20424202465326	0
t17	2.79197064859941	0
t20	1.75239108493782	0
t22	0.75688824391982	0
t24	0.110073342780964	0
