taxon	max_age	min_age
t1	8.69522600173434	3.98367059795813
t2	7.98777251654306	0
t3	4.22706322721096	4.22706322721096
t6	2.46769893403329	0
t9	6.93018621359598	6.93018621359598
t10	2.54205696318957	0
t11	3.66099121739407	0
t14	2.9248381647864	0
t17	6.40570943186948	2.76258316866513
t26	1.12687623438847	0
t27	2.06254918144355	0
t31	0.344245880984813	0
t35	1.8177627852352	0
t38	0.419262535566547	0
