taxon	max_age	min_age
t1	9.70551269361749	0.942664376744762
t3	8.1924096398443	6.44503590860811
t5	4.57887575597011	4.57887575597011
t6	4.19338419366645	4.19338419366645
t7	3.24282500536509	2.29116237598799
t9	1.09330418084311	1.09330418084311
t10	3.78286914136958	3.78286914136958
t11	1.89728118510934	1.89728118510934
t12	2.63169046677458	0.0828986177208275
t16	3.89486290527262	2.93618095236585
t17	3.45494924004089	3.45494924004089
t21	1.64712333995298	1.31340413621603
t22	0.299589337852682	0.299589337852682
t23	4.17257109478687	4.17257109478687
