taxon	max_age	min_age
t1	29.8774666269755	0.779363240253797
t3	28.2937791145661	28.2937791145661
t4	17.0299076399466	15.5702292258763
t6	14.745661665614	14.745661665614
t8	8.76431528228595	8.76431528228595
t9	0.252418753188067	0.252418753188067
t12	14.211010998402	6.42985359363076
t15	12.7872477645442	12.7872477645442
t17	8.5266532651045	8.5266532651045
t20	11.3202362990113	5.10336659942977
t22	8.1279965825419	8.1279965825419
t24	5.91787791007894	4.35567635123382
t26	7.26979860411466	1.06047938198641
t27	3.99041753769182	0.989113765948268
t29	8.04558534653857	0.431342618453222
t30	5.4542070680061	1.09632052182793
t31	8.43570486224698	0.867300180942078
t35	0.76568167283008	0.76568167283008
t40	0.533870793033739	0.533870793033739
t41	6.82563595892438	6.82563595892438
t42	7.10170881836609	2.17334430112687
t43	1.31682457739274	1.31682457739274
t46	1.61552951511004	0.122041664579964
t47	1.59188408286226	0.606763544472955
t48	3.90024245005203	3.90024245005203
t49	4.13306430781934	3.37784644550387
t50	2.03894052186718	2.03894052186718
t53	0.856656064030414	0.856656064030414
t54	0.266462752424189	0.266462752424189
t56	3.16481979626284	3.16481979626284
