taxon	fad	lad
t1	18.5784032708034	9.10995411767173
t2	14.8568771924069	13.6275624317915
t4	12.5263039725996	4.95832798909513
t6	9.62314832549727	5.08201580756943
t8	10.9961744508723	7.34447078039144
t9	3.03034242668114	0.981341786281387
t10	4.36968628111783	4.36968628111783
t11	3.17110542713747	1.5275600230609
t13	11.2113640762705	0.179580110010161
t14	8.96776047238945	8.96776047238945
t15	7.32448540187339	0.141299354703751
t16	4.76315782094575	1.92848342780845
t17	7.01878214310521	6.72758159438435
t18	6.0471252522336	0.414409220969205
t20	7.61243777930183	2.14892761218816
t22	5.97484008302382	0.442220651013102
t23	2.63019068356029	1.80291425005269
t25	0.903984736563274	0.903984736563274
