taxon	fad	lad
t1	17.3411044541905	11.0973090142981
t3	10.3928301407434	1.3200310577998
t4	11.4791948103315	8.41628861502834
t5	7.82913908520086	4.77644715440112
t6	12.2184979502778	6.1089498890262
t7	8.44125851631383	3.06257173107041
t8	7.03851099030647	3.38319525574437
t11	7.40826344248564	2.43287241473418
t12	4.25406854429632	4.25406854429632
t15	7.62201415582977	1.36371170082269
t17	5.60181742988659	5.60181742988659
t18	3.98177992256436	1.23376781459699
t19	8.71453815972432	8.71453815972432
t21	4.64210814596271	1.79573088698239
t23	4.66234168192355	4.66234168192355
t25	2.44899965562123	2.44899965562123
t27	0.280126896751039	0.280126896751039
t30	7.8672135260937	2.1581179949053
t31	7.64740966822785	7.54837613931425
t33	0.604748843585742	0.604748843585742
t35	6.09860126571216	5.73073133071371
t36	7.9947359633367	5.69974185651002
t37	3.04304170006547	3.02288550933484
t39	5.38859234300149	3.29730263554198
t40	3.61186967356048	3.61186967356048
t42	0.694062357682316	0.694062357682316
t43	5.15165876164932	1.63170904264996
t44	0.605944057488326	0.605944057488326
t45	2.26012286794051	0.0266095971252938
t47	0.334783541432589	0.334783541432589
