taxon	max_age	min_age
t1	19.6449035856252	3.16111957284975
t4	9.27839374796479	9.27839374796479
t6	5.01506432609968	5.01506432609968
t7	0.711314602156339	0.274858529080806
t8	7.03910315345803	7.03910315345803
t9	6.80970878671968	6.80970878671968
t10	3.66094289466849	2.07341626405827
t11	0.962206520962305	0.962206520962305
t12	4.88308374164555	4.47277914581837
t15	6.83367138390509	0.331824977576332
t17	6.13555963489126	1.67246788526235
