taxon	max_age	min_age
t1	19.9684928481777	9.32601519100175
t2	10.16574011571	1.28009322791488
t3	10.2167404107185	3.98894528632372
t6	4.78550794716277	0.477530757992909
t7	7.94288919842831	3.45994304236427
t9	7.69551669931985	7.69551669931985
t10	0.694978762841949	0.694978762841949
t11	1.22123593502586	1.22123593502586
t14	7.50025764469277	3.84950296343962
t18	3.84746211963361	0.606244163826716
t20	1.93170735410795	1.32556064506997
t21	7.3160022186732	5.43945884642459
t22	7.72256681487415	0.0256605569660344
t23	5.16127381421787	4.2031608858224
t25	0.257157380025767	0.257157380025767
t26	5.01030860807587	0.610638383749521
t27	6.05762971988503	1.98837476516702
t30	6.78699627433557	5.74241574850705
t32	3.41420682274958	3.41420682274958
t33	6.50904685285893	1.27327953303298
t34	4.92277728610523	0.756676252722144
t35	4.58691316682616	2.73768449693689
t37	5.60034509584717	5.60034509584717
t39	1.74490314001058	1.74490314001058
t40	5.31905636833789	5.31905636833789
t41	2.37588424329787	0.574447671893534
t42	3.80839224545314	0.97026997198908
t43	3.20986209543346	3.20986209543346
t44	2.24983681959996	2.24983681959996
t50	2.73277932322208	2.27061614614658
t52	6.09930201848623	5.24649257565813
