taxon	max_age	min_age
t1	14.1653016212403	5.60508670916568
t5	11.0293731535209	7.73546981785311
t6	10.3506126953087	10.3506126953087
t9	10.0820637095657	4.17261671323942
t11	4.00542899464796	0.849885416988823
t12	4.38785445844724	2.74739587195097
t13	6.40368405358641	6.40368405358641
t18	7.38453403352154	7.38453403352154
t19	3.91082416672698	2.8434560953973
t22	1.80608527312806	1.80608527312806
t24	0.25743488975716	0.25743488975716
