taxon	max_age	min_age
t1	16.9857466160168	16.9857466160168
t2	17.2665272405103	1.78660234447874
t3	12.6625401556075	9.22707280905819
t4	8.91968526335903	7.32910971236575
t5	8.13551042044713	8.13551042044713
t6	5.40248620415353	0.712620030271626
t7	6.24251371323469	6.24251371323469
t8	8.64131219880298	1.07219398606669
t9	8.42671032912239	3.12159012779147
t10	7.75325187686074	7.75325187686074
t11	2.29596631773306	2.29596631773306
t12	0.0712879253803891	0.0712879253803891
t13	5.47758491852058	5.47758491852058
t14	5.71646045241163	5.71646045241163
t15	2.02530197167432	2.02530197167432
t16	8.51641137045681	8.51641137045681
t17	7.11212879371207	0.507369197816406
t18	6.82213472893403	6.82213472893403
t21	0.922995101875145	0.922995101875145
t25	3.5026748761095	3.5026748761095
t26	5.86006111111093	0.865870558668615
t27	4.1307926990038	4.1307926990038
