taxon	fad	lad
t1	19.4245123048316	16.0200021068107
t2	11.1651562004004	8.82536442379758
t4	8.5165381119685	5.19831425975474
t6	5.78175472738618	5.78175472738618
t7	7.33915411228887	1.5946709131479
t8	10.7294314107529	4.24072688175251
t9	5.46517676299447	5.46517676299447
t11	3.73611535807168	2.78218171024948
t14	3.57251558032105	1.65967129123577
t16	1.95720572700193	0.866698166902765
t17	4.12297572204824	4.12297572204824
t20	4.36770775052737	1.31703862307301
t21	3.24961939247434	3.24961939247434
t22	1.83823769403358	0.0871083353371347
t23	1.15906232588718	1.15906232588718
t26	0.169661914265436	0.169661914265436
