taxon	fad	lad
t1	15.5455223751723	2.92200708196942
t2	9.1773775294864	6.71187312936473
t3	3.36574917822541	0.401659135389249
t4	7.94508651443479	1.08076647081792
t5	7.71611758642995	6.23392404192293
t6	5.25156124734054	4.55657161235233
t9	6.82807956729579	6.82807956729579
t10	3.98428715485198	0.748552342995495
t12	3.33283054244489	3.33283054244489
t14	4.93272674926452	4.93272674926452
t15	2.81216778552476	2.81216778552476
t16	5.7059474420032	5.7059474420032
t17	1.41752726825541	0.784369760860557
