taxon	max_age	min_age
t1	18.3047063477958	2.90571074284926
t3	9.4481033906974	9.4481033906974
t4	6.42460863648848	6.42460863648848
t5	6.5695428316005	5.51275149718751
t6	2.2399932154768	2.13018671851638
t9	7.45537627323166	7.45537627323166
t10	3.83718583775299	0.892416080318888
t11	5.50058548994906	5.50058548994906
t13	5.08054181273554	5.08054181273554
t14	4.7338013113077	1.36807939466786
t15	3.12452907167192	3.12452907167192
t16	2.99144688896862	2.99144688896862
t17	1.09721547450258	0.689076146340707
t18	5.37658789216013	1.40594907139865
t19	5.78070003348709	3.39009348436909
t21	0.253697258751071	0.253697258751071
