taxon	fad	lad
t1	19.7802566271275	15.9886981431452
t2	10.6194230974197	0.0984336049908627
t3	10.511317561745	10.511317561745
t4	12.5095463234374	4.99405666250763
t7	9.35359169423038	1.49093308187734
t8	9.91007454052161	2.27272993596274
t9	8.8883754912678	5.45984945092803
t11	10.1306722503596	5.18764894930843
t12	4.05291263367958	4.05291263367958
t13	3.87092022552971	3.87092022552971
t14	6.11716848269165	1.43573166442818
t15	5.78202254457395	5.78202254457395
t16	5.38201100447282	3.93708349770312
t17	10.2448809695144	2.67618639938226
t18	7.97328362180745	7.48089705380839
t19	2.80816246159254	0.0291934984413658
t20	4.63254001019938	2.53891756786449
t21	2.25280280689644	0.726922131133549
t22	3.54362810653105	0.656305020691494
t23	11.0815305751185	6.75554867102733
t24	9.06251349430069	8.28594194513594
t25	8.61545445342033	8.61545445342033
t28	5.55385448600794	1.98171042778537
t30	3.95513800793279	3.65466364940272
t31	6.45724588402408	5.04491590912936
t33	1.98710581234393	1.98710581234393
t34	5.09374734192935	1.32541835898147
t35	4.91958486552987	4.91958486552987
t36	6.92963477987542	6.55094216123993
t37	7.72467501909814	6.40131570847115
t39	0.979286318515125	0.101354615021268
t41	9.05712286014054	9.05712286014054
t42	8.01007409669843	8.01007409669843
t43	5.56177884891209	1.67957895845098
t44	9.69588315880123	0.0336085369607275
t46	4.98604031950944	4.98604031950944
t47	6.39608615332192	0.953574959124765
t48	3.58835323155563	2.2756614728584
t49	1.34136238980783	0.855734539911087
t52	7.2671378755157	2.09113240043266
t56	7.84733633071683	2.6716598463428
t57	6.99668569551599	1.10655395234165
t58	0.935726408937313	0.935726408937313
t59	3.94170619234856	0.183305232998979
t60	5.53597484054015	3.38277393515019
t61	3.15687164169979	3.15687164169979
t64	6.86331580578094	1.20792187628576
t65	7.20954340748095	7.20954340748095
t66	2.03904763361032	2.03904763361032
t67	0.682979324657655	0.682979324657655
t69	3.94298089802196	3.94298089802196
t70	3.72664999480787	0.956906991938236
t71	0.989631473395001	0.989631473395001
