taxon	min_age	max_age	status
t1	8.77302825466419	10	extinct
t3	3.41655891489548	5.29799364437349	extant
t4	0	1.67937765611957	extant
t14	0	1.67937765611957	extinct
t18	0	1.67937765611957	extant
t19	0	1.67937765611957	extant
t21	0	1.67937765611957	extant
t25	0	1.67937765611957	extant
t26	0	1.67937765611957	extant
t27	0	1.67937765611957	extant
t28	0	1.67937765611957	extant
t29	0	1.67937765611957	extinct
t30	0	1.67937765611957	extant
