taxon	first_age	last_age
t1	8.42373431970676	6.77188419426481
t2	9.19518735691052	4.31031234837523
t3	6.38071479391585	6.38071479391585
t4	2.97333737337204	0
t6	5.0042582663745	0
t7	2.07489920849729	0
t9	3.7555358157413	0
t10	1.20152448975653	0
t11	2.49128356484521	0
t12	1.84030798802435	0
t17	0.662346724526811	0
