taxon	first_age	last_age
t1	8.44042357833435	8.44042357833435
t2	8.09846299625041	3.99549752866517
t3	9.18211100675793	0
t6	7.3408321362416	0
t7	4.28670835376904	4.28670835376904
t8	2.85523687245779	0
t9	6.54042461493038	0
t11	3.64392192241255	0
t12	1.29403783662039	0.307235750256616
t15	0.110554957765398	0
t17	1.70994837571723	0
t18	1.02767545987355	0
t22	0.270993568490756	0
