taxon	first_age	last_age
t1	6.41420879104829	0
t2	4.92506297514621	4.05837991639508
t3	6.6406089117325	3.71065369078082
t4	5.99738103395825	0
t6	5.56334574655708	0
t7	7.18439588905643	0
t9	5.35240293890375	0
t10	3.10211505441631	0
t11	4.75715264962954	4.75715264962954
t12	0.120632126676689	0
t13	6.36548110761981	6.36548110761981
t15	7.45308253183278	4.37987262117925
t16	4.09949709701396	0
t17	3.26791245512253	0
t21	4.4131598979374	2.93122569572332
t22	4.86894861693269	0
t26	2.39594187133043	0
