taxon	first_age	last_age
t2	6.77238713383633	0
t3	8.44310267532545	3.65951384328594
t4	0.141639339544192	0
t5	8.68103104648295	8.68103104648295
t6	5.70429679716239	2.99754856186382
t7	2.67402131251506	0
t11	7.28594810030557	7.28594810030557
t13	3.93070001105282	2.80368042439037
t16	7.65388032501	6.27523859234885
t17	6.21187886276139	0
t18	3.18599641325158	0
t19	3.399515214004	0
t20	1.51995151309347	0
t21	1.82591261884759	0
t22	2.72991172816113	0
t23	2.96734431263656	1.98868239734918
