taxon	first_age	last_age
t1	7.4104857973913	5.36415681685567
t2	9.13911449165466	0
t3	7.33400763239326	0.215035078801749
t4	3.88669944110705	0
t6	7.24705965445603	5.05810477291887
t8	7.42020317389166	6.42994988548738
t9	3.89111018422487	0
t12	2.32150267944302	0
t13	3.97468351052943	0
t14	2.34278899758423	0
t18	2.8965215941129	0
