taxon	first_age	last_age
t1	3.99285299733391	0
t2	3.89710256448552	0
t3	2.07505428408407	0
t5	7.06203339022679	0
t6	4.04900473518099	0
t7	3.76444788858516	0
t8	3.05273340556638	0
t13	2.19798489034438	0
t15	1.37548703392325	0
t16	0.0675077273422282	0
t18	1.15436192640798	0
t20	0.690747406848203	0
t22	0.233049001746426	0
