taxon	first_age	last_age
t1	0.232234617936179	0
t2	4.83661022986538	0
t4	1.21926322524449	0
t5	4.6099603258053	0
t6	5.37616265003031	0
t7	2.35203350860345	0
t9	3.59822354845562	0
t10	4.4260991060348	4.4260991060348
t12	3.97638724234721	0
t13	4.96432093554726	0
t20	4.63799739662955	1.70157874286099
t21	2.94934650059497	0
t22	1.053760605237	0
t24	0.512846024628923	0.512846024628923
t26	1.3468402056331	0
t27	0.448208573138634	0
