taxon	first_age	last_age
t1	3.04384373862641	0
t3	4.97480689395629	0
t4	0.680030022268642	0
t5	3.72771754412574	0
t6	1.11468345853695	0
t8	3.02849981676127	0
t9	4.42091839444169	0
t10	1.47755381916305	0
t13	1.64160892723141	0
t14	0.160179255170251	0
t16	1.7661213594123	0
t17	2.21011100543666	0
t20	0.584991675442444	0
t21	0.0879869130641087	0
t22	1.28316016371447	0
t25	0.191626967275379	0
