taxon	first_age	last_age
t1	3.43447130078057	0
t4	8.7264767688449	0
t6	5.83707856718081	0
t7	2.35836832354869	0
t9	1.93711472307092	0
t11	4.89955412037498	0
t13	1.40786406286758	0
t14	3.27024621290364	2.62277519677589
t15	0.66090522901073	0
t16	0.52571346665413	0
t22	0.339454720441603	0
t24	0.202259128018397	0
t25	0.0614280058667411	0
