taxon	fad	lad
t1	8.64904510633399	8.64904510633399
t2	7.98606105490743	7.12110859218209
t3	4.3513042397716	2.762864563017
t4	2.55897229837749	2.55897229837749
t5	6.27454438382492	6.27454438382492
t8	3.76718940189205	3.76718940189205
t9	1.21232453442522	1.21232453442522
t12	0.606084292703992	0.45240510715143
t13	0.310987868438392	0.310987868438392
t14	4.82514203705799	2.20300903760277
t16	2.7167789354274	0.577033098676628
t18	3.45911955552126	3.45911955552126
