taxon	fad	lad
t2	3.9300429637142	3.9300429637142
t3	6.7704285203017	6.7704285203017
t4	1.48068557666838	1.48068557666838
t6	1.71608293383483	1.71608293383483
t7	5.57151617883713	5.57151617883713
t8	1.61457711129068	1.61457711129068
t11	5.21148430045016	3.26325102950148
t12	0.349317226229996	0.349317226229996
t13	2.97939923991384	0.609739409289229
t14	0.192688449854272	0.192688449854272
t17	0.317659379040116	0.317659379040116
