taxon	fad	lad
t1	8.9868525415659	4.65959889697779
t2	3.8843744304864	2.00058876172587
t3	6.5667113219757	5.12605625717522
t6	3.7897363589851	3.14620310219924
t7	4.62804256108237	1.08498571866183
t8	2.98472881841087	2.98472881841087
t11	7.14018732381322	7.14018732381322
t12	5.8912736658196	5.8912736658196
t13	0.14067310445872	0.14067310445872
t14	3.72787652596329	3.72787652596329
t15	1.1998055531946	1.1998055531946
t16	1.78751691580114	1.78751691580114
