taxon	fad	lad
t1	9.61037450625251	1.73785410073342
t3	5.92343143951964	0.735236562982918
t5	1.01216840355337	1.01216840355337
t7	5.52900144536311	3.53743781817718
t8	4.50294927006698	2.80544327971325
t9	5.77802344902135	1.6671258295737
t10	4.10457278479	4.10457278479
t11	5.19255332500086	2.39484430466534
t12	0.162598377368621	0.162598377368621
t13	4.84700390599516	4.84700390599516
t16	3.90039371311526	1.24566820435087
t18	0.801844535826149	0.801844535826149
t21	2.0526829015714	2.0526829015714
