taxon	fad	lad
t1	8.32466048188508	3.90415598341918
t2	7.88051524025826	1.73643471724129
t3	9.45826041646084	5.4469881398507
t5	6.14221417689442	0.0433772063484898
t6	4.60858530404845	2.69382366624121
t8	8.13548770734653	2.0992233760961
t9	6.53035945595421	6.53035945595421
t10	8.14617584671154	6.43479962268794
t11	1.44532600741857	1.44532600741857
t14	3.3919287767625	3.3919287767625
t15	0.614405557396211	0.614405557396211
