taxon	first_age	last_age
t1	5.12085972837638	0
t2	9.32764335259349	5.00444199176171
t3	8.73751326770565	0
t7	5.11856909190001	3.68679761819123
t11	2.32626977592392	0
t12	9.51136798416858	0
t15	2.60800721515403	0
t17	5.94107322708493	4.90198352407808
t21	3.99622369830247	0
t23	2.16716136001753	0
t27	0.474810649435078	0
