taxon	first_age	last_age
t1	27.9275956967225	2.77716862079059
t3	23.4766988320154	22.5089247225939
t6	11.7963611522168	0
t7	10.0227568903142	8.75362582652007
t9	10.3783638944476	10.2592182204375
t10	12.8173782155265	12.8173782155265
t11	10.7364393086892	10.7364393086892
t13	0.215938839073395	0
t15	9.49643724908423	0
t16	13.4300192100359	13.4300192100359
t18	5.33942637141869	0
