taxon	fad	lad
t2	22.9061790509149	18.7979576317593
t7	0.77329540234792	0.77329540234792
t10	2.90501606938681	2.90501606938681
t11	11.770720310138	11.770720310138
t17	1.38777654514444	1.38777654514444
t18	3.67577156910625	3.67577156910625
t19	2.24340973223515	2.24340973223515
t20	2.27654246835402	2.27654246835402
t27	3.22026630876474	3.22026630876474
t31	1.1583814063926	1.1583814063926
t32	0.708586534039128	0.708586534039128
