taxon	max_age	min_age
t1	28.5579685256986	21.3267816380626
t2	24.4105445108892	24.4105445108892
t3	24.6108381772126	16.8968450207998
t4	19.7367091365034	0
t6	23.7944227228632	23.7944227228632
t7	12.958086401859	12.958086401859
t8	4.93671593653389	4.93671593653389
t9	0.37168779289863	0
t10	1.42764517795227	0
t11	0.916820468990778	0
t14	1.39215871773698	0
t19	3.51673358056217	3.51673358056217
t22	0.388096167334677	0
t23	3.3118141122716	0
t24	2.1272124581595	0
