taxon	max_age	min_age
t1	28.5242504614871	24.2601386540223
t2	23.9970779088896	0.374110003400663
t3	13.9548549408952	6.13894011877188
t4	9.40090532466521	7.10928513289969
t5	0.0357134803498624	0.0357134803498624
t6	3.19334500464531	0.452474646688572
t7	0.297540262669756	0.297540262669756
t10	10.2014521151839	3.89621673776391
t11	9.69816875955265	7.00599799301951
t12	7.6369279657444	7.5985686375713
t13	5.37632363014931	2.28366017090233
t14	2.57548154772402	2.30479118482961
t15	3.46444474319769	2.67070434725003
t16	0.187819603403298	0.187819603403298
t20	12.4135234978416	12.4135234978416
t21	4.66501415584253	2.9456327224562
t22	2.77181961017556	0.123009295354326
t23	4.75047673848719	0.0852005067280892
t28	1.36984054919503	1.36984054919503
t29	0.00505970126323874	0.00505970126323874
t33	1.21654330734862	1.21654330734862
t34	5.54265050725329	5.14615259524684
t36	1.93052145427096	1.90123174812648
t37	1.36847377857993	1.36847377857993
t38	0.0162895135126853	0.0162895135126853
t42	10.1866790776468	10.1866790776468
t43	0.369748210087288	0.369748210087288
t44	7.28486774232058	0.433994379046741
t46	4.25500761086284	1.40911327181623
t47	0.306458547729605	0.306458547729605
t50	3.33905358477969	1.04092709409804
t53	0.087276164643491	0.087276164643491
t55	2.56052232841503	2.56052232841503
t56	1.10552222587985	1.10552222587985
t62	0.397535030663601	0.397535030663601
t67	0.544059218208147	0.544059218208147
t68	0.442148870566825	0.442148870566825
