taxon	max_age	min_age
t1	7.89743560521553	5.76971228855352
t2	5.89541809181716	5.89541809181716
t3	6.80563994419126	6.80563994419126
t4	5.16401422598419	0
t5	5.93872633735809	5.51286435193542
t6	3.92512125597989	0
t8	3.93756581184535	3.93756581184535
t9	4.0870432809651	0
t13	3.12575016019628	0
t14	1.8115569589011	0
t17	0.494793008333456	0.494793008333456
