taxon	max_age	min_age
t1	7.2142712171059	4.76267971902713
t2	2.64445622169169	0.0516534073133048
t7	3.93203876616156	1.62479269642727
t8	3.51475047113508	3.51475047113508
t9	1.37692036445629	1.15323481405514
t10	0.74396513416465	0.74396513416465
t11	0.525932645755708	0.525932645755708
t12	0.660265415616532	0.660265415616532
t13	1.15305811091106	1.15305811091106
t14	2.92971711766372	0.952481279824177
t15	2.9075055353502	2.9075055353502
t17	2.131641566873	1.76115347146532
