taxon	max_age	min_age
t1	7.7593140831838	0
t2	6.76850125814478	6.76850125814478
t3	5.18902679550066	5.18902679550066
t4	6.50137823145523	0
t5	5.54272949900312	0
t6	3.18930599861909	0.947440425168166
t10	5.00728288017608	4.38336443982658
t12	0.013855935201331	0
t14	3.62249186739369	2.47912667392486
t15	2.20569255928242	0
t21	4.46938708931687	0
t23	2.39733279042778	0
t25	0.601249811712288	0
t26	4.5286781381307	0
t27	3.45776182422013	3.45776182422013
t28	0.324814761907525	0
