taxon	max_age	min_age
t2	6.15776459531238	0
t3	6.27861500252038	0
t4	2.40267474528746	2.40267474528746
t5	4.83070774597776	4.83070774597776
t6	0.495483621257906	0
t9	1.94593793535746	1.94593793535746
t10	1.1640504935294	1.1640504935294
t11	0.259695077970768	0.259695077970768
t13	1.95279517535464	0
t14	1.50470058182644	0
t15	1.75115289216948	1.75115289216948
t16	1.59856186858732	1.59856186858732
t17	1.76887459025315	1.76887459025315
t20	0.229513327847794	0
