taxon	max_age	min_age
t1	5.01641397082003	0
t3	5.38665574172047	4.467544556925
t4	3.35574683861343	0
t5	4.26109818390073	0
t6	1.75586364501279	0
t7	0.573927806278682	0
t9	6.26947609877887	6.26947609877887
t11	3.33441600544914	3.33441600544914
t12	3.12745565040802	0
t13	3.63523872867262	0
t15	0.951592619119204	0
t17	2.70759005285714	0
t20	1.30755983044277	1.30755983044277
t21	3.44233039862222	0
