taxon	fad	lad
t1	6.36673462901608	6.36673462901608
t2	4.74735916255456	2.40872246511417
t4	7.69929721067129	5.3034871112827
t6	6.444401707349	1.07310756946727
t7	3.17458332422002	3.17458332422002
t12	4.33955024988824	4.33955024988824
t13	0.741428249334	0.741428249334
t14	4.31941576404148	2.02825862162827
t15	4.30198393381603	4.30198393381603
t17	1.28693146346638	0.662437412216063
t19	1.05879311113683	0.0358656013517926
t22	3.08202019780378	0.658937418471742
t23	3.26800492305062	3.26800492305062
t24	1.53108203030876	1.53108203030876
t27	4.33264862291211	3.39160085821841
t29	2.58180265672284	2.58180265672284
t30	0.239472947072228	0.239472947072228
t32	0.95155332752412	0.209233057179466
t33	2.84045925842496	2.84045925842496
t44	0.655315296737069	0.655315296737069
t46	0.400250942351853	0.400250942351853
