taxon	max_age	min_age
t1	5.37198856500975	4.08773830033284
t4	6.47808518876362	3.85534136663792
t5	5.57951756333934	0
t6	3.76763531845954	0
t8	3.29354104804146	2.88549160492567
t9	2.31406700394697	1.20644642351085
t10	5.39499582940983	0
t14	4.22729290929583	3.45612376525648
t15	0.287505701022775	0
t20	2.82011667019027	0
t27	0.370036521082726	0
t33	1.27313066957789	0
t34	0.479070543950442	0
