taxon	max_age	min_age
t1	6.66959978108702	6.66959978108702
t2	7.45317335254912	7.45317335254912
t3	5.90107119161948	5.90107119161948
t5	4.57192840859106	4.57192840859106
t6	1.09351941737192	1.09351941737192
t7	4.07536489149207	4.07536489149207
t9	4.31494368773923	0.710588031507783
t13	4.56187758010153	4.56187758010153
t14	2.83882695628678	2.83882695628678
t15	2.90250739150718	0.927138364933185
t22	3.58222686287985	3.58222686287985
t25	1.83745937024281	1.83745937024281
