taxon	max_age	min_age
t2	6.11888417988117	6.11888417988117
t3	5.44112908047036	5.44112908047036
t4	2.71339802919102	0
t6	6.23487090392004	5.10887676239601
t7	5.62438084843597	5.62438084843597
t8	5.00962642825367	5.00962642825367
t9	4.80110959639129	0
t10	0.152855595367219	0
t14	5.23737728701462	5.23737728701462
t16	1.78393566635028	0
t17	1.76688137428737	1.76688137428737
t20	1.7116747520077	0
