taxon	max_age	min_age
t1	7.17864029461982	5.37545177817188
t3	5.76945666699999	0
t4	5.31637066414286	1.20351166071222
t5	1.08516575701308	1.08516575701308
t7	3.70196379806249	3.70196379806249
t8	1.06667208869681	0
t9	2.07260619778831	2.07260619778831
t13	2.87159001578406	0
t15	2.2894246848432	0
t17	2.32032901607909	0
t18	2.7978786403886	0
