taxon	max_age	min_age
t1	7.13126650929946	0
t3	1.04551962463595	0
t6	3.21811724824104	2.78433996027093
t8	5.35176363202893	5.35176363202893
t9	0.168234259671523	0
t10	0.165247832585427	0
t12	4.56645311061753	4.56645311061753
t13	3.53973222097816	3.53973222097816
t14	1.63934938351646	1.63934938351646
t18	0.945006212315619	0
t22	0.274590325872694	0
