taxon	fad	lad
t1	8.11175839820256	1.88825615244053
t2	3.34387012888804	3.34387012888804
t3	5.13656664349403	5.03907805794493
t4	1.00694411893732	1.00694411893732
t5	1.23430172711557	1.23430172711557
t7	5.00157996713627	2.78934912302354
t8	6.14948525854625	2.77938821507269
t9	3.97555107194796	0.308881295541198
t10	2.34754672267831	1.70218748810437
t11	1.5572136093643	1.5572136093643
t15	1.0830785247792	1.0830785247792
t21	1.53803400092761	1.53803400092761
t22	0.620209463509905	0.620209463509905
