taxon	fad	lad
t1	8.73330787691976	3.42754506071737
t2	8.68156045054396	6.90392488924166
t3	2.91564175641482	0.119589142808762
t4	4.14824685251063	4.14824685251063
t6	4.26056196941105	4.26056196941105
t9	4.90772160918307	4.90772160918307
t10	3.5212278667171	2.72476608150494
t13	4.00238306537542	4.00238306537542
t14	1.216634058359	1.216634058359
t15	2.07846416306083	2.06861974972322
t16	3.30909998587774	3.30909998587774
t17	3.5628819497201	3.5628819497201
t21	2.72480680976088	2.72480680976088
t24	2.94202891539003	1.89643325644698
t27	1.9234984317398	1.9234984317398
