taxon	fad	lad
t1	7.01136787125564	7.01136787125564
t4	5.30229150226311	5.30229150226311
t6	5.37996090114545	2.5488509060918
t9	5.0533075637057	2.92900013956523
t11	1.33230160378855	1.33230160378855
t12	0.833005016517559	0.833005016517559
t13	0.451557387807165	0.451557387807165
t15	1.34962644971601	1.34962644971601
t18	0.979690659215649	0.979690659215649
t21	0.755879436992617	0.755879436992617
t22	0.461033094522277	0.461033094522277
t23	1.22611206700371	1.22611206700371
t27	0.138356615379461	0.138356615379461
