taxon	max_age	min_age
t1	2.52266839809505	0
t2	6.4749420863747	0
t3	7.47992437876689	7.23555328092155
t4	6.73224572564513	0
t5	1.29674227127478	0
t6	2.59672592569835	1.2317596284866
t9	1.12964918850954	0
t11	5.64915110212161	5.64915110212161
t16	0.0413295445775486	0
t18	1.12973637589015	0
t23	1.23359106270856	0
