taxon	max_age	min_age
t1	7.68740757072067	7.68740757072067
t2	8.31646371632814	3.11308586983975
t3	3.98028093418173	3.98028093418173
t5	4.58999694014589	2.22968116415006
t6	7.69980120006949	1.110533879589
t9	6.50681138472405	6.50681138472405
t10	5.44149995128708	5.44149995128708
t11	0.404019515612113	0.404019515612113
t14	4.19034757665773	3.66446505233755
t15	3.47033192873982	3.47033192873982
t17	2.76980969447986	2.76980969447986
t18	4.18106554270218	4.18106554270218
t20	2.70101227994028	1.75292079976124
t21	2.27732455243929	2.27732455243929
t22	2.18216417060888	2.18216417060888
t26	0.679864045644933	0.679864045644933
t27	3.06473064358595	2.0864370238238
t33	2.3270297092838	0.420248766876847
t35	2.72110278277839	1.19269914484764
