taxon	max_age	min_age
t1	2.2184160666395	0
t2	5.10845642808663	5.10845642808663
t3	3.59204398851819	3.59204398851819
t7	1.36866903425167	0
t9	6.14159372436288	0
t10	4.7945978483834	2.24968549387539
t11	3.35379865368159	3.35379865368159
t12	5.05760095424396	0
t14	4.91057844549556	0
t15	2.71978686435908	0
t16	2.36387713139982	0
t17	6.10109376049039	6.10109376049039
t19	5.58520728657858	1.41665201273374
t30	1.25187861032568	0
t34	0.760020237525273	0
t35	3.94140922865735	3.94140922865735
