taxon	fad	lad
t2	7.94840023883041	7.94840023883041
t3	8.06997840325146	7.69482388503958
t5	6.24187640464017	2.621658653239
t7	3.86726243417997	3.86726243417997
t11	3.52974718475704	3.22527491112975
t12	0.432123422435813	0.432123422435813
t14	0.78935178517057	0.78935178517057
t16	2.86625016678441	2.12436430198767
t17	2.6404297019386	2.6404297019386
t18	3.0012431268472	2.41624633249675
t19	0.442694514961905	0.184930947274484
t21	1.53768934797999	1.53768934797999
t22	0.177532974251232	0.177532974251232
