taxon	fad	lad
t1	8.85581910144538	1.98662833183449
t3	6.59172940688829	6.59172940688829
t6	3.54640101826273	3.54640101826273
t10	3.44230388926065	3.44230388926065
t11	2.82613214011712	2.82613214011712
t13	2.539746863386	0.187816635358514
t15	4.38605508152283	3.59414168018736
t17	2.09908012457561	2.09908012457561
t18	3.46179486934814	3.46179486934814
t20	1.73394725717905	0.287312131840347
t22	2.75535823714939	2.75535823714939
t26	4.47905892420357	4.47905892420357
t27	1.34027417197621	1.34027417197621
t28	0.141575541962919	0.141575541962919
t29	4.36066464411673	2.84386482934217
t30	1.80937492644993	0.650555074363524
t32	3.33055849335165	1.28479956642112
t34	0.554800586847424	0.22546014196968
t36	2.75959806331251	1.0321480183814
t38	1.08628351835752	0.539794675741046
t40	2.06869879405178	1.19404635370252
t42	1.05184350165856	0.558408928134288
