taxon	first_age	last_age
t2	11.9811877643544	0
t3	11.6657652200644	11.6657652200644
t5	5.81424930202566	0
t6	5.21537163054052	5.21537163054052
t8	2.84041534868481	2.84041534868481
t9	0.707866622474366	0
t10	1.16025524607995	0
t12	3.74823637899336	0
t13	2.08950427134036	0
t19	0.937587763879225	0
t20	1.69497130818767	0
t24	1.13747981268211	0
t25	1.24811444454058	0
t27	0.51681539706199	0
