taxon	first_age	last_age
t1	16.3806457725823	1.70707055391217
t3	10.2790858141462	6.12109848558952
t4	6.25003360234132	0
t5	6.62739826096053	0
t6	2.80635088432804	0
t8	1.6890584199903	0
t11	5.04368291206856	0
t12	4.38364644194841	3.36221039921809
t13	1.69669962409384	0
t16	0.160905469547515	0
t18	1.49332175001633	0
t20	2.41554155187116	0
t21	3.00092615778446	0
t23	1.64942482545418	0
t27	1.49261132888696	0
t34	0.45587876135767	0
t43	1.28388036924099	0
