taxon	fad	lad
t1	8.70440599198143	0.357577794962006
t3	7.13320011428247	5.58877435402117
t6	5.05734152626246	2.12062840815634
t7	6.73719951181906	5.0323512805086
t8	2.23512809582398	1.42509815849605
t9	2.94423496938897	0.850907362050341
t10	1.63841645011945	0.853081932369143
t11	1.4852741136739	1.4852741136739
t12	0.86494841796102	0.86494841796102
t13	0.881066617298583	0.881066617298583
t20	0.219235266453349	0.219235266453349
t21	0.173549272081306	0.173549272081306
