taxon	first_age	last_age
t1	9.99886072203107	6.22495541635834
t2	8.49471142730688	0
t3	6.70193801995011	0
t4	1.61859838635662	0
t5	4.742728939502	0
t6	6.10370979501775	0
t8	5.94374990096388	0
t10	5.67472421898633	3.04866065295229
t11	4.04539139105389	3.97343499871103
t15	4.03836348407046	0
t16	4.2632884021504	4.2632884021504
t17	0.957374966283632	0
t18	5.29688548123046	0
