taxon	first_age	last_age
t1	8.98546611890197	0
t2	7.05795603033235	3.48340338779639
t3	7.90106653452987	4.04342008848463
t4	6.65050753985656	0
t5	2.42718260042748	0
t6	5.01826841467991	0
t7	6.46013239752504	5.01323322343333
t8	5.4801084888946	5.02786512935421
t9	1.93257505471881	0
t10	5.0156830927828	0
t11	4.80542359850683	0
t12	3.85223264633547	3.85223264633547
t13	6.68538563492598	6.68538563492598
