taxon	first_age	last_age
t1	7.50433065632081	0
t2	6.83760300047223	1.78330083435673
t3	1.40643818330905	0
t4	7.39306242579412	0
t5	6.12859900093344	0
t8	5.74127963469782	0
t9	6.19577114260196	5.03064463463529
t10	5.2017537694929	5.2017537694929
t11	5.42062704478765	5.42062704478765
t12	3.8737132588336	3.8737132588336
t14	4.46793457033642	0
