taxon	max_age	min_age
t1	26.9792631921827	23.0696693464875
t2	23.1883765977193	20.9883782673944
t4	23.6517895607979	1.56839722988539
t6	18.4793882354169	18.4793882354169
t7	18.7108082915613	1.98072623483731
t8	15.6575359012754	15.6575359012754
t9	14.1412648649867	14.1412648649867
t11	2.50532145635135	0.999725059289091
t13	2.16695749192126	1.62957572754826
t18	8.02078190722511	8.02078190722511
t19	8.57323576101505	8.57323576101505
t21	4.5031059890086	3.18242281037138
t24	2.0538017062927	2.0538017062927
t26	1.81866789556296	1.81866789556296
t27	0.700519143573871	0.700519143573871
t28	1.77723780900521	1.77723780900521
t31	8.87461934066663	2.72844939108476
t32	1.59027941043292	1.59027941043292
t33	7.28574478826771	5.70166729048512
t34	1.08812972618031	0.402532131663339
t35	5.00176218720463	0.846801463129946
t36	1.13964761896632	1.13689429881624
t42	0.219069045410173	0.219069045410173
t44	0.0639820617115952	0.0639820617115952
t46	6.40529021773185	3.03209038014292
t47	5.96370714248166	3.14167622953695
t49	5.4717137322793	4.25607108759622
t50	0.304270412923049	0.304270412923049
t51	0.381576322479695	0.381576322479695
t52	5.81163468643137	5.81163468643137
t58	0.587850092091077	0.587850092091077
t61	0.848348841518309	0.848348841518309
t63	2.30396669567102	2.1330163241822
t64	1.1860063987899	0.347035890984355
t65	2.78781424174409	1.20991755485237
t66	0.49818363364972	0.49818363364972
t67	0.157961257250978	0.157961257250978
t71	2.06597161258812	1.12723174454144
t72	0.130252274031989	0.130252274031989
