taxon	max_age	min_age
t1	21.7280718129604	21.7280718129604
t2	24.4617559626185	17.8538228563768
t3	9.31057479647222	0.149344770774185
t6	20.3456685433019	20.3456685433019
t10	2.67614866610453	1.14404994687523
t11	1.75782458705044	1.75782458705044
t13	19.1073850610617	17.0179273574133
t14	20.1237341483578	18.4368809841718
t16	1.65918446170472	1.65918446170472
t21	15.2281853507299	13.6324161313614
t22	15.1209552521469	2.41903009473669
t24	1.24712130213614	1.24712130213614
t26	16.0732161900993	13.4353236540412
t29	0.607380647852207	0.607380647852207
t31	13.3620442303272	13.3620442303272
t32	3.91591946565668	3.42489116020312
t34	14.1636597493282	0.097588539125212
t35	13.0336544892269	5.97301358072332
t38	6.69161877020623	6.69161877020623
t39	3.7104164619367	3.7104164619367
t40	2.91604313217529	2.33924016071608
t41	10.3180331229904	4.8671131904559
t42	1.61972130077419	1.61972130077419
t43	1.38913945630372	1.38913945630372
t45	5.57888883092456	1.72437128537351
t47	4.646296535118	4.646296535118
t48	0.999869193521185	0.999869193521185
t53	4.15732493182496	2.36680597090946
t54	1.623400551408	0.252621728757489
t55	3.9788139778868	3.9788139778868
t56	5.08896394585183	4.18955181168834
t57	3.30288155238546	0.218087432558217
t60	3.03193304192068	3.03193304192068
t62	0.676088789058774	0.506980850695754
t63	1.17764122458951	1.17764122458951
t65	8.96557770291377	2.48105984164908
t67	7.32924867774652	7.32924867774652
t68	3.71270711258591	1.50107911202353
t69	2.15689794041587	1.39021872113519
t70	1.3729376877153	1.21390225090624
t71	1.30502120668043	1.30502120668043
t72	4.05063514592701	4.05063514592701
t74	1.95378167731272	1.57965106134819
t79	0.607403443620125	0.607403443620125
t80	1.0754009578572	1.0754009578572
t81	0.883324170770308	0.883324170770308
t82	0.712590307031711	0.712590307031711
t83	0.803162068085506	0.803162068085506
t85	2.81305326466851	2.81305326466851
t87	6.85290535676234	0.273080532961337
t88	3.68247975114211	0.231195852504037
t93	1.88890379687286	1.88890379687286
t95	1.33099688364001	0.118802363384084
t96	0.22638327444724	0.22638327444724
t101	1.03347925410632	1.03347925410632
t103	1.97127788253706	1.97127788253706
t106	4.49872418169249	4.49872418169249
t112	0.291363957993326	0.291363957993326
t119	0.701795413782932	0.701795413782932
