taxon	max_age	min_age
t1	26.3774291582564	25.2659265030955
t2	21.6972427492037	0
t10	8.00604354686553	8.00604354686553
t11	3.63938399020658	0
t12	2.50998687269003	0
t13	2.64811579285752	2.64811579285752
t16	2.11584361084011	0
t19	4.11473979488133	0
t21	1.07383177389704	0
t22	0.240947794830653	0
t23	1.09899711553551	0
t24	1.36913481206476	1.36913481206476
t30	0.502055092015787	0
