taxon	max_age	min_age
t3	14.052807656936	5.53713999410544
t4	15.4615690869325	0.390073937102894
t5	11.0804125237753	11.0804125237753
t6	8.80343434296767	3.65748536689606
t8	6.18964941549481	2.64106805434507
t9	6.30351321940363	0.828882544715533
t12	0.738423545710198	0.405726681018326
t15	2.05833371959758	2.05833371959758
t18	13.9978012500731	11.8478740975911
t19	1.89317605632046	1.45088868234306
t21	3.13917367833491	1.38371300997968
t22	2.50661670036412	2.30739463804958
t25	2.3232143638475	2.3232143638475
t27	11.7983062208634	11.7983062208634
t28	12.7565511015268	1.63534854904049
t30	3.53680893768512	3.53680893768512
t31	1.57964706882827	1.57964706882827
t32	0.912256297060313	0.912256297060313
t35	13.6836084506957	13.6836084506957
t36	5.30894765426086	4.49690235074148
t42	4.07118074915161	4.07118074915161
t44	3.6226989508996	3.6226989508996
t48	0.0937893550964617	0.0937893550964617
t51	0.775241693227077	0.775241693227077
t52	1.64951252703381	1.64951252703381
t53	0.751242860947333	0.751242860947333
t54	0.139802532087714	0.139802532087714
t55	0.512067663402036	0.512067663402036
t56	2.25885456934942	2.25885456934942
t58	3.32136382912211	1.9637379814486
