taxon	fad	lad
t2	15.4997014726873	15.4997014726873
t3	7.35767039636588	3.1275966408989
t4	10.5448211829764	8.82282890916138
t5	13.1401181434007	8.40517661490767
t6	7.70065525083252	2.43543903345623
t8	1.15893637096292	1.15893637096292
t9	2.12392962779837	2.12392962779837
t14	10.8671531030167	7.5705911169488
t15	7.19448977360804	6.61102655709713
t16	4.27970047020156	0.476342522209492
t17	4.28027242279149	2.8706595070024
t18	5.36106278687016	5.36106278687016
t20	1.03768603219336	1.03768603219336
t21	0.0876466161139753	0.0876466161139753
t25	1.3615489791968	1.16662304515688
t28	4.93703357882087	4.93703357882087
t29	5.41137134217696	2.29774926674934
t31	4.53148391826839	4.53148391826839
t32	0.162014822957577	0.162014822957577
t35	3.73337761081181	3.73337761081181
t36	1.28692454500145	0.929796614963777
t39	3.96225259356223	0.898344331661754
t40	3.21504647646907	1.09935669807904
t41	3.76568667690996	3.76568667690996
t44	0.129388405724871	0.129388405724871
t45	0.583898263235103	0.138749006825979
t47	2.07010380688643	2.07010380688643
t48	1.07290470869741	1.07290470869741
t50	2.63674339515969	2.63674339515969
t52	0.217489213123926	0.217489213123926
t54	0.284232857960074	0.284232857960074
t56	1.0245296484482	0.491586169352303
t64	0.182972300753541	0.182972300753541
t65	0.245220550808952	0.245220550808952
t66	0.39121243238408	0.39121243238408
t69	0.0278725706441989	0.0278725706441989
t83	0.70300718906109	0.163825494051817
t85	0.503851375169621	0.503851375169621
t92	0.55334028401478	0.55334028401478
t97	1.43215332142161	1.43215332142161
t104	0.168470354445169	0.168470354445169
t105	0.226737260974115	0.226737260974115
t107	0.374648563830689	0.374648563830689
t109	0.44128614560843	0.44128614560843
