taxon	fad	lad
t1	16.7491153194417	4.16678755572235
t2	19.685966680948	5.28669505663581
t4	7.86808498689608	7.34294380540338
t5	0.455924910961702	0.455924910961702
t7	15.3363776509196	15.3363776509196
t8	10.3861399669526	10.3861399669526
t9	13.8582580415911	13.2517283413317
t10	13.4185350498458	4.25952846196487
t13	1.57026878270264	0.574929873695929
t14	0.154598757846415	0.154598757846415
t15	1.7668295711278	1.7668295711278
t18	0.737068219556239	0.737068219556239
t20	2.18264649553242	2.18264649553242
t21	1.31159111700501	1.31159111700501
t22	13.8319365761878	4.06380419928812
t28	2.13017817587486	1.05737452085646
t29	0.789162180529729	0.789162180529729
t31	3.28487471691889	3.28487471691889
t34	0.0870276583724454	0.0870276583724454
t36	1.23136836303275	1.23136836303275
t37	0.07367676421865	0.07367676421865
t40	12.3414317506779	2.13166936847139
t41	2.94813486030277	2.94813486030277
t42	3.83405793635133	3.83405793635133
t46	0.609677918992201	0.609677918992201
t51	1.55333110015577	1.55333110015577
t58	0.456320419715805	0.456320419715805
t62	1.70458780398076	1.70458780398076
t63	0.18961626012716	0.18961626012716
t67	0.516353498834203	0.516353498834203
t70	0.831197602715442	0.831197602715442
t71	1.95556726410921	1.95556726410921
t72	0.665562907313944	0.27507436935419
t75	0.0668556895890369	0.0668556895890369
t79	1.19244694876772	1.19244694876772
t81	1.09888115066901	0.343308334932878
t83	0.135305899923772	0.135305899923772
t88	0.435478287115568	0.435478287115568
t89	1.84207814154473	1.84207814154473
t91	0.726107005383305	0.726107005383305
