taxon	fad	lad
t1	14.7901006356199	14.7901006356199
t2	16.5842196920207	16.5842196920207
t3	7.53481609568354	7.53481609568354
t4	10.1294926422892	2.50301461936309
t5	12.2226041665644	11.8087249638856
t7	12.2776890521872	0.187369250219959
t9	11.8028696106405	11.8028696106405
t10	0.761160758285044	0.400125987383909
t11	0.539964805235645	0.539964805235645
t12	0.873664866662644	0.873664866662644
t13	5.21144139513352	2.77797402746954
t15	4.41891950622899	4.41891950622899
t16	4.31725331556276	3.47244331774057
t17	2.90318843685053	2.85065972215315
t21	4.14474686622279	1.94681632191844
t22	1.59281942233465	1.59281942233465
t23	0.972942071795053	0.972942071795053
t25	3.57747531536411	0.55540397803675
t27	0.483404110920745	0.0876327891651236
t29	2.14390279859858	0.662313260242914
t30	5.9854311163219	1.39905394933067
t34	2.99314762656027	2.99314762656027
t35	0.49983137667121	0.49983137667121
t37	1.00604409608033	0.604995479263728
t38	0.814098193117353	0.814098193117353
t40	0.290568174628952	0.290568174628952
t42	0.330858830190969	0.330858830190969
