taxon	fad	lad
t1	18.7278215866536	3.99963625084251
t2	5.65251675863686	3.51276366624606
t3	3.45679683759166	3.45679683759166
t5	2.73786278864868	2.73786278864868
t6	3.49977060534061	1.74868356520642
t8	2.19362637721965	2.19362637721965
t10	0.026687416301602	0.026687416301602
t12	3.60331894447545	2.75945725934098
t13	2.87867978540287	2.87867978540287
t14	0.260797807473526	0.260797807473526
t15	0.345019008394793	0.345019008394793
t16	1.92257113584367	1.92257113584367
