taxon	max_age	min_age
t1	17.6767360141038	17.6767360141038
t2	10.6846548803102	7.07641918366908
t3	13.5703588705387	2.34171825714078
t4	12.4523031622036	9.23029773918521
t6	4.95532177473967	4.95532177473967
t7	2.76025304371794	2.76025304371794
t10	0.731072799903732	0.731072799903732
t13	2.1447161277414	1.11331020917872
t14	0.511197112504401	0.422860840339222
t17	0.0107166222099409	0.0107166222099409
t20	0.252844176689408	0.252844176689408
t21	1.2033339839424	1.2033339839424
