taxon	max_age	min_age
t1	19.83076230737	16.974914562478
t3	5.79623415524917	3.95310859896398
t4	13.0527873356657	12.6496072815872
t6	17.1084090369212	9.98532963263253
t7	13.5989480505252	4.25412116209824
t9	12.4401264775882	6.1214810578649
t10	10.55488523342	10.55488523342
t12	2.36638020727985	2.36638020727985
t14	12.9606136249844	5.55120969253318
t15	10.7792918442696	10.7792918442696
t17	5.75193888011512	4.57407189502505
t20	15.0337246442922	9.60980717827857
t22	8.96277205250087	3.35020919774725
t23	12.2006944640942	10.1652963517947
t24	5.90953263988272	4.35248463181081
t27	2.24587945992811	2.24587945992811
t30	5.8107048675429	5.8107048675429
t31	4.11211557493619	1.83235987207306
t32	3.6705816191766	3.6705816191766
t33	0.515009143941391	0.515009143941391
t35	13.2406680671751	5.35381148953125
t36	7.91332721650783	7.83388972533429
t41	0.230334499890549	0.230334499890549
t42	2.81211204444453	1.2762752773497
t43	3.86180522468918	1.67271689594769
t51	0.176297574129414	0.0532238266299103
t53	3.87149712660239	2.30682529477602
t54	5.50134641023757	2.11807551603481
t56	2.01556785257333	1.97724159566486
t59	7.26737992675552	7.26737992675552
t61	0.0100339896767139	0.0100339896767139
t62	2.22331856295984	1.19988520089306
t63	2.58147424214405	1.46635320455301
t67	0.194124595697968	0.194124595697968
t70	1.1110882257099	1.1110882257099
t75	4.02735765563452	4.02735765563452
t77	0.353797530578568	0.353797530578568
t79	0.915520691542973	0.683575735657563
t83	0.143805173672085	0.143805173672085
