taxon	fad	lad
t1	17.8269156456615	3.87487205756245
t2	10.2379855371413	5.71748557239814
t3	6.85648760841758	1.20653667274184
t5	2.2398803494394	2.2398803494394
t6	2.48044226302858	2.48044226302858
t7	0.938721504791172	0.938721504791172
t8	0.737089161277016	0.737089161277016
t10	5.09460573311815	5.03118352570802
t12	1.57473948797643	1.14906816801107
t13	0.135823555293907	0.135823555293907
t18	0.499072242144127	0.499072242144127
t19	0.118396865585254	0.118396865585254
t21	2.00257252223173	1.60771988274534
t24	1.34107059778497	1.34107059778497
