taxon	max_age	min_age
t1	13.4695345662851	13.4695345662851
t2	14.7739786511965	10.0095003701962
t3	14.0740138791831	4.04464716472332
t4	12.4566128429187	4.47322060885483
t7	14.0586814177722	5.22544877821398
t9	5.70355486334434	5.70355486334434
t13	3.25377969166495	0
t14	5.60201658194367	2.80959578728475
t15	0.634371210074129	0
t17	0.516285715675764	0
t18	2.36126518060877	2.36126518060877
t19	0.0957403457308494	0
t20	5.15362646074352	0
t23	0.0954579828228148	0
t29	0.220090510622882	0
