taxon	max_age	min_age
t1	17.3316746660199	17.2429179544872
t2	17.3781419989521	13.9736551448664
t3	16.7382889960726	7.61568993609073
t4	16.353917909319	16.353917909319
t5	14.6055811620384	7.25097340918835
t6	15.1019569092612	13.354104483097
t8	2.01781357580071	2.01781357580071
t10	1.0174467285032	1.0174467285032
t12	1.83830047622494	0.164263372373306
t14	0.248431963463403	0.248431963463403
t15	1.2581343266037	1.17991155630021
