taxon	max_age	min_age
t1	17.6460449829961	4.86230824935106
t2	18.9615326837042	18.9615326837042
t3	15.085011249566	12.3743156323364
t4	13.6934324283359	1.76620847314725
t5	12.0117482314019	0.085306987278237
t7	14.5633287288528	1.13680087238461
t9	8.74228834805142	8.74228834805142
t10	9.12636547944862	3.46636417014012
t11	11.9739997499457	11.9739997499457
t12	5.06822573081358	1.23444413154309
t13	2.09598982254088	2.09598982254088
t16	2.00166211360292	1.20186223723073
t20	13.5942418559475	1.23790664711792
t22	4.64022280285616	4.64022280285616
t23	3.2054641190569	0.165600151975106
t26	3.10474480252585	1.65215824946633
t27	3.24284564287245	3.24284564287245
t29	2.75271246519711	1.28336201111005
t30	1.70941052646141	1.70941052646141
t31	1.9203391116319	0.606063176339653
t33	12.4004611100199	4.4152309584256
t34	2.77529990285513	0.700028518375028
t35	1.21774075247518	0.122920575723363
t37	0.744639499038531	0.744639499038531
t43	1.2173200714512	0.144810191726137
t45	1.13768666516386	0.0092462142694707
t49	2.96615384392851	2.19122270048995
t50	2.0115541862294	1.75271097973932
t53	0.441939156069502	0.441939156069502
t54	4.16633825778804	4.16633825778804
t57	0.357137581484256	0.357137581484256
t60	1.03651876262228	1.03651876262228
t64	1.09468535861119	1.09468535861119
t68	1.45187613170983	0.423840677878673
t71	1.56016260229675	1.05722630563008
t74	2.84037401866821	2.15261681733991
t84	1.30276546275666	1.18895490357771
