taxon	max_age	min_age
t1	18.1214806498028	14.5784060658973
t2	17.7994211378226	4.88161181031841
t3	12.122769290868	3.80370126797399
t4	0.20430243606814	0.20430243606814
t5	4.46260322909365	4.46260322909365
t6	1.51349586916355	1.51349586916355
t7	3.93684329604226	3.93684329604226
t8	3.82492118630406	3.82492118630406
t9	0.438842229512925	0.438842229512925
t10	1.85806477270048	1.29351506098435
t17	0.368872546351053	0.368872546351053
t19	0.408300766352735	0.408300766352735
t20	0.0285390624278961	0.0285390624278961
t22	1.80126950876366	0.554525184650252
t23	0.235081329970544	0.235081329970544
t24	1.84506344270854	1.84506344270854
t26	1.30800195674492	1.30800195674492
t28	3.46425471529887	1.17397987451927
t29	1.37463638340168	1.37463638340168
t31	3.69697960591035	0.36016142846951
t32	1.57310136511684	1.57310136511684
t36	1.19197106940446	1.19197106940446
t42	0.89576675567125	0.89576675567125
t45	1.04816014996764	1.04816014996764
t46	1.35360828925836	1.35360828925836
t49	0.284180285146547	0.284180285146547
t58	0.054042584246428	0.054042584246428
