taxon	max_age	min_age
t1	19.6164520584632	19.6164520584632
t2	3.39848135611785	0.848546181943242
t3	13.6160832411974	0.395845604245181
t4	13.8392276478464	10.3401651767547
t7	13.0267872850974	2.50251339838091
t8	13.0328597208155	8.95526144594989
t9	8.36281956896123	7.58583248539455
t10	4.63432391768703	4.03595779576325
t11	2.83423675790231	0.684231921171648
t12	1.31464920138202	1.31464920138202
t13	12.4107420485365	0.556245781895768
t14	13.7598740639868	11.1914427620762
t15	11.9696988903902	0.881705243879832
t16	15.8765862652406	7.98415127638058
t17	1.69967113986356	1.69967113986356
t18	1.44636965515787	1.44636965515787
t20	1.11641904909023	0.62298371715951
t23	10.6710799158911	4.64908603880499
t26	2.03751839374904	0.0138294912914816
t28	14.9538802434798	13.5416094636088
t31	1.86449381887085	1.86449381887085
t34	4.3151650967039	2.42732541647676
t35	1.36352390154442	0.59954745468233
t39	0.507121836923133	0.507121836923133
t40	13.2252547929222	4.75738744452693
t41	13.1464371875164	11.6007329087319
t42	0.0464593682418233	0.0464593682418233
t43	5.13858501454539	5.13858501454539
t45	0.539967108234283	0.539967108234283
t49	3.41242144185685	2.0590876321334
t50	1.63219945003431	1.63219945003431
t51	4.43821791471492	2.55821627476762
t53	1.74207677565871	1.74207677565871
t55	8.47978477572355	8.47978477572355
t56	7.14685196143117	7.0747486643413
t58	2.79126158890358	2.79126158890358
t59	0.882750724845749	0.882750724845749
t60	0.142825453305047	0.142825453305047
t63	0.686694511034794	0.686694511034794
t65	2.49937379281701	2.49937379281701
t67	5.92114202640393	1.30582537478243
t68	1.0698194583472	1.0698194583472
t69	2.08744211152568	2.08744211152568
t70	0.168833062457487	0.168833062457487
t77	1.22551380382173	1.22551380382173
t79	1.20762283910173	1.20762283910173
t87	0.143654671597407	0.143654671597407
