taxon	fad	lad
t1	19.0511164208874	16.7088639546707
t3	10.7466777881375	6.00593357687696
t4	15.6106741168653	2.0902296609028
t5	12.3591696161624	2.05956013617825
t7	1.93604430019158	1.93604430019158
t9	3.61884957011628	3.61884957011628
t13	1.896043089211	1.76661653621964
t14	0.503158542064146	0.503158542064146
t16	1.79662443816712	0.0324083067840206
t20	0.780505158173028	0.780505158173028
t23	3.97107908099148	3.97107908099148
