taxon	first_age	last_age
t1	15.5233233206133	0
t2	16.7259942555338	13.0207069418374
t6	3.80089407066637	2.6350491914305
t7	2.16363660581543	0
t8	1.23546566123229	0
t10	13.1761971567448	13.1761971567448
t11	7.07646494774026	0
t14	0.108376507726607	0
t15	0.0573819963242421	0
t16	5.35437734983009	0
t17	1.26227194499357	0
t20	0.929344546103952	0
t21	0.597786867387057	0
