taxon	max_age	min_age
t1	8.31243076827377	7.07334911295523
t3	4.13558894929429	3.46585244608418
t4	0.444747623491519	0.444747623491519
t6	5.55166525168255	1.85231303663835
t7	4.42004032533609	1.71491272551655
t9	0.390336544599821	0.390336544599821
t10	2.36269734305108	2.36269734305108
t12	3.9444627708106	3.9444627708106
t15	1.55318300427638	1.55318300427638
t19	2.13479425627618	2.13479425627618
t20	1.08363499243427	1.08363499243427
t21	1.59798355214524	1.59798355214524
