taxon	max_age	min_age
t1	8.60126131092216	6.00060541371211
t4	2.60952093946159	2.4749116009446
t5	4.6914405070783	4.6914405070783
t6	2.93027496895416	2.84597042303247
t8	3.41893581559107	3.41893581559107
t9	2.25844763602312	1.06821816487109
t10	1.06045178343543	0.821260217462365
t12	3.49300626016507	3.38977663905024
t15	3.76906048771306	3.76906048771306
t19	1.24903453732403	1.24903453732403
t24	0.5797636662118	0.5797636662118
t25	0.925005963834534	0.925005963834534
t30	0.252275310566793	0.252275310566793
