taxon	max_age	min_age
t1	8.74527627291779	8.54709233511515
t2	7.01997813666025	0
t3	7.57211141371608	1.62302812672726
t4	8.16749212422982	0
t6	3.83573629296452	0
t7	0.577729745179205	0
t8	1.2490618899733	1.2490618899733
t11	3.16961124902762	0
t12	1.13268978942403	1.13268978942403
t13	0.183282313489496	0
t17	1.44501413376801	0
