taxon	max_age	min_age
t1	9.97380962905785	0
t2	3.20984271474936	0
t5	3.8525283937667	3.37085793838045
t8	6.5906916302346	0
t9	3.85630840106314	0
t10	3.44889186605968	0
t12	3.83240495450449	0
t17	1.2192779353655	0
t20	0.282589535354896	0
t21	3.68256467793946	0
t25	3.77916899244212	3.77916899244212
