taxon	max_age	min_age
t1	7.93001600696395	4.51592354583587
t2	7.12864056411352	7.12864056411352
t3	7.27172177889062	0
t4	2.16420218348827	2.16420218348827
t7	1.63202470524254	0
t8	2.58519938454211	0
t9	2.72799306169531	2.42678711432101
t10	4.47815388889399	0
t12	0.29025658623171	0
t13	0.275918082600944	0
t14	0.398911266464149	0
t17	1.6984255455301	0
t19	0.634128265099301	0
t25	0.487368916438639	0
