taxon	max_age	min_age
t1	8.90188167026887	2.17810954859553
t2	4.87165663379574	3.36785199904512
t4	1.01202083113344	1.01202083113344
t5	2.06179607201612	2.06179607201612
t7	3.50226697044772	2.64553649970345
t8	0.889136495403859	0.889136495403859
t11	2.14941549620505	1.03851675561543
t13	1.95971670182467	0.876232417555359
t14	0.506143059900021	0.506143059900021
t17	1.66120845628743	1.66120845628743
t20	0.015201501585441	0.015201501585441
