taxon	max_age	min_age
t1	7.72997132812937	5.52851541899145
t2	0.614899859410617	0
t3	3.95554844865432	0
t5	0.430428001707451	0
t8	0.814645464872813	0
t12	2.17064306573921	0
t14	0.0663172498654401	0
t16	0.374619398533241	0
t20	2.58582523564535	2.58582523564535
t21	1.28021845343187	0
t26	2.15232789607679	0
