taxon	max_age	min_age
t1	8.67698755640966	0.995236061943578
t2	2.22098622085215	2.22098622085215
t3	3.42184027165249	0.703816098662612
t4	2.47306256602431	2.47306256602431
t6	1.74578362396124	0.0937923644652496
t9	2.18781729608583	2.18781729608583
t10	0.611742681501616	0.611742681501616
t11	0.124517660442864	0.124517660442864
t12	1.78852910133713	1.77696869064708
t13	0.655271983786454	0.655271983786454
t15	0.239293874967853	0.239293874967853
t22	0.712904557244997	0.712904557244997
