taxon	max_age	min_age
t1	3.59169581672029	0
t2	7.8722724260294	4.13172502333175
t3	4.93234058011492	0
t4	5.09829404505654	0
t6	2.9274133693002	2.9274133693002
t7	5.35631561072668	0
t9	0.123291456222177	0
t10	3.08483966375827	3.08483966375827
t15	0.602119298172967	0
t18	0.468001168344513	0
t28	0.0804124305803295	0
