taxon	max_age	min_age
t1	7.21216538935002	1.43305935886989
t2	7.93475627375371	0.116833427216319
t3	3.64942366387449	2.37302508470604
t4	2.94846875297702	1.25822890254533
t5	1.46772080906964	0.814104765648761
t8	3.91355850789065	1.18061156971899
t9	6.02238046093235	4.85102263924533
t10	2.04609064688029	2.04609064688029
t11	0.202117615812238	0.045128341265734
t13	2.00007247033759	2.00007247033759
t16	0.697976661340615	0.697976661340615
t17	1.49188394357001	1.49188394357001
t21	0.400664995783702	0.400664995783702
t26	0.210479266004098	0.210479266004098
