taxon	max_age	min_age
t1	9.5020211641457	3.39112123839223
t2	7.19095830346339	0.481050249039942
t3	3.34844822842451	3.34844822842451
t7	1.61464426573143	1.61464426573143
t8	0.410390974310227	0.410390974310227
t11	4.14524231140285	1.26151549358678
t13	0.611984081699466	0.0432795678829798
t16	1.52615948533951	1.52615948533951
t17	1.06000697628441	1.06000697628441
t22	1.21710087097486	1.21710087097486
t28	1.56939921708191	1.56939921708191
t31	1.70022987036831	0.344980882693593
t32	1.06016590378325	1.06016590378325
