taxon	max_age	min_age
t1	9.79703728409245	0
t2	3.99813475182179	0
t3	2.28917368751592	0
t4	1.1597438046651	0
t6	2.30400801643233	2.30400801643233
t9	1.42221566562823	0
t10	1.47999798333436	0
t14	1.13218287754865	0
t15	1.50080780648812	0
t16	0.498412350670971	0
t18	0.876910700438703	0
