taxon	max_age	min_age
t1	6.1678421405613	0
t2	8.37922967351959	0
t3	4.70909709322752	0
t4	0.450333672103497	0
t6	6.65044855011609	0
t7	1.21648424782941	0
t8	1.39918657066685	1.39918657066685
t9	1.25046267598711	1.09109867012592
t11	0.875892741290862	0
t12	2.63580055252958	0
t13	0.520876797012448	0
t14	2.15247743239238	0
t16	5.30911756224755	4.42672014557892
t19	0.0355411895619682	0
t21	0.388900789529989	0
t27	0.0445604972779883	0
t28	0.570254881149511	0.570254881149511
t36	0.203065221605733	0
