taxon	max_age	min_age
t1	8.85290001829465	0
t2	7.38822410822848	0
t3	6.1556982049214	6.1556982049214
t5	2.81157350287769	0
t6	0.544547558951013	0
t7	4.75540276536031	4.75540276536031
t8	2.20282307411785	0
t12	2.62378948190733	1.9386156557573
t15	1.13881424498868	0
t18	0.434549480483282	0
t19	0.112664084767946	0
