taxon	max_age	min_age
t1	3.56394380359046	0
t2	7.60646151204303	0
t3	6.97403868062784	0
t4	5.91212971158641	5.91212971158641
t5	2.71730368733791	2.71730368733791
t6	1.05419598663519	0
t7	2.45858921023127	0
t8	4.09596507604213	4.09596507604213
t9	3.04262211146364	0
t16	0.636007007869217	0
t17	0.656773916076547	0
