taxon	max_age	min_age
t1	9.30878513741351	9.30878513741351
t2	9.8017986809186	0
t3	6.57088960036896	0
t5	5.12510819771153	5.12510819771153
t7	0.224637892801617	0
t8	7.00127908113965	7.00127908113965
t9	4.11360957913017	4.11360957913017
t11	0.737596315426515	0
t13	0.296267766237994	0
t15	0.238292916881145	0
t17	4.09099395538255	0
t18	1.96974424020847	0
t21	0.284348549684111	0
t23	1.25011803230537	0
