taxon	max_age	min_age
t1	7.29826117294659	0
t2	4.88003591894165	3.16256079800178
t3	0.78501007831435	0
t4	1.68597471586918	0
t5	0.779390741386667	0
t8	5.90216581657914	0
t9	0.710148069339976	0.710148069339976
t11	1.51403787430517	0
t14	1.0087336116298	0
t15	1.96685808073877	0
t18	0.0999391236294525	0
t20	0.0513371594561018	0
