taxon	max_age	min_age
t1	9.73484152522219	7.62361128563963
t3	6.61198127024856	0
t4	4.31014231015169	0
t5	3.51418187957374	0
t10	3.77995695923921	0
t11	1.50588234680373	0
t12	1.58327792025445	0
t13	2.06588243243244	0
t15	0.508073622457113	0
t17	2.06137439197725	0
t18	2.25688616061282	2.25688616061282
t22	1.14036712810955	0
t23	0.213928036398366	0
t25	2.6418176989583	1.01236933973152
t27	0.426689988236063	0
t29	0.0814466650977472	0
t30	0.263801806705864	0
t31	1.35379725889901	0
