taxon	first_age	last_age
t1	4.27392327645596	4.27392327645596
t2	9.3011350833507	0
t3	8.12391444103712	8.12391444103712
t4	4.36790058493399	0
t7	0.259412358174407	0
t9	4.55976346530859	0
t10	3.82364584371629	0
t14	3.41390872259015	0
t35	4.40463640776743	3.79629890944503
t41	0.214698011544526	0
t42	0.0383689363152282	0
t43	2.48775890332914	2.48775890332914
t46	0.563304778230373	0
