taxon	first_age	last_age
t1	9.06495701379045	0
t2	7.11091067288749	7.11091067288749
t3	1.45209538891679	1.45209538891679
t4	1.38384668201411	0
t5	1.07861286279805	0
t6	0.858718000201314	0
t7	0.918212902330563	0
t11	1.62845570774171	0
t13	2.59517686232789	2.59517686232789
t21	2.1149340174321	1.44327465084434
t28	1.68252166752223	0
t29	0.647188380801369	0
t33	0.373209615785935	0
