taxon	first_age	last_age
t2	8.66499890475068	0
t8	5.10034059584248	5.10034059584248
t9	4.14501552622699	0
t14	2.16008335802167	0
t17	0.188538914931737	0
t21	0.351164407335144	0
t22	1.14626634428097	0
t27	1.28023466087798	0
t31	0.913329381883166	0
t38	0.0860645885812339	0
t39	0.501386252022332	0
