taxon	first_age	last_age
t1	8.55827875653464	0
t2	7.20250113554406	3.49794130993198
t8	0.171956544108408	0
t9	2.483172832826	0
t10	0.192266400700365	0
t13	2.305724528591	2.305724528591
t16	3.62488552559325	3.62488552559325
t18	0.503587326545665	0
t21	2.46329009312693	0
t22	2.91052440300188	2.91052440300188
t27	0.00129324390781704	0
