taxon	max_age	min_age
t1	9.49048461547742	0
t2	5.22636358115079	0
t4	8.67601606357682	8.67601606357682
t8	4.94311904470633	0
t9	7.03937325087498	0
t11	0.0340049367820399	0
t12	2.88848437169263	0
t13	4.31980371881431	4.31980371881431
t14	6.27227721105099	0
t16	2.22542233298114	0
t19	0.512389017135593	0
t20	3.48082695284765	0
t22	0.439978490741316	0
t26	0.547366115441612	0
t29	1.41359263280631	0
t32	0.0020319979422645	0
