taxon	max_age	min_age
t1	9.25470337426911	9.25470337426911
t3	0.985781617432256	0
t5	7.2807131848618	6.67834798910005
t6	3.80568297643774	0
t8	4.0299725234128	0
t9	1.66456682621535	1.66456682621535
t11	1.4842140686412	0
t12	6.5158099343545	0
t14	3.19977859875126	0
t15	2.34206768517519	0
t18	1.5874961292613	0
t19	0.869228133527665	0
t20	1.22018893457466	0
t21	0.227634301938251	0
t25	0.18993966868485	0
t29	0.325557100048705	0
