taxon	fad	lad
t1	9.33136081167807	2.41438063186006
t2	6.61574882971996	1.1963235936274
t3	5.64267261665993	0.991091361391334
t4	3.89848764755399	3.89848764755399
t5	4.01466350452293	4.01466350452293
t6	2.57686085138409	0.0642129595523695
t7	0.75078693303252	0.171754184094913
t10	1.98298367240464	1.98298367240464
t12	3.96713884307632	3.96713884307632
t13	2.00372574145534	1.71380976596165
t14	2.05609232688295	1.1728337627957
t15	8.19280706357468	8.19280706357468
t18	1.08216334579332	1.01894262450755
t20	1.14167496712807	0.325600073300066
t22	1.21307859267979	0.351969516915267
t24	0.0269902733896892	0.0269902733896892
t26	5.55645745041833	0.19873749967199
t27	2.07994854782676	0.431666212066071
t31	3.11720792566933	1.36471239647909
