taxon	fad	lad
t1	8.84331449400634	2.04739089077607
t2	1.28818514919562	0.00444369708530523
t3	3.53471767273995	2.95286060272359
t5	3.07325076305306	3.07325076305306
t6	2.75449693741613	2.4480497075519
t7	2.90999338432015	2.90999338432015
t8	2.31282538535691	2.31282538535691
t9	0.177770054774951	0.177770054774951
t10	2.63346253422088	2.63346253422088
t13	1.98721649084336	1.98721649084336
t14	0.285738878666791	0.285738878666791
