taxon	max_age	min_age
t1	8.18761552218348	1.50510980170909
t2	9.07852176735538	8.41238136653571
t3	7.21925527633478	7.21925527633478
t4	5.97686206766715	5.97686206766715
t5	3.85097008029007	3.85097008029007
t6	1.7573000465464	1.7573000465464
t7	7.13083057509114	7.13083057509114
t9	6.11975953841123	1.0309106365983
t11	2.52474707282256	1.71215401848575
t12	0.75463607646261	0.75463607646261
t15	3.35540823734561	3.35540823734561
t16	0.835208546229753	0.835208546229753
