taxon	max_age	min_age
t1	7.72660605806483	7.72660605806483
t2	8.36469380021537	5.86830767794643
t4	4.4564183034188	1.31338232440863
t5	4.14972933253262	4.14972933253262
t6	3.20109481330891	3.20109481330891
t8	4.51920555765074	4.51920555765074
t9	5.34069323987035	2.43291849669679
t11	2.57030890807588	2.57030890807588
t15	1.52723673796477	1.4229622760499
t16	1.61213370181509	0.557828789128738
t18	5.3394300629317	2.84559844531405
t25	3.25289560104924	1.23745541953064
