taxon	max_age	min_age
t1	9.59200188672791	4.73983733152693
t2	6.70083207303369	0
t3	4.80826602062819	1.98683816699022
t4	5.37705520999916	0
t5	1.87669722898884	0
t7	1.09413989889457	0
t8	4.91270195127763	4.51543711336938
t10	4.22196041460592	0
t11	3.88805046227888	0
t12	1.53753859736632	0
t13	2.07555031457874	0
t16	0.489548476511864	0
