taxon	fad	lad
t1	7.42759251049753	6.87684201338983
t2	9.14093392130758	9.14093392130758
t3	6.13065558792476	6.13065558792476
t5	5.45046994666317	4.93911214995503
t6	6.52434071729639	1.14199921061204
t7	6.24557648213018	0.258028567731406
t9	4.15670647132511	0.448201468062514
t11	3.94371419673222	1.71212126649974
t13	1.82159621237732	0.995503503831896
t14	0.17554003107406	0.17554003107406
t15	1.98164065569211	1.98164065569211
t16	2.63081029925104	2.5181918646977
t17	2.59218250374987	2.59218250374987
t19	0.303344177680831	0.303344177680831
