taxon	fad	lad
t1	5.83840147281362	1.32237917139205
t2	6.92271394810329	3.25762744230872
t3	5.54644591696657	0.58269636323838
t5	4.07394091644643	4.07394091644643
t6	0.135413368588495	0.135413368588495
t7	2.38614395299443	1.80247095296918
t13	3.15787775144211	3.15787775144211
t14	0.430272552311235	0.430272552311235
t15	1.77480509051662	0.984310922271218
t20	5.17825637581916	5.17825637581916
t23	0.673067275014505	0.673067275014505
t27	0.0877788379937208	0.0877788379937208
t28	4.81421762607059	1.74052630807003
t29	1.12747238600818	1.12747238600818
t34	1.89570967310953	1.43676566658252
t37	2.27985969382496	2.27985969382496
