taxon	max_age	min_age
t1	9.94719321839511	6.71021310612559
t2	5.79294360338692	5.79294360338692
t3	2.63655580948719	2.63655580948719
t4	2.43575252372588	1.80489036016859
t5	5.84045217787239	0.327081892720908
t9	1.63428286141705	1.4371375199111
t10	2.08840392493068	2.08840392493068
t13	5.04080943669906	0.220903871370712
t14	1.88859038794149	1.88859038794149
t17	2.87426897063164	2.87426897063164
t21	0.422599471234722	0.422599471234722
