taxon	fad	lad
t1	7.8042388195172	0.407839944833906
t2	8.37900799767889	8.37900799767889
t3	6.17565194920947	0.255901201263482
t6	2.20213847418072	2.19828835406097
t7	3.40045736481746	1.87423688514779
t10	0.0258646459750569	0.0258646459750569
t12	2.14216944121834	2.14216944121834
t13	4.02833929365075	3.03523961379077
t14	3.62595017893124	3.62595017893124
t15	0.634154317767994	0.634154317767994
t21	1.88840530581967	1.88840530581967
t24	1.59729414355017	1.59729414355017
t26	1.20616388679353	1.20616388679353
t34	1.3825661100172	1.3825661100172
t37	0.700546065804932	0.700546065804932
