taxon	max_age	min_age
t1	7.20026022493908	6.34838456027279
t2	8.90049622549365	8.90049622549365
t3	3.86022454452113	0
t5	2.99989391883846	0
t6	8.12372359479825	8.12372359479825
t8	2.56000213320143	2.56000213320143
t10	5.61892663608338	0
t11	3.01252223970051	0
t12	2.90862106904204	0
t13	3.10012270306133	3.10012270306133
t14	2.24583600212947	0
t17	1.92019128366318	0
t18	3.65803516328678	0
t20	2.11941742834762	0
t21	1.76792358132416	0
t25	0.34360077123549	0
