taxon	fad	lad
t1	9.4686331693083	0.73195689343401
t3	4.18639069682601	3.9765548898655
t4	5.86025647119235	5.86025647119235
t5	2.94181877382294	1.00218261071986
t6	2.53407064076578	2.53407064076578
t7	2.04489471423171	0.454717930971883
t10	1.84801884565496	0.263390357436103
t11	5.00908018787008	5.00908018787008
t12	2.39578006724166	2.39578006724166
t13	5.53059651606676	5.53059651606676
t16	3.87057021665155	2.1851940912637
t17	2.84347415992019	1.43514324607817
t19	1.58684437408693	1.58684437408693
t20	0.133398415041974	0.133398415041974
t21	0.946376607085092	0.946376607085092
t23	3.20210189348902	3.20210189348902
t24	1.08386226006238	1.08386226006238
t26	4.46299055970957	2.15069567388296
t28	4.9551765410466	1.43582663508301
t29	4.59140300510953	0.305590861262839
t34	2.0258461964178	2.0258461964178
t35	1.71707146861856	1.71707146861856
t36	0.846421969327212	0.846421969327212
t42	1.80336926761249	1.80336926761249
t45	0.142029407127216	0.142029407127216
