taxon	max_age	min_age
t1	9.67166095816841	9.67166095816841
t2	6.71770610679494	6.33092477129704
t3	5.29493649969842	5.29493649969842
t4	6.46005137022996	6.46005137022996
t5	6.03486720230963	0
t7	6.0140903438846	6.0140903438846
t8	6.08680390947344	3.40136528898779
t9	5.00915925989084	0
t10	1.70880676498246	0
t12	0.600566950762495	0
t13	3.43782386877539	3.43782386877539
