taxon	max_age	min_age
t1	9.69541494559923	0.288763538679117
t2	5.96923526235268	5.96923526235268
t3	0.824193101610591	0.824193101610591
t4	5.23477913670585	0.426859810917991
t5	2.88050852729972	2.88050852729972
t6	2.34396175247673	0.392775994251107
t9	1.90686146863539	1.90686146863539
t10	1.91892846967127	1.8522093990511
t12	1.14191249857172	1.14191249857172
t13	1.28116878671418	1.28116878671418
t14	0.0604434061158603	0.0604434061158603
t19	1.2018348691393	1.2018348691393
