taxon	max_age	min_age
t1	7.69340143849452	0
t2	7.91012925218511	5.00680215263777
t4	6.38531744421073	0
t8	6.17524082927654	6.17524082927654
t9	6.41337664364849	6.41337664364849
t10	3.2165773105396	3.2165773105396
t11	4.21270353518137	0
t12	1.90894863892607	0
t13	6.04744338585685	1.74205053140658
t14	0.32013930679482	0
t16	0.988618438271303	0
t18	2.28867495738907	0
