taxon	fad	lad
t1	5.9247648624241	5.21958503533796
t3	2.67550986313518	2.49415918772366
t4	4.38146755333847	4.12378357472356
t5	1.3405336312114	1.3405336312114
t6	2.865534377562	2.865534377562
t7	1.60306737134467	1.36973429623604
t8	0.906239625910388	0.906239625910388
t10	1.07332247974734	1.07332247974734
t12	2.04566546026235	2.04566546026235
t15	1.01921915498965	0.995502569279004
t18	0.714453455901207	0.0332926297551399
