taxon	fad	lad
t1	9.46872585453093	3.42630180868697
t2	6.75662254044313	2.40381281121815
t3	5.43343460093089	2.3938002629717
t5	2.23912172640172	2.23912172640172
t6	3.22301893368306	0.583838606464097
t8	1.56899262012883	1.56899262012883
t9	4.55190394614383	1.47992464337091
t10	4.9325441823542	4.69258405454279
t18	1.85717482199702	0.144031585682765
t22	0.308657772837153	0.308657772837153
t23	0.588727362085042	0.588727362085042
