taxon	fad	lad
t1	2.11843334801284	2.11843334801284
t2	7.17036498169604	0.0406945299060233
t3	7.97055868862818	4.28310039587663
t5	1.85591002155164	1.85591002155164
t7	0.418143119499927	0.418143119499927
t8	1.97118905197226	1.97118905197226
t10	3.09231016314838	0.897328436020153
t11	0.599234335539181	0.599234335539181
t17	0.549923116276556	0.549923116276556
t19	1.26649631532733	1.26649631532733
t20	0.646676311512199	0.646676311512199
