taxon	first_age	last_age
t1	29.0287761483341	23.5198779743069
t2	18.0935551163227	18.0935551163227
t3	15.2756738236513	11.8955701303076
t4	7.83596920614152	0
t5	7.43945754350012	7.43945754350012
t6	8.6343614295544	0
t8	0.196227090861306	0
t9	6.2374233804669	6.2374233804669
t11	3.74825020610399	0
t13	4.96644336278495	2.54981570067638
t15	1.08659988914285	0
t17	1.86274520327391	0
t20	0.891969625406901	0
