taxon	first_age	last_age
t1	8.13905913601881	3.67243252927723
t2	6.60058843477068	2.51258617786163
t3	6.6536976818681	6.6536976818681
t4	5.93017967863872	5.93017967863872
t5	5.09985906673217	1.7056757242167
t7	8.57873245788765	8.57873245788765
t8	4.53074511800953	4.53074511800953
t9	6.18151197632559	6.068087526467
t11	0.763502886152166	0
t12	3.7735366219878	3.7735366219878
t15	0.56990688044799	0
