taxon	first_age	last_age
t2	6.02515282575041	0.15738106434476
t4	4.55456545136599	3.64263159318486
t5	2.58199779175566	2.58199779175566
t6	1.66902309667433	0
t7	1.29001871851927	0
t9	1.03823304035113	0
t10	0.997554577148103	0
t11	1.62704867776483	0
t12	0.295055865620572	0
t13	1.96411203499281	0
t14	1.56371186221867	1.56371186221867
t15	3.67177926159153	0
t19	0.844471114481319	0
t21	1.21069556156192	0
t22	2.34616798985367	2.11107249045481
