taxon	first_age	last_age
t2	7.33680233048896	7.33680233048896
t5	5.58074306606333	4.80116259000181
t6	4.64350824774882	0
t8	2.29862618321971	2.29862618321971
t9	3.00648920903763	1.45147336691778
t10	0.952557121643473	0
t11	4.46402565836298	0
t12	4.98680369372498	3.74343807562382
t13	3.87612647918221	0
t17	3.97856691957616	0
t18	1.7417449325433	1.7417449325433
