taxon	first_age	last_age
t2	6.87779067719078	0
t5	4.24940815054224	2.11507657712048
t6	4.44679580270278	3.00941678647227
t7	3.82780627299376	1.75829510109155
t8	0.48685991171125	0
t10	8.19045410749017	0
t11	4.05817298569643	0
t13	2.82333919355052	1.07177007448638
t15	2.1482495536693	0
t16	3.5618281338271	0
t19	2.39280466557777	1.1950733522821
t20	0.821581207005002	0
