taxon	first_age	last_age
t1	9.1018634599944	1.62508975742451
t2	7.97164885792162	2.64526910331068
t3	7.63326103103094	6.41328810949557
t5	6.70983340786851	6.70983340786851
t7	2.24278968185537	0
t9	3.59361457497225	3.59361457497225
t10	3.57974235138652	0
t11	3.8395715256532	0
t12	0.816339879316828	0
t13	4.02479736422694	0
t16	4.06588485944118	0
t21	0.0789964759260009	0
t24	2.89535935012018	0
t25	1.52444773228397	1.52444773228397
t28	0.655416751890677	0.655416751890677
