taxon	first_age	last_age
t2	8.32214844878763	0
t3	7.93311098124832	0
t4	5.46962482092625	4.96539926176263
t5	0.672972346073006	0
t9	2.37019101961893	2.37019101961893
t10	2.10122424191828	0
t11	0.876268294609504	0
t18	1.12097836193369	0
t19	0.96106696746689	0
t21	2.86439176256727	0
t22	0.0486225930665913	0
