taxon	first_age	last_age
t1	8.84405535801003	0
t2	9.19644228182733	7.84493390922873
t3	5.55831540700392	0
t4	5.78301206010927	0
t5	6.47688264972563	6.47688264972563
t7	5.49824081093202	5.49824081093202
t8	0.459850414116778	0
t9	2.72262803151649	0
t12	2.54066325935586	0
t13	0.161009995069421	0
t14	1.87564562090716	0
