taxon	first_age	last_age
t1	9.26327117239832	4.10340202485028
t2	2.29998478883387	0
t4	7.73932818966461	7.73932818966461
t5	1.37505952613991	0
t6	2.25792747095591	2.25792747095591
t11	3.62487027197703	0
t19	3.0468219126372	1.32210330815927
t20	7.56433135809843	4.22450378664786
t21	5.89483970752747	5.89483970752747
t24	0.890796870659624	0
t27	1.27643933636462	0
t28	0.0156656967267228	0
