taxon	fad	lad
t1	14.4873839989305	14.4873839989305
t3	2.58715848816276	2.58715848816276
t4	8.09184243462287	3.5497836108422
t5	1.78674816895746	1.78674816895746
t6	6.49348063165242	6.49348063165242
t7	3.50853907003879	3.50853907003879
t8	2.4787447434753	2.4787447434753
t12	9.32713026949186	8.06192049127985
t14	1.22911476253923	0.467417136825841
t17	9.17123351071332	9.17123351071332
t23	0.332441553460377	0.332441553460377
t24	2.71139614431479	2.25152184868523
t28	6.15887720524516	1.80453062909838
t33	2.95839713709301	2.95839713709301
t34	4.33402042399782	4.33402042399782
t41	2.91440108929675	2.91440108929675
t45	4.62145651855774	4.62145651855774
t61	3.90589845190793	0.723490829682348
t62	0.751027053801948	0.751027053801948
t64	0.334043064746812	0.334043064746812
t68	5.46263705638505	5.46263705638505
t69	0.0332224538803239	0.0332224538803239
t71	2.33721005660142	2.33721005660142
t76	1.46507784800476	1.46507784800476
t79	0.967548883724458	0.967548883724458
t83	1.29445504919041	1.29445504919041
t85	0.294170494476433	0.294170494476433
t87	2.31085051497033	0.0639523359588701
t89	0.727300809999662	0.727300809999662
t96	0.864543036927664	0.864543036927664
t97	0.115389227311518	0.115389227311518
t104	1.64599528715315	1.64599528715315
