taxon	max_age	min_age
t2	14.2760178417126	14.2760178417126
t3	11.4482845244625	11.4482845244625
t4	11.7717532396166	3.39044367641941
t8	5.51976532392891	3.39597588122578
t9	4.13822608739727	4.13822608739727
t10	4.46496290752961	4.46496290752961
t12	0.196946169428639	0.196946169428639
t16	4.26016624734493	4.26016624734493
t17	4.37027518355044	4.37027518355044
t21	0.480349633051311	0.480349633051311
t23	1.66233494298942	1.66233494298942
t29	2.97853377083344	2.97853377083344
t40	1.36518456246034	1.36518456246034
t43	0.156213077614105	0.156213077614105
