taxon	max_age	min_age
t2	14.249580668736	14.249580668736
t3	8.22451265182368	8.22451265182368
t4	9.02716914868736	9.02716914868736
t5	14.5580101290257	11.6138358970643
t7	3.74495955987206	3.10627031011811
t13	10.727066415576	9.88936510210151
t15	6.80802728741302	6.80802728741302
t17	9.75256268087555	4.11996387097765
t21	10.1143899483765	2.17939419883126
t23	5.40320430415609	5.40320430415609
t25	0.835196105964194	0.835196105964194
t35	8.3639159429424	4.85420424111853
t38	6.17909179956691	6.17909179956691
t47	10.1786770036734	10.1786770036734
t48	3.96253815401765	3.96253815401765
t52	7.71893199578279	7.71893199578279
t53	6.96906171318495	0.12612088813718
t54	5.17450837911982	3.90907224295605
t56	1.59158164058874	1.59158164058874
t59	5.41569963562229	5.41569963562229
t60	2.1298608440027	0.100478709214961
t69	1.37352537581009	1.37352537581009
t73	0.200022197822495	0.200022197822495
t83	5.60994824493312	5.60994824493312
t85	0.29386738781966	0.29386738781966
t86	5.58529437055028	5.31091326848752
t89	3.56150157805393	3.56150157805393
t101	1.41191924946619	1.41191924946619
t102	2.32914845287765	2.32914845287765
t114	6.9062338857493	6.9062338857493
t117	2.30359418483715	2.30359418483715
t118	0.788807749545974	0.788807749545974
t141	0.114543074665114	0.114543074665114
t159	3.30378988918561	3.30378988918561
t167	0.0776645257606461	0.0776645257606461
