taxon	fad	lad
t1	19.8394530604263	19.8394530604263
t2	14.3023220496252	14.3023220496252
t4	5.77872229517608	5.77872229517608
t5	3.64035533415371	3.64035533415371
t7	2.94619248161961	2.94619248161961
t9	6.98381598163529	6.98381598163529
t11	4.97255802739232	4.97255802739232
t13	10.0252697743645	7.22453414333822
t14	12.1774344982191	12.1774344982191
t15	5.57509423986618	5.57509423986618
t16	1.83491002150321	1.83491002150321
t17	4.06695194731855	4.06695194731855
t18	2.32043757120311	2.32043757120311
t22	10.8303385092028	10.8303385092028
t23	4.9776044385907	4.9776044385907
t30	1.51199894957349	1.51199894957349
t33	6.80873938615249	6.80873938615249
t36	4.15375858456164	1.95011510890244
t38	1.61058566517312	0.823793900042066
t43	1.13931015044718	1.13931015044718
t48	3.29996551576781	0.386165671085593
t49	0.6137952710158	0.6137952710158
t53	0.839441218566733	0.839441218566733
t58	1.62562480569358	0.651498761964096
