taxon	fad	lad
t2	9.01503809616123	4.71422168691192
t3	14.4222753327036	14.4222753327036
t4	10.0606001948793	10.0606001948793
t5	7.83238134197072	4.60558308138624
t7	4.6367261171259	4.6367261171259
t9	8.19251546361068	7.10671541079321
t12	2.23430129973767	2.23430129973767
t14	3.09297591521121	0.332689695793164
t17	0.109867247972147	0.109867247972147
t19	14.2470395283946	10.4873352589259
t20	5.79093211670499	0.457984973063148
t22	0.992797956094932	0.992797956094932
t23	4.42797106462874	1.96970522175886
t31	4.58980433079313	0.777765054212026
t44	13.0506984875999	13.0506984875999
t46	2.8168596712542	1.68849270917897
t47	3.2360868884624	3.2360868884624
t49	0.921724749162053	0.921724749162053
t55	9.49963461463668	9.49963461463668
t56	8.66909034871825	6.57879666281261
t58	1.99923625558568	1.99923625558568
t60	10.7935070203703	10.7935070203703
t61	8.36550579930565	8.36550579930565
t62	1.04905324235426	1.04905324235426
t68	2.859262503065	0.663084055299056
t76	3.39800291618145	3.39800291618145
t78	1.24406234595444	1.24406234595444
t85	1.90980601989039	1.90980601989039
t86	4.76089176937321	1.08308651699999
t94	7.87165189996582	1.8495950325973
t101	1.39078953929668	1.39078953929668
t102	4.19643880081341	2.05980755136327
t103	3.45578217524776	2.71126841870306
t106	4.23406620992657	0.297050099059305
t113	0.00498627336124002	0.00498627336124002
t123	0.872475242746585	0.872475242746585
t125	2.51193616253996	2.51193616253996
t126	3.28051273508648	3.28051273508648
t127	1.08133788305031	1.08133788305031
t132	1.29206372727372	1.29206372727372
t135	0.944397274842117	0.944397274842117
t137	0.294336579290565	0.294336579290565
t138	2.34742813971457	2.34742813971457
t139	3.24719170336244	3.24719170336244
t141	5.38621418925764	5.38621418925764
t146	4.47884132250866	0.60924948755374
t154	1.00823380237937	1.00823380237937
t163	0.245880772522675	0.245880772522675
t164	0.485927758174785	0.485927758174785
t170	0.975139464578277	0.975139464578277
t178	0.359302649428496	0.359302649428496
t181	0.493693719676834	0.493693719676834
t187	2.28102680752748	2.28102680752748
t188	0.41113960094328	0.41113960094328
