taxon	fad	lad
t1	7.74518810254621	1.9599836742981
t2	17.6638001878008	17.6638001878008
t3	15.9306246911486	0.274175218667573
t7	11.3625063129049	11.3625063129049
t13	10.002974924565	2.81338171704411
t16	12.6158408920654	12.6158408920654
t22	4.33364965535474	4.33364965535474
t29	11.2601142263457	11.2601142263457
t34	2.21210479169822	1.22668709970749
t41	4.07174145110423	4.07174145110423
t47	5.2264865228535	2.61128082505236
t48	4.2324046200451	4.2324046200451
t49	6.86500388660151	2.31352203958783
t51	1.31186515245064	1.31186515245064
t55	2.50351909063705	2.50351909063705
t62	6.9269957516816	1.68864745384184
t63	5.08605672833536	5.08605672833536
t64	4.55463022344048	4.55463022344048
t65	6.12342922169087	4.41707751400141
t76	0.624268079505001	0.624268079505001
t80	3.38588455922347	2.93201072596227
t90	3.01010480501319	3.01010480501319
t92	2.00237777308881	2.00237777308881
t110	2.29424347933796	2.29424347933796
t112	0.252804565314719	0.252804565314719
