taxon	fad	lad
t2	16.9876550013488	16.9876550013488
t3	13.6583862718974	13.6583862718974
t5	7.01334090826187	7.01334090826187
t7	14.7849915456027	3.81078189360096
t9	16.9816455058753	16.9816455058753
t10	13.471145647343	13.471145647343
t13	4.818330033801	4.818330033801
t16	5.34207417714069	5.34207417714069
t23	12.2782362252474	12.2782362252474
t24	17.1863860104689	17.1863860104689
t26	10.8459020578617	10.8459020578617
t27	6.16188304215785	6.16188304215785
t31	6.25767307922603	6.25767307922603
t32	2.99258283524518	2.99258283524518
t39	3.5837617696461	3.5837617696461
t40	2.63970410232861	2.63970410232861
t43	2.70907432503788	2.70907432503788
t44	2.67072334271974	2.67072334271974
t46	1.01256438487243	1.01256438487243
t50	2.31257204719397	2.31257204719397
t53	1.21361944729916	1.21361944729916
t54	7.94764078037539	7.94764078037539
t57	1.50317489597634	1.50317489597634
t62	3.51345619017528	3.51345619017528
t65	0.606152479164546	0.606152479164546
t66	0.663008961904747	0.663008961904747
t68	2.52823866972893	2.52823866972893
t70	0.702060424790766	0.122076022506739
t74	0.224007472823558	0.224007472823558
t76	6.29701274117487	0.487451172862521
t77	8.51146034378442	8.51146034378442
t80	3.00925695469492	0.814877810346712
t84	4.24561388835393	4.24561388835393
t86	1.97078606394776	1.97078606394776
t87	3.47495852810138	3.47495852810138
t89	1.64540688788244	1.64540688788244
t92	1.25021796224883	1.25021796224883
t102	0.746075667368654	0.746075667368654
t105	3.24889505190457	3.24889505190457
t108	3.56446384950618	3.56446384950618
t121	3.4007076488256	3.4007076488256
t129	0.887159268839277	0.0252454428014346
t134	1.13954719799167	1.13954719799167
t144	0.531575840913742	0.531575840913742
