taxon	fad	lad
t2	16.7190182970255	8.74740408349177
t5	1.3799252890289	1.3799252890289
t6	13.8630752254931	9.99999479285457
t10	8.53768679343667	0.315532448785198
t12	3.08199435831671	3.08199435831671
t14	3.53674045657431	3.53674045657431
t18	8.69198416727686	8.69198416727686
t20	2.63779797211137	2.63779797211137
t22	2.84103200608483	2.84103200608483
t37	1.00177573760034	1.00177573760034
t38	9.05656492719551	9.05656492719551
t41	4.42940858588712	4.42940858588712
t42	5.00750179472147	5.00750179472147
t43	2.22602684371495	0.713162444013591
t44	2.71427982186599	2.71427982186599
t47	5.8793040752594	5.8793040752594
t48	2.48802035169539	2.48802035169539
t52	9.59878688163264	9.59878688163264
t55	0.179519115315365	0.179519115315365
t58	0.423447070736543	0.423447070736543
t60	2.08673990600155	2.08673990600155
t67	1.20437090005087	1.20437090005087
t70	0.139428214977126	0.139428214977126
t74	5.32569628481157	5.32569628481157
t76	1.25031448825587	1.25031448825587
t77	6.42758317595985	4.88876337489751
t78	3.89087824668683	1.2346206750343
t80	1.91970344219305	1.36770756501112
t83	0.950057376697139	0.950057376697139
t84	2.58715964245508	2.58715964245508
t85	0.745759622440826	0.745759622440826
t87	4.17149812597996	3.81706513544667
t90	0.201672228818854	0.201672228818854
t91	0.178567684869115	0.178567684869115
t95	4.04747961492983	4.04747961492983
t105	6.42176131135078	6.42176131135078
t106	6.07433876025217	6.07433876025217
t110	4.27893022593059	1.01137770469009
t147	3.5939132087463	3.5939132087463
t151	0.443336645945578	0.443336645945578
t161	1.79578973508919	1.79578973508919
t163	4.63839415369922	4.63839415369922
t171	3.36413783816019	1.4109211075432
t174	0.435121722775779	0.435121722775779
t176	0.896929014063851	0.896929014063851
t194	2.27870762176381	2.27870762176381
t201	0.681182515263838	0.681182515263838
