taxon	max_age	min_age
t2	18.1030700542033	8.59669721983336
t3	14.7125206562305	13.1242931355337
t4	11.5535202917878	11.5535202917878
t5	9.37421139060173	5.8919277154899
t6	5.89169686910369	5.89169686910369
t9	3.39514109110578	3.39514109110578
t11	6.59275191440399	6.59275191440399
t15	1.26158774941437	1.26158774941437
t16	4.97204615249882	4.8367773646454
t19	0.98942388357818	0.98942388357818
t20	6.90627001960161	6.90627001960161
t21	7.69753163046733	7.14560857221923
t25	5.61444019788954	4.95140125693245
t36	0.1274827377188	0.1274827377188
t42	0.00139980868641487	0.00139980868641487
t43	2.59296400581004	2.59296400581004
t51	4.43673576273723	1.89797506713076
t52	0.626266353778302	0.626266353778302
t55	1.05849043511231	1.05849043511231
t68	0.436883736688227	0.436883736688227
t70	1.0299352450692	1.0299352450692
t75	0.660566056144756	0.660566056144756
t80	5.04256016980496	4.32009736481694
t85	0.515328550944865	0.515328550944865
