taxon	max_age	min_age
t6	13.6854761089859	12.3154751952467
t7	13.7831507560781	13.7831507560781
t8	2.55892958375565	2.55892958375565
t10	7.3037193495683	7.3037193495683
t14	5.80697296070806	5.80697296070806
t16	7.65036294382293	6.06911632802082
t21	7.12342156994701	7.12342156994701
t27	0.876708739034427	0.876708739034427
t36	7.74260050890462	7.74260050890462
t39	6.11180273879308	4.88799703691756
t45	0.797148107022636	0.797148107022636
t46	3.82996789683989	3.82996789683989
t47	7.19262029393357	7.19262029393357
t48	4.256928560095	4.256928560095
t49	2.03468023968405	1.93927385896727
t54	2.5777203387622	2.06290605320076
t55	0.678253832468734	0.678253832468734
t56	0.864332196435683	0.864332196435683
t58	0.931972371426394	0.931972371426394
t59	3.67869606823932	3.67869606823932
t60	1.78685544081411	1.78685544081411
t67	6.63013540089004	6.63013540089004
t68	2.82092942730782	2.82092942730782
t71	8.16711725084823	0.942792337152774
t74	1.59101641523332	0.54432716007025
t77	0.896398104978065	0.896398104978065
t81	3.61344245188718	3.61344245188718
t83	3.73113656854627	3.73113656854627
t86	1.75243604681111	1.75243604681111
t91	4.64188060233512	2.6582913580587
t93	2.64236238513146	2.64236238513146
t98	1.07334743317777	1.07334743317777
t101	1.956348546145	1.956348546145
t103	2.5547399243667	2.4010615574523
t112	3.93158599491786	0.0221462709791531
t117	1.77991416727944	1.77991416727944
t122	1.82991273704666	1.82991273704666
t126	0.0130355830284508	0.0130355830284508
t130	5.85241564649893	5.85241564649893
t131	1.40993579773354	0.955928415228897
t135	1.60032162299393	0.529161340985581
t136	1.64612093319086	1.64612093319086
t137	5.85348408476571	5.85348408476571
t138	5.32766952694335	5.32766952694335
t161	1.16843197682704	1.16843197682704
t163	0.463418223039863	0.463418223039863
t165	1.15252578047687	1.15252578047687
t182	1.51697968371472	1.51697968371472
t191	1.91469861248004	1.91469861248004
t193	0.958110628863288	0.958110628863288
t195	0.97170682241779	0.97170682241779
