taxon	max_age	min_age
t1	13.9748911792412	13.9748911792412
t3	13.7229971837411	9.41206862387901
t7	8.11984028850438	8.11984028850438
t8	3.77983288649301	0.134227075800588
t15	5.35789526264904	5.35789526264904
t16	0.417721754950577	0.417721754950577
t17	3.09818229874834	3.09818229874834
t19	1.56518992190881	1.56518992190881
t24	7.56231908970007	7.56231908970007
t25	0.675307200050892	0.675307200050892
t31	7.30493361413904	1.17694220323541
t32	1.13519396990601	1.13519396990601
t34	3.69895996248571	3.69895996248571
