taxon	max_age	min_age
t1	16.3492145016789	16.3492145016789
t3	12.2318816893625	12.2318816893625
t5	8.97400812408731	8.97400812408731
t6	8.91573128522973	8.91573128522973
t7	0.472872950417493	0.472872950417493
t10	0.651239907484268	0.651239907484268
t11	12.2060148569184	12.2060148569184
t12	0.0172548803405022	0.0172548803405022
t13	7.80926852127743	7.80926852127743
t15	7.01377072605184	6.06464980869434
t18	9.21229904193359	9.21229904193359
t20	4.92824047622799	4.92824047622799
t23	2.6821251572222	2.6821251572222
