taxon	max_age	min_age
t1	13.7580426130444	4.75393923495758
t4	1.78581729897741	1.78581729897741
t5	10.2186790204614	10.2186790204614
t6	3.47058689588193	3.47058689588193
t7	12.7275438795804	12.7275438795804
t10	9.3384483473534	9.3384483473534
t21	3.64500843740281	3.64500843740281
t24	3.24068277229084	3.24068277229084
t30	2.04090034464368	2.04090034464368
t35	0.444171681993893	0.444171681993893
t37	0.0422734884467033	0.0422734884467033
