taxon	fad	lad
t1	15.7383950008079	3.4245749505652
t3	4.4462474312601	3.78739973990697
t4	9.32177837345195	8.77490216738921
t5	10.8164922740628	8.15329637716901
t10	12.361920910717	11.7811219989861
t11	7.27757055250047	7.27757055250047
t12	10.8319889267384	10.8319889267384
t14	9.81514113053324	1.1056066691752
t19	1.74414707107325	1.74414707107325
t22	0.0824442501940865	0.0824442501940865
t24	7.38847302741669	7.38847302741669
t32	6.78970459510472	4.81282475997593
t33	6.54442577361772	3.00278688985566
t34	1.93903929010433	0.00491879802596529
t44	9.45868952926158	6.0037390432116
t46	8.70996958769275	3.19452182463797
t48	1.017029627435	1.017029627435
t50	5.32235525275929	5.32235525275929
t52	7.12974226140144	3.67634057570907
t54	2.80581181075213	0.108764982451124
t58	6.24888506612142	6.24888506612142
t66	8.22024760119354	8.22024760119354
t72	2.21621041420705	2.21621041420705
t79	0.886723319081526	0.886723319081526
t85	0.297466196186555	0.297466196186555
t87	7.23654745600276	7.23654745600276
t89	2.05040012375385	2.05040012375385
t92	0.112082592641524	0.112082592641524
t98	0.298867290281098	0.298867290281098
t99	0.567869883420812	0.567869883420812
t101	0.658497887200596	0.658497887200596
t110	2.58483721952536	1.49812363211403
t111	1.94304092327465	1.94304092327465
t119	1.98060787026718	1.98060787026718
t123	0.599962860511159	0.599962860511159
