taxon	max_age	min_age
t2	16.2523775983759	16.2523775983759
t4	16.3300704078648	16.3300704078648
t9	13.1177209862434	13.0608632308357
t10	12.9135573171435	12.9135573171435
t12	8.15698115961571	8.15698115961571
t13	6.3519729171767	6.3519729171767
t15	4.22975441299723	4.22975441299723
t16	6.5185133667991	3.61659822517366
t17	5.81466216693376	5.81466216693376
t18	5.32889490753324	5.32889490753324
t20	6.48602280437699	6.10892213087282
t22	11.134603571845	9.9895880548217
t23	4.75892731667818	4.75892731667818
t27	6.3104491201642	6.3104491201642
t33	2.83055316750809	2.83055316750809
t37	2.42569921304329	1.02468205381973
t41	5.1728539874658	5.1728539874658
t45	4.98142093319353	4.98142093319353
t47	3.1698857134425	3.1698857134425
t53	2.01378546351611	2.01378546351611
t55	7.49825675269017	7.49825675269017
t56	6.66455944104232	6.66455944104232
t57	0.833455570154385	0.833455570154385
t71	2.92764107739631	2.92764107739631
t73	1.94597439599601	1.94597439599601
