taxon	fad	lad
t1	14.7920151380822	2.14563862341289
t3	10.2844299822628	2.16781085208637
t4	2.63018174492595	2.63018174492595
t6	0.196084513660761	0.135442086587048
t8	14.6875871781418	14.6875871781418
t9	7.59375476452794	7.59375476452794
t12	5.08388688917167	2.49062174129195
t14	2.1509367055625	2.1509367055625
t20	1.08178671917219	0.975597077070667
t21	14.2994010775819	14.2994010775819
t24	0.00295825799980065	0.00295825799980065
t28	9.05175675186362	8.7563750750914
t31	4.36679434381452	4.36679434381452
t32	1.43389802439403	1.43389802439403
t36	12.5405526552044	12.0925076510452
t37	2.7480180089441	2.7480180089441
t41	7.2274780826034	7.2274780826034
t44	5.73891367870534	5.73891367870534
t47	7.75626765951825	7.75626765951825
t48	3.28210998855498	3.28210998855498
t49	3.23698860966877	3.23698860966877
t51	6.08928676116555	6.08928676116555
t53	4.46916406234291	4.46916406234291
t55	0.163709986087092	0.163709986087092
t57	4.20591296571781	4.20591296571781
t60	1.76118116550044	1.76118116550044
t67	3.76703137448829	3.76703137448829
t68	2.29410668110906	2.29410668110906
t76	0.292460412068269	0.292460412068269
t77	0.682005608327085	0.682005608327085
t81	0.782159897940495	0.782159897940495
t90	0.501504271007022	0.501504271007022
t93	1.46761109969419	1.46761109969419
t96	5.3041403880382	0.362289273183979
t98	3.96218679447274	3.96218679447274
t103	3.82120232109515	2.24012941599427
t104	4.20133629049062	4.20133629049062
t105	4.35381114240502	3.33252251938796
t121	0.330411140156524	0.330411140156524
t126	2.14558901265271	2.14558901265271
t133	0.0201551940508011	0.0201551940508011
