taxon	fad	lad
t2	16.0001218863611	12.3405570289899
t9	10.3297697077652	10.3297697077652
t12	11.5333350732264	11.5333350732264
t13	2.85485377577391	2.85485377577391
t14	9.81360534630063	7.45361931114736
t15	9.13693018148264	9.13693018148264
t18	12.8120429032456	10.3888232698371
t24	1.37174867757423	1.37174867757423
t25	3.86082324851941	3.86082324851941
t29	7.75657855854364	5.23204956286392
t31	6.55204879444057	6.55204879444057
t32	0.722397741517035	0.722397741517035
t35	7.06804941657972	2.65304293182111
t37	7.00188038110199	7.00188038110199
t38	6.13942525202939	2.91451254572474
t43	6.02911468312831	6.02911468312831
t46	8.38768122576521	8.38768122576521
t47	2.19927295435564	2.19927295435564
t48	0.257096964525097	0.257096964525097
t49	2.36880425081344	2.36880425081344
t64	8.42059297902787	8.42059297902787
t65	5.23409097121779	5.23409097121779
t67	2.25060094217714	2.25060094217714
t69	4.6308009224838	4.6308009224838
t72	1.71296385675497	1.71296385675497
t77	0.259617782248149	0.259617782248149
t80	3.26780659878598	3.26780659878598
t82	3.96413945357627	3.96413945357627
t83	2.92398209620465	2.92398209620465
t85	3.98355802448162	3.98355802448162
t90	6.3495596917726	0.893989783408585
t92	0.720474215712844	0.720474215712844
t97	1.52367590224382	1.52367590224382
t104	0.354926267100474	0.354926267100474
t105	0.194605650282636	0.194605650282636
t110	2.35703178048605	2.35703178048605
t112	0.0886418175971002	0.0886418175971002
t117	4.41633979853452	4.41633979853452
t121	0.00848026262173107	0.00848026262173107
t134	1.75637465781424	1.75637465781424
t141	1.76442894677995	1.76442894677995
t148	2.07507774189544	2.07507774189544
t159	1.51936813950252	1.51936813950252
