taxon	max_age	min_age
t1	18.8909717602655	14.8236368977693
t2	17.2628825287507	16.6004341290535
t3	16.545795558255	9.22724308604885
t6	0.169098012985607	0.169098012985607
t10	11.3555074142729	5.80153039977595
t21	0.0478211417955734	0.0478211417955734
t22	3.41921268756773	0.892324864671487
t26	3.01294982161458	3.01294982161458
t29	3.67528249829543	3.67528249829543
t31	1.17792269037554	1.17792269037554
t34	8.71308150804824	8.71308150804824
t35	4.20772602682569	4.20772602682569
t39	0.512489198924889	0.512489198924889
t41	4.7692869630375	4.7692869630375
t42	5.88522884849939	5.88522884849939
t49	3.31951867671189	3.31951867671189
t50	4.94601948042109	4.94601948042109
t52	8.41473786341613	8.41473786341613
t58	1.00139731352546	1.00139731352546
t61	7.71619515676139	7.71619515676139
t62	4.12235520107584	4.12235520107584
t65	0.246195067521221	0.246195067521221
t72	4.37022774303579	4.37022774303579
t73	5.8165774073733	1.88804882657422
t74	3.57691440002198	3.57691440002198
t75	4.98602585012754	4.98602585012754
t77	2.28323046009268	2.28323046009268
t86	4.86600882467438	4.86600882467438
t87	5.2008861404903	5.2008861404903
t94	3.95358559675092	3.95358559675092
t103	4.22443755982883	4.22443755982883
t111	3.7772727509539	0.591895499597062
t113	0.183954527761564	0.183954527761564
t114	0.923175847232127	0.915470610447013
t117	0.420566261205437	0.420566261205437
t118	3.77338677682628	0.17005646046028
t120	1.56568074918854	1.56568074918854
t140	0.937497447063976	0.937497447063976
