taxon	first_age	last_age
t1	14.450838264085	14.450838264085
t2	11.9370717818493	7.43670076038706
t3	10.5578786783181	10.5578786783181
t4	11.0590252313297	11.0590252313297
t6	9.28066022790365	9.28066022790365
t8	6.57564371554665	0
t11	2.23381518681801	0
t14	2.34458613324053	0
t16	1.12936555251414	0
t18	0.971943471625774	0
t21	0.218664898957375	0
t23	1.24741015505181	0
t25	2.6868897845596	0
