taxon	first_age	last_age
t1	18.8529064330063	9.34078661561596
t4	11.5474686525594	7.6016986728601
t5	15.603797398831	11.6281033031459
t6	7.3179160084041	0
t7	10.8857033151695	7.12923556284581
t8	13.0323907619718	12.859409064307
t10	11.7298222227507	11.7298222227507
t11	8.49704538932775	8.49704538932775
t13	6.84026720317854	0
t14	8.50772919002653	6.6978909553018
t16	6.89189386468124	6.89189386468124
t18	2.3073644927981	2.3073644927981
t20	1.86728003155972	0
