taxon	fad	lad
t1	26.5293191902498	3.92316856289415
t2	10.258676037429	10.0393135963358
t4	3.48478282761307	3.48478282761307
t7	3.87879171284098	3.87879171284098
t9	4.29501351770552	0.124221483829086
t12	2.42645642674566	2.42645642674566
t15	2.89768750752582	2.89768750752582
t16	2.38582117751548	2.38582117751548
t17	1.80583322621758	1.80583322621758
t18	0.528834924837895	0.528834924837895
t21	1.25529467407855	0.45414078794661
