taxon	min_age	max_age	status
t1	5.32134593309214	7.98201889963821	extinct
t1	0	2.66067296654607	extinct
t2	0	2.66067296654607	extant
t3	0	2.66067296654607	extant
t4	0	2.66067296654607	extant
t5	0	2.66067296654607	extinct
