taxon	min_age	max_age	status
t1	7.59711888463547	11.3956783269532	extinct
t2	7.59711888463547	11.3956783269532	extant
t2	0	3.79855944231773	extant
t4	3.79855944231773	7.59711888463547	extant
t4	0	3.79855944231773	extant
t5	0	3.79855944231773	extant
t6	0	3.79855944231773	extant
