taxon	min_age	max_age	status
t1	9.61044840204219	14.4156726030633	extinct
t2	9.61044840204219	14.4156726030633	extinct
t2	0	4.8052242010211	extinct
t3	9.61044840204219	14.4156726030633	extinct
t3	4.8052242010211	9.61044840204219	extinct
t4	0	4.8052242010211	extant
t5	4.8052242010211	9.61044840204219	extinct
t5	0	4.8052242010211	extinct
t6	4.8052242010211	9.61044840204219	extinct
t7	0	4.8052242010211	extinct
t8	0	4.8052242010211	extinct
