taxon	min_age	max_age	status
t1	4.8813165553535	9.762633110707	extinct
t1	0	4.8813165553535	extinct
t2	0	4.8813165553535	extant
t3	0	4.8813165553535	extant
t4	0	4.8813165553535	extinct
t5	0	4.8813165553535	extant
t6	0	4.8813165553535	extant
