taxon	min_age	max_age	status
t1	9.24212948263933	13.863194223959	extinct
t2	9.24212948263933	13.863194223959	extant
t2	0	4.62106474131967	extant
t3	4.62106474131967	9.24212948263933	extinct
t3	0	4.62106474131967	extinct
t4	4.62106474131967	9.24212948263933	extinct
t4	0	4.62106474131967	extinct
t5	0	4.62106474131967	extant
t6	0	4.62106474131967	extinct
t7	0	4.62106474131967	extinct
