taxon	min_age	max_age	status
t1	5.16122443446269	7.74183665169403	extant
t1	0	2.58061221723134	extant
t2	2.58061221723134	5.16122443446269	extant
t2	0	2.58061221723134	extant
t3	0	2.58061221723134	extant
t5	0	2.58061221723134	extinct
t6	0	2.58061221723134	extant
