taxon	min_age	max_age	status
t1	8.75665083061904	13.1349762459286	extinct
t2	8.75665083061904	13.1349762459286	extant
t2	0	4.37832541530952	extant
t3	8.75665083061904	13.1349762459286	extant
t3	0	4.37832541530952	extant
t4	0	4.37832541530952	extinct
t7	0	4.37832541530952	extinct
t9	8.75665083061904	13.1349762459286	extinct
t11	0	4.37832541530952	extant
t13	8.75665083061904	13.1349762459286	extinct
t15	0	4.37832541530952	extinct
t16	0	4.37832541530952	extant
