taxon	min_age	max_age	status
t1	6.57779206366589	9.86668809549883	extant
t1	0	3.28889603183294	extant
t2	3.28889603183294	6.57779206366589	extinct
t3	0	3.28889603183294	extant
t4	3.28889603183294	6.57779206366589	extinct
t4	0	3.28889603183294	extinct
t5	0	3.28889603183294	extant
