taxon	min_age	max_age	status
t1	6.22962718208631	9.34444077312946	extinct
t1	0	3.11481359104315	extinct
t2	3.11481359104315	6.22962718208631	extinct
t2	0	3.11481359104315	extinct
t3	0	3.11481359104315	extinct
t4	0	3.11481359104315	extinct
t5	0	3.11481359104315	extinct
t7	0	3.11481359104315	extinct
