taxon	min_age	max_age	status
t1	8.18692994769663	12.2803949215449	extinct
t1	4.09346497384831	8.18692994769663	extinct
t2	8.18692994769663	12.2803949215449	extinct
t3	0	4.09346497384831	extinct
t5	0	4.09346497384831	extant
t6	0	4.09346497384831	extinct
t8	0	4.09346497384831	extant
