taxon	min_age	max_age	status
t1	4.7568768945833	7.13531534187496	extant
t1	2.37843844729165	4.7568768945833	extant
t2	0	2.37843844729165	extant
t3	2.37843844729165	4.7568768945833	extinct
t4	0	2.37843844729165	extinct
t5	0	2.37843844729165	extant
