taxon	min_age	max_age	status
t1	4.02281378706296	6.03422068059444	extinct
t2	4.02281378706296	6.03422068059444	extinct
t3	4.02281378706296	6.03422068059444	extant
t3	0	2.01140689353148	extant
t4	4.02281378706296	6.03422068059444	extant
t4	0	2.01140689353148	extant
t5	0	2.01140689353148	extant
t6	0	2.01140689353148	extant
t7	0	2.01140689353148	extant
