taxon	min_age	max_age	status
t1	4.92191715010752	7.38287572516128	extinct
t1	0	2.46095857505376	extinct
t2	2.46095857505376	4.92191715010752	extinct
t2	0	2.46095857505376	extinct
t3	0	2.46095857505376	extinct
t4	0	2.46095857505376	extinct
t5	0	2.46095857505376	extant
t6	0	2.46095857505376	extant
t7	0	2.46095857505376	extant
t9	0	2.46095857505376	extant
t10	0	2.46095857505376	extant
