taxon	min_age	max_age	status
t1	6.88600045473625	10.3290006821044	extant
t1	0	3.44300022736813	extant
t2	6.88600045473625	10.3290006821044	extinct
t3	6.88600045473625	10.3290006821044	extinct
t4	3.44300022736813	6.88600045473625	extant
t5	6.88600045473625	10.3290006821044	extinct
t6	0	3.44300022736813	extant
