taxon	min_age	max_age	status
t1	8.65025920638194	12.9753888095729	extinct
t1	0	4.32512960319097	extinct
t2	4.32512960319097	8.65025920638194	extinct
t2	0	4.32512960319097	extinct
t4	0	4.32512960319097	extant
t5	4.32512960319097	8.65025920638194	extant
t5	0	4.32512960319097	extant
t7	0	4.32512960319097	extant
t8	0	4.32512960319097	extant
