taxon	min_age	max_age	status
t1	6.17875249435504	9.26812874153256	extinct
t1	0	3.08937624717752	extinct
t2	3.08937624717752	6.17875249435504	extant
t2	0	3.08937624717752	extant
t3	3.08937624717752	6.17875249435504	extant
t3	0	3.08937624717752	extant
t4	0	3.08937624717752	extant
t5	0	3.08937624717752	extant
t6	0	3.08937624717752	extant
t7	0	3.08937624717752	extant
