taxon	min_age	max_age	status
t1	0	1.90415083896369	extant
t2	0	1.90415083896369	extant
t3	0	1.90415083896369	extant
t4	0	1.90415083896369	extant
t5	0	1.90415083896369	extant
t7	0	1.90415083896369	extant
t8	0	1.90415083896369	extant
