taxon	min_age	max_age	status
t1	3.38940012268722	5.08410018403083	extant
t1	1.69470006134361	3.38940012268722	extant
t2	3.38940012268722	5.08410018403083	extinct
t2	0	1.69470006134361	extinct
t3	3.38940012268722	5.08410018403083	extant
t4	0	1.69470006134361	extant
t6	1.69470006134361	3.38940012268722	extant
t7	1.69470006134361	3.38940012268722	extant
t8	0	1.69470006134361	extant
t9	0	1.69470006134361	extant
t10	1.69470006134361	3.38940012268722	extinct
