taxon	min_age	max_age	status
t1	6.92661366425455	10.3899204963818	extinct
t1	3.46330683212727	6.92661366425455	extinct
t2	3.46330683212727	6.92661366425455	extinct
t3	0	3.46330683212727	extinct
t4	0	3.46330683212727	extant
t5	3.46330683212727	6.92661366425455	extant
t5	0	3.46330683212727	extant
t6	0	3.46330683212727	extant
t7	0	3.46330683212727	extant
