taxon	min_age	max_age	status
t1	7.57466508541256	11.3619976281188	extinct
t2	3.78733254270628	7.57466508541256	extant
t3	7.57466508541256	11.3619976281188	extant
t3	0	3.78733254270628	extant
t4	0	3.78733254270628	extant
t5	0	3.78733254270628	extant
t6	0	3.78733254270628	extinct
t8	0	3.78733254270628	extant
t11	0	3.78733254270628	extant
