taxon	min_age	max_age	status
t1	9.95533557608724	14.9330033641309	extant
t1	0	4.97766778804362	extant
t2	9.95533557608724	14.9330033641309	extinct
t3	4.97766778804362	9.95533557608724	extinct
t3	0	4.97766778804362	extinct
t4	0	4.97766778804362	extinct
t5	9.95533557608724	14.9330033641309	extinct
t5	0	4.97766778804362	extinct
t6	0	4.97766778804362	extinct
t7	0	4.97766778804362	extant
t8	0	4.97766778804362	extant
t9	0	4.97766778804362	extant
