taxon	min_age	max_age	status
t1	4.9849268173178	7.4773902259767	extinct
t2	4.9849268173178	7.4773902259767	extinct
t2	2.4924634086589	4.9849268173178	extinct
t3	4.9849268173178	7.4773902259767	extant
t3	0	2.4924634086589	extant
t4	4.9849268173178	7.4773902259767	extinct
t5	4.9849268173178	7.4773902259767	extinct
t6	0	2.4924634086589	extant
