taxon	min_age	max_age	status
t1	2.82740570371971	5.65481140743941	extinct
t1	0	2.82740570371971	extinct
t2	2.82740570371971	5.65481140743941	extinct
t3	2.82740570371971	5.65481140743941	extinct
t3	0	2.82740570371971	extinct
t4	2.82740570371971	5.65481140743941	extinct
t4	0	2.82740570371971	extinct
t5	2.82740570371971	5.65481140743941	extinct
t5	0	2.82740570371971	extinct
