taxon	min_age	max_age	status
t1	9.77216280686359	14.6582442102954	extant
t1	0	4.88608140343179	extant
t2	9.77216280686359	14.6582442102954	extinct
t2	4.88608140343179	9.77216280686359	extinct
t3	4.88608140343179	9.77216280686359	extinct
t4	4.88608140343179	9.77216280686359	extinct
t4	0	4.88608140343179	extinct
t5	0	4.88608140343179	extant
t6	4.88608140343179	9.77216280686359	extinct
t8	4.88608140343179	9.77216280686359	extant
t8	0	4.88608140343179	extant
t9	4.88608140343179	9.77216280686359	extant
t9	0	4.88608140343179	extant
t10	0	4.88608140343179	extinct
t11	0	4.88608140343179	extant
