taxon	min_age	max_age	status
t1	7.73687380210807	11.6053107031621	extant
t1	0	3.86843690105403	extant
t2	7.73687380210807	11.6053107031621	extinct
t2	3.86843690105403	7.73687380210807	extinct
t3	7.73687380210807	11.6053107031621	extinct
t3	3.86843690105403	7.73687380210807	extinct
t5	3.86843690105403	7.73687380210807	extinct
t6	0	3.86843690105403	extant
