taxon	min_age	max_age	status
t1	2.47765249417474	4.95530498834948	extant
t1	0	2.47765249417474	extant
t2	0	2.47765249417474	extant
t3	4.95530498834948	7.43295748252422	extinct
t3	0	2.47765249417474	extinct
t4	0	2.47765249417474	extant
t5	0	2.47765249417474	extant
t6	0	2.47765249417474	extant
t7	0	2.47765249417474	extant
t8	0	2.47765249417474	extant
