taxon	min_age	max_age	status
t1	5.71885247714818	8.57827871572226	extinct
t2	5.71885247714818	8.57827871572226	extant
t2	0	2.85942623857409	extant
t3	5.71885247714818	8.57827871572226	extant
t3	0	2.85942623857409	extant
t4	0	2.85942623857409	extant
t5	2.85942623857409	5.71885247714818	extinct
t5	0	2.85942623857409	extinct
