taxon	min_age	max_age	status
t1	2.56738506645585	5.1347701329117	extinct
t2	2.56738506645585	5.1347701329117	extinct
t3	2.56738506645585	5.1347701329117	extinct
t3	0	2.56738506645585	extinct
t4	0	2.56738506645585	extant
t6	2.56738506645585	5.1347701329117	extinct
t8	0	2.56738506645585	extant
t9	0	2.56738506645585	extant
t10	0	2.56738506645585	extant
t11	0	2.56738506645585	extant
t12	0	2.56738506645585	extant
t13	0	2.56738506645585	extant
t14	0	2.56738506645585	extant
