taxon	min_age	max_age	status
t1	9.12355078694721	13.6853261804208	extinct
t1	0	4.56177539347361	extinct
t2	9.12355078694721	13.6853261804208	extant
t2	4.56177539347361	9.12355078694721	extant
t3	4.56177539347361	9.12355078694721	extinct
t3	0	4.56177539347361	extinct
t5	4.56177539347361	9.12355078694721	extant
t5	0	4.56177539347361	extant
t9	4.56177539347361	9.12355078694721	extant
