taxon	min_age	max_age	status
t1	6.41820114571601	9.62730171857402	extinct
t1	3.20910057285801	6.41820114571601	extinct
t2	6.41820114571601	9.62730171857402	extant
t2	0	3.20910057285801	extant
t3	3.20910057285801	6.41820114571601	extant
t3	0	3.20910057285801	extant
t4	6.41820114571601	9.62730171857402	extinct
t5	3.20910057285801	6.41820114571601	extinct
t6	3.20910057285801	6.41820114571601	extinct
