taxon	min_age	max_age	status
t1	7.24613052327186	10.8691957849078	extinct
t1	0	3.62306526163593	extinct
t2	3.62306526163593	7.24613052327186	extinct
t2	0	3.62306526163593	extinct
t3	3.62306526163593	7.24613052327186	extinct
t3	0	3.62306526163593	extinct
t4	0	3.62306526163593	extant
t5	0	3.62306526163593	extinct
