taxon	min_age	max_age	status
t1	8.25513531764348	12.3827029764652	extinct
t1	4.12756765882174	8.25513531764348	extinct
t2	8.25513531764348	12.3827029764652	extinct
t2	4.12756765882174	8.25513531764348	extinct
t3	8.25513531764348	12.3827029764652	extinct
t4	0	4.12756765882174	extinct
t5	8.25513531764348	12.3827029764652	extinct
t6	4.12756765882174	8.25513531764348	extinct
t6	0	4.12756765882174	extinct
