taxon	min_age	max_age	status
t1	4.74153345605979	7.11230018408969	extant
t1	0	2.3707667280299	extant
t2	0	2.3707667280299	extant
t3	0	2.3707667280299	extant
t4	4.74153345605979	7.11230018408969	extinct
t4	2.3707667280299	4.74153345605979	extinct
t5	0	2.3707667280299	extant
