taxon	min_age	max_age	status
t1	4.49919455839942	6.74879183759913	extant
t1	0	2.24959727919971	extant
t2	2.24959727919971	4.49919455839942	extant
t3	0	2.24959727919971	extant
t4	0	2.24959727919971	extant
t5	0	2.24959727919971	extant
