taxon	min_age	max_age	status
t1	9.18573462714752	13.7786019407213	extant
t1	0	4.59286731357376	extant
t2	0	4.59286731357376	extinct
t3	0	4.59286731357376	extant
t4	0	4.59286731357376	extant
t5	0	4.59286731357376	extant
t7	0	4.59286731357376	extant
