taxon	min_age	max_age	status
t1	8.72274700707445	13.0841205106117	extant
t1	0	4.36137350353723	extant
t2	8.72274700707445	13.0841205106117	extant
t2	0	4.36137350353723	extant
t3	8.72274700707445	13.0841205106117	extinct
t3	4.36137350353723	8.72274700707445	extinct
t4	0	4.36137350353723	extant
t5	0	4.36137350353723	extant
t6	0	4.36137350353723	extant
t7	0	4.36137350353723	extant
