taxon	min_age	max_age	status
t1	8.02969782613218	12.0445467391983	extant
t1	0	4.01484891306609	extant
t2	8.02969782613218	12.0445467391983	extinct
t3	0	4.01484891306609	extant
t4	0	4.01484891306609	extant
t5	0	4.01484891306609	extant
t6	8.02969782613218	12.0445467391983	extinct
t6	0	4.01484891306609	extinct
t8	0	4.01484891306609	extant
t9	0	4.01484891306609	extant
t10	0	4.01484891306609	extant
t11	0	4.01484891306609	extinct
t12	0	4.01484891306609	extinct
