taxon	min_age	max_age	status
t1	3.94351815804839	5.91527723707259	extant
t1	0	1.9717590790242	extant
t2	0	1.9717590790242	extant
t3	0	1.9717590790242	extinct
t4	0	1.9717590790242	extant
t5	0	1.9717590790242	extant
t6	0	1.9717590790242	extant
