taxon	min_age	max_age	status
t1	6.59230379698177	9.88845569547266	extinct
t1	3.29615189849089	6.59230379698177	extinct
t2	6.59230379698177	9.88845569547266	extinct
t3	3.29615189849089	6.59230379698177	extant
t3	0	3.29615189849089	extant
t4	6.59230379698177	9.88845569547266	extinct
t4	3.29615189849089	6.59230379698177	extinct
t5	3.29615189849089	6.59230379698177	extinct
t5	0	3.29615189849089	extinct
t8	6.59230379698177	9.88845569547266	extinct
t8	3.29615189849089	6.59230379698177	extinct
