taxon	min_age	max_age	status
t2	3.80038430914283	7.60076861828566	extinct
t4	3.80038430914283	7.60076861828566	extant
t5	3.80038430914283	7.60076861828566	extant
t6	3.80038430914283	7.60076861828566	extant
t6	0	3.80038430914283	extant
t7	3.80038430914283	7.60076861828566	extinct
