taxon	min_age	max_age	status
t1	2.20849873808523	4.41699747617046	extant
t2	4.41699747617046	6.62549621425569	extinct
t2	2.20849873808523	4.41699747617046	extinct
t3	2.20849873808523	4.41699747617046	extant
t8	4.41699747617046	6.62549621425569	extant
t8	2.20849873808523	4.41699747617046	extant
t9	2.20849873808523	4.41699747617046	extant
