taxon	min_age	max_age	status
t1	6.86163388192654	10.2924508228898	extinct
t1	3.43081694096327	6.86163388192654	extinct
t2	6.86163388192654	10.2924508228898	extinct
t2	0	3.43081694096327	extinct
t3	0	3.43081694096327	extinct
t4	6.86163388192654	10.2924508228898	extinct
t5	0	3.43081694096327	extant
