taxon	min_age	max_age	status
t1	5.16272992516557	7.74409488774836	extant
t1	0	2.58136496258279	extant
t2	2.58136496258279	5.16272992516557	extant
t2	0	2.58136496258279	extant
t3	2.58136496258279	5.16272992516557	extinct
t4	5.16272992516557	7.74409488774836	extant
t4	0	2.58136496258279	extant
t6	0	2.58136496258279	extant
