taxon	min_age	max_age	status
t2	7.22298828574518	10.8344824286178	extant
t2	0	3.61149414287259	extant
t3	7.22298828574518	10.8344824286178	extinct
t3	0	3.61149414287259	extinct
t6	7.22298828574518	10.8344824286178	extinct
t6	3.61149414287259	7.22298828574518	extinct
t7	0	3.61149414287259	extant
t8	0	3.61149414287259	extant
