taxon	min_age	max_age	status
t1	8.23839486266176	12.3575922939926	extinct
t1	0	4.11919743133088	extinct
t2	8.23839486266176	12.3575922939926	extinct
t2	4.11919743133088	8.23839486266176	extinct
t3	4.11919743133088	8.23839486266176	extinct
t4	8.23839486266176	12.3575922939926	extinct
t4	4.11919743133088	8.23839486266176	extinct
t5	8.23839486266176	12.3575922939926	extinct
t6	4.11919743133088	8.23839486266176	extinct
t7	4.11919743133088	8.23839486266176	extinct
