taxon	min_age	max_age	status
t1	3.49990331567824	5.24985497351736	extant
t1	0	1.74995165783912	extant
t2	1.74995165783912	3.49990331567824	extinct
t3	1.74995165783912	3.49990331567824	extinct
t3	0	1.74995165783912	extinct
t4	0	1.74995165783912	extant
t5	0	1.74995165783912	extant
