taxon	min_age	max_age	status
t1	3.93400317368408	5.90100476052612	extinct
t1	1.96700158684204	3.93400317368408	extinct
t2	3.93400317368408	5.90100476052612	extant
t2	0	1.96700158684204	extant
t4	1.96700158684204	3.93400317368408	extant
t5	0	1.96700158684204	extant
t6	1.96700158684204	3.93400317368408	extinct
