taxon	min_age	max_age	status
t1	7.55950591371705	11.3392588705756	extant
t1	0	3.77975295685853	extant
t2	7.55950591371705	11.3392588705756	extinct
t3	7.55950591371705	11.3392588705756	extinct
t4	0	3.77975295685853	extinct
t5	0	3.77975295685853	extant
