taxon	min_age	max_age	status
t1	9.12004977464676	13.6800746619701	extinct
t1	0	4.56002488732338	extinct
t2	9.12004977464676	13.6800746619701	extinct
t2	0	4.56002488732338	extinct
t3	4.56002488732338	9.12004977464676	extant
t3	0	4.56002488732338	extant
t4	4.56002488732338	9.12004977464676	extant
t4	0	4.56002488732338	extant
t5	0	4.56002488732338	extant
t7	0	4.56002488732338	extinct
t8	0	4.56002488732338	extinct
t9	0	4.56002488732338	extinct
t10	0	4.56002488732338	extant
