taxon	min_age	max_age	status
t1	3.8027323782444	5.7040985673666	extant
t1	1.9013661891222	3.8027323782444	extant
t2	1.9013661891222	3.8027323782444	extinct
t2	0	1.9013661891222	extinct
t3	1.9013661891222	3.8027323782444	extinct
t4	1.9013661891222	3.8027323782444	extinct
t4	0	1.9013661891222	extinct
t5	0	1.9013661891222	extant
t7	0	1.9013661891222	extant
