taxon	min_age	max_age	status
t1	9.06691285781562	13.6003692867234	extinct
t2	9.06691285781562	13.6003692867234	extinct
t2	4.53345642890781	9.06691285781562	extinct
t3	4.53345642890781	9.06691285781562	extant
t4	4.53345642890781	9.06691285781562	extinct
t6	0	4.53345642890781	extant
