taxon	min_age	max_age	status
t1	8.77993104824175	13.1698965723626	extinct
t2	8.77993104824175	13.1698965723626	extant
t3	4.38996552412088	8.77993104824175	extinct
t4	8.77993104824175	13.1698965723626	extinct
t4	4.38996552412088	8.77993104824175	extinct
t5	8.77993104824175	13.1698965723626	extinct
t5	4.38996552412088	8.77993104824175	extinct
t6	4.38996552412088	8.77993104824175	extinct
