taxon	min_age	max_age	status
t1	8.53232141273717	12.7984821191058	extinct
t2	8.53232141273717	12.7984821191058	extant
t2	0	4.26616070636859	extant
t3	8.53232141273717	12.7984821191058	extinct
t4	8.53232141273717	12.7984821191058	extinct
t4	4.26616070636859	8.53232141273717	extinct
t5	4.26616070636859	8.53232141273717	extant
t5	0	4.26616070636859	extant
