taxon	min_age	max_age	status
t1	4.5867239140595	6.88008587108925	extinct
t2	4.5867239140595	6.88008587108925	extant
t2	0	2.29336195702975	extant
t3	4.5867239140595	6.88008587108925	extinct
t3	0	2.29336195702975	extinct
t4	2.29336195702975	4.5867239140595	extant
t4	0	2.29336195702975	extant
t5	0	2.29336195702975	extinct
t6	2.29336195702975	4.5867239140595	extinct
t6	0	2.29336195702975	extinct
