taxon	min_age	max_age	status
t1	8.37685494373242	12.5652824155986	extinct
t2	8.37685494373242	12.5652824155986	extinct
t2	4.18842747186621	8.37685494373242	extinct
t3	8.37685494373242	12.5652824155986	extinct
t3	4.18842747186621	8.37685494373242	extinct
t5	0	4.18842747186621	extant
t7	0	4.18842747186621	extant
