taxon	min_age	max_age	status
t1	3.51241813817372	7.02483627634744	extant
t1	0	3.51241813817372	extant
t3	7.02483627634744	10.5372544145212	extant
t3	3.51241813817372	7.02483627634744	extant
t4	3.51241813817372	7.02483627634744	extinct
t5	3.51241813817372	7.02483627634744	extinct
t6	3.51241813817372	7.02483627634744	extinct
t6	0	3.51241813817372	extinct
