taxon	min_age	max_age	status
t2	5.29845590703189	7.94768386054784	extinct
t3	2.64922795351595	5.29845590703189	extinct
t4	2.64922795351595	5.29845590703189	extinct
t5	0	2.64922795351595	extant
t6	0	2.64922795351595	extant
