taxon	min_age	max_age	status
t1	4.82395037543029	7.23592556314543	extinct
t1	2.41197518771514	4.82395037543029	extinct
t2	2.41197518771514	4.82395037543029	extant
t2	0	2.41197518771514	extant
t3	0	2.41197518771514	extant
t4	0	2.41197518771514	extant
t5	0	2.41197518771514	extant
t6	0	2.41197518771514	extant
