taxon	min_age	max_age	status
t1	6.87298173084855	10.3094725962728	extinct
t1	0	3.43649086542428	extinct
t2	3.43649086542428	6.87298173084855	extinct
t3	6.87298173084855	10.3094725962728	extinct
t3	0	3.43649086542428	extinct
t4	3.43649086542428	6.87298173084855	extinct
t5	3.43649086542428	6.87298173084855	extant
t5	0	3.43649086542428	extant
t6	3.43649086542428	6.87298173084855	extinct
t7	0	3.43649086542428	extant
t8	0	3.43649086542428	extinct
t9	3.43649086542428	6.87298173084855	extinct
t9	0	3.43649086542428	extinct
t10	3.43649086542428	6.87298173084855	extant
t10	0	3.43649086542428	extant
t11	3.43649086542428	6.87298173084855	extinct
t11	0	3.43649086542428	extinct
t12	0	3.43649086542428	extant
t13	3.43649086542428	6.87298173084855	extant
t13	0	3.43649086542428	extant
t14	3.43649086542428	6.87298173084855	extant
t14	0	3.43649086542428	extant
t15	0	3.43649086542428	extant
