taxon	min_age	max_age	status
t1	3.54132764817526	5.31199147226289	extant
t1	0	1.77066382408763	extant
t2	3.54132764817526	5.31199147226289	extant
t2	0	1.77066382408763	extant
t3	0	1.77066382408763	extant
t4	0	1.77066382408763	extant
t5	1.77066382408763	3.54132764817526	extant
t5	0	1.77066382408763	extant
t6	1.77066382408763	3.54132764817526	extinct
t7	0	1.77066382408763	extant
