taxon	min_age	max_age	status
t1	2.90315342368558	5.80630684737116	extant
t2	2.90315342368558	5.80630684737116	extant
t3	2.90315342368558	5.80630684737116	extant
t4	2.90315342368558	5.80630684737116	extinct
t5	2.90315342368558	5.80630684737116	extant
