taxon	min_age	max_age	status
t1	1.79000629422565	3.58001258845131	extinct
t2	1.79000629422565	3.58001258845131	extinct
t6	1.79000629422565	3.58001258845131	extant
t7	1.79000629422565	3.58001258845131	extinct
t8	1.79000629422565	3.58001258845131	extant
t10	1.79000629422565	3.58001258845131	extinct
