taxon	min_age	max_age	status
t1	3.72027143059919	5.58040714589879	extant
t1	0	1.8601357152996	extant
t2	1.8601357152996	3.72027143059919	extant
t2	0	1.8601357152996	extant
t3	1.8601357152996	3.72027143059919	extant
t3	0	1.8601357152996	extant
t4	0	1.8601357152996	extant
t5	0	1.8601357152996	extant
