taxon	min_age	max_age	status
t1	9.11396089320382	13.6709413398057	extant
t1	0	4.55698044660191	extant
t2	4.55698044660191	9.11396089320382	extant
t2	0	4.55698044660191	extant
t3	0	4.55698044660191	extant
t5	0	4.55698044660191	extant
t6	0	4.55698044660191	extinct
