taxon	min_age	max_age	status
t1	0	2.69367912240947	extant
t2	2.69367912240947	5.38735824481895	extinct
t2	0	2.69367912240947	extinct
t3	0	2.69367912240947	extant
t4	0	2.69367912240947	extant
t5	2.69367912240947	5.38735824481895	extant
t5	0	2.69367912240947	extant
t6	0	2.69367912240947	extant
