taxon	min_age	max_age	status
t1	7.88854686698566	11.8328203004785	extant
t1	0	3.94427343349283	extant
t2	3.94427343349283	7.88854686698566	extant
t2	0	3.94427343349283	extant
t3	3.94427343349283	7.88854686698566	extant
t3	0	3.94427343349283	extant
t4	3.94427343349283	7.88854686698566	extant
t6	3.94427343349283	7.88854686698566	extinct
t8	0	3.94427343349283	extant
