taxon	min_age	max_age	status
t1	4.81470318200688	7.22205477301031	extant
t1	0	2.40735159100344	extant
t2	4.81470318200688	7.22205477301031	extant
t2	0	2.40735159100344	extant
t3	0	2.40735159100344	extant
t4	0	2.40735159100344	extinct
t5	0	2.40735159100344	extant
t6	0	2.40735159100344	extinct
