taxon	min_age	max_age	status
t1	8.82881222913663	13.2432183437049	extinct
t2	8.82881222913663	13.2432183437049	extinct
t3	8.82881222913663	13.2432183437049	extinct
t3	4.41440611456831	8.82881222913663	extinct
t4	0	4.41440611456831	extinct
t5	0	4.41440611456831	extinct
