taxon	min_age	max_age	status
t1	7.85592852936437	11.7838927940466	extant
t1	0	3.92796426468218	extant
t2	7.85592852936437	11.7838927940466	extinct
t2	0	3.92796426468218	extinct
t3	7.85592852936437	11.7838927940466	extant
t3	0	3.92796426468218	extant
t4	0	3.92796426468218	extant
t6	0	3.92796426468218	extinct
t7	0	3.92796426468218	extant
t8	3.92796426468218	7.85592852936437	extant
t8	0	3.92796426468218	extant
t11	0	3.92796426468218	extant
