taxon	min_age	max_age	status
t1	1.72043742068733	3.44087484137466	extant
t1	0	1.72043742068733	extant
t2	1.72043742068733	3.44087484137466	extant
t3	1.72043742068733	3.44087484137466	extant
t3	0	1.72043742068733	extant
t4	0	1.72043742068733	extant
t5	1.72043742068733	3.44087484137466	extant
t5	0	1.72043742068733	extant
t6	1.72043742068733	3.44087484137466	extant
t6	0	1.72043742068733	extant
t8	0	1.72043742068733	extant
