taxon	min_age	max_age	status
t2	3.17180462026348	6.34360924052695	extant
t2	0	3.17180462026348	extant
t3	3.17180462026348	6.34360924052695	extant
t5	3.17180462026348	6.34360924052695	extant
t6	3.17180462026348	6.34360924052695	extant
t6	0	3.17180462026348	extant
t9	3.17180462026348	6.34360924052695	extant
t9	0	3.17180462026348	extant
t10	3.17180462026348	6.34360924052695	extant
t12	3.17180462026348	6.34360924052695	extinct
t12	0	3.17180462026348	extinct
