taxon	min_age	max_age	status
t1	4.02338881976902	6.03508322965354	extinct
t1	0	2.01169440988451	extinct
t2	2.01169440988451	4.02338881976902	extant
t2	0	2.01169440988451	extant
t3	2.01169440988451	4.02338881976902	extant
t4	0	2.01169440988451	extant
t5	2.01169440988451	4.02338881976902	extant
