taxon	min_age	max_age	status
t1	6.41266678925604	9.61900018388405	extant
t1	0	3.20633339462802	extant
t2	6.41266678925604	9.61900018388405	extant
t2	0	3.20633339462802	extant
t3	3.20633339462802	6.41266678925604	extant
t3	0	3.20633339462802	extant
t4	0	3.20633339462802	extant
t5	0	3.20633339462802	extinct
