taxon	min_age	max_age	status
t1	9.59806897832702	14.3971034674905	extinct
t1	4.79903448916351	9.59806897832702	extinct
t2	4.79903448916351	9.59806897832702	extant
t2	0	4.79903448916351	extant
t3	4.79903448916351	9.59806897832702	extinct
t4	0	4.79903448916351	extant
t5	4.79903448916351	9.59806897832702	extinct
