taxon	min_age	max_age	status
t1	9.5631206035614	14.3446809053421	extinct
t2	9.5631206035614	14.3446809053421	extant
t2	0	4.7815603017807	extant
t3	0	4.7815603017807	extant
t4	0	4.7815603017807	extinct
t5	0	4.7815603017807	extant
t6	0	4.7815603017807	extant
