taxon	min_age	max_age	status
t1	6.2399149670576	9.35987245058641	extant
t1	0	3.1199574835288	extant
t2	3.1199574835288	6.2399149670576	extant
t2	0	3.1199574835288	extant
t3	3.1199574835288	6.2399149670576	extinct
t4	3.1199574835288	6.2399149670576	extinct
t5	0	3.1199574835288	extant
t6	0	3.1199574835288	extant
t7	0	3.1199574835288	extant
