taxon	min_age	max_age	status
t1	8.14132044867923	12.2119806730188	extinct
t1	0	4.07066022433961	extinct
t2	8.14132044867923	12.2119806730188	extant
t2	0	4.07066022433961	extant
t3	4.07066022433961	8.14132044867923	extinct
t4	4.07066022433961	8.14132044867923	extant
t4	0	4.07066022433961	extant
t5	0	4.07066022433961	extant
t6	0	4.07066022433961	extant
t8	0	4.07066022433961	extinct
