taxon	min_age	max_age	status
t1	4.91036636133989	7.36554954200983	extant
t1	0	2.45518318066994	extant
t2	2.45518318066994	4.91036636133989	extant
t2	0	2.45518318066994	extant
t3	0	2.45518318066994	extant
t4	0	2.45518318066994	extant
t5	0	2.45518318066994	extant
