taxon	min_age	max_age	status
t1	2.59893958689645	5.1978791737929	extant
t1	0	2.59893958689645	extant
t2	2.59893958689645	5.1978791737929	extinct
t2	0	2.59893958689645	extinct
t3	5.1978791737929	7.79681876068935	extinct
t3	2.59893958689645	5.1978791737929	extinct
t4	0	2.59893958689645	extant
t5	0	2.59893958689645	extant
