taxon	min_age	max_age	status
t1	5.80883526708931	8.71325290063396	extinct
t1	2.90441763354465	5.80883526708931	extinct
t2	5.80883526708931	8.71325290063396	extant
t2	0	2.90441763354465	extant
t3	2.90441763354465	5.80883526708931	extinct
t4	2.90441763354465	5.80883526708931	extant
t4	0	2.90441763354465	extant
t5	2.90441763354465	5.80883526708931	extant
t5	0	2.90441763354465	extant
