taxon	min_age	max_age	status
t1	9.26943386904895	13.9041508035734	extinct
t1	4.63471693452448	9.26943386904895	extinct
t2	4.63471693452448	9.26943386904895	extinct
t2	0	4.63471693452448	extinct
t3	4.63471693452448	9.26943386904895	extinct
t4	0	4.63471693452448	extant
t5	0	4.63471693452448	extinct
t6	0	4.63471693452448	extant
t7	0	4.63471693452448	extant
