taxon	min_age	max_age	status
t1	5.51685994646202	8.27528991969302	extinct
t2	5.51685994646202	8.27528991969302	extinct
t2	2.75842997323101	5.51685994646202	extinct
t3	2.75842997323101	5.51685994646202	extant
t3	0	2.75842997323101	extant
t4	2.75842997323101	5.51685994646202	extant
t4	0	2.75842997323101	extant
t5	0	2.75842997323101	extinct
