taxon	min_age	max_age	status
t1	5.59660737247517	8.39491105871275	extant
t1	0	2.79830368623758	extant
t2	2.79830368623758	5.59660737247517	extant
t2	0	2.79830368623758	extant
t3	2.79830368623758	5.59660737247517	extant
t3	0	2.79830368623758	extant
t4	0	2.79830368623758	extant
t5	0	2.79830368623758	extant
t6	0	2.79830368623758	extant
