taxon	min_age	max_age	status
t1	5.31829799991101	7.97744699986652	extant
t1	0	2.6591489999555	extant
t2	2.6591489999555	5.31829799991101	extinct
t2	0	2.6591489999555	extinct
t3	2.6591489999555	5.31829799991101	extant
t3	0	2.6591489999555	extant
t4	0	2.6591489999555	extant
t5	0	2.6591489999555	extant
