taxon	min_age	max_age	status
t1	5.39172039522479	8.08758059283718	extinct
t1	2.6958601976124	5.39172039522479	extinct
t2	5.39172039522479	8.08758059283718	extinct
t3	0	2.6958601976124	extinct
t6	0	2.6958601976124	extant
t7	0	2.6958601976124	extinct
