taxon	min_age	max_age	status
t1	6.62495276890695	9.93742915336043	extinct
t1	3.31247638445348	6.62495276890695	extinct
t2	6.62495276890695	9.93742915336043	extinct
t2	3.31247638445348	6.62495276890695	extinct
t3	0	3.31247638445348	extant
t4	0	3.31247638445348	extant
t6	3.31247638445348	6.62495276890695	extinct
t9	0	3.31247638445348	extant
t10	0	3.31247638445348	extant
