taxon	min_age	max_age	status
t1	6.94248891435564	10.4137333715335	extant
t1	0	3.47124445717782	extant
t2	6.94248891435564	10.4137333715335	extant
t2	0	3.47124445717782	extant
t3	0	3.47124445717782	extant
t4	0	3.47124445717782	extant
t5	0	3.47124445717782	extant
t7	0	3.47124445717782	extant
