taxon	min_age	max_age	status
t1	9.21454705608388	13.8218205841258	extinct
t1	0	4.60727352804194	extinct
t2	4.60727352804194	9.21454705608388	extinct
t2	0	4.60727352804194	extinct
t3	0	4.60727352804194	extant
t4	4.60727352804194	9.21454705608388	extinct
t4	0	4.60727352804194	extinct
t6	0	4.60727352804194	extinct
