taxon	min_age	max_age	status
t1	3.10580244210238	6.21160488420476	extinct
t3	3.10580244210238	6.21160488420476	extinct
t3	0	3.10580244210238	extinct
t4	3.10580244210238	6.21160488420476	extant
t4	0	3.10580244210238	extant
t5	0	3.10580244210238	extant
t7	0	3.10580244210238	extant
t8	0	3.10580244210238	extant
