taxon	min_age	max_age	status
t1	6.33631405575822	9.50447108363733	extant
t1	3.16815702787911	6.33631405575822	extant
t2	3.16815702787911	6.33631405575822	extant
t2	0	3.16815702787911	extant
t3	3.16815702787911	6.33631405575822	extant
t3	0	3.16815702787911	extant
t4	3.16815702787911	6.33631405575822	extant
t5	3.16815702787911	6.33631405575822	extant
t5	0	3.16815702787911	extant
