taxon	min_age	max_age	status
t1	9.5034479846557	14.2551719769835	extinct
t2	9.5034479846557	14.2551719769835	extinct
t2	0	4.75172399232785	extinct
t3	4.75172399232785	9.5034479846557	extant
t3	0	4.75172399232785	extant
t4	0	4.75172399232785	extant
t5	0	4.75172399232785	extant
t6	0	4.75172399232785	extant
