taxon	min_age	max_age	status
t1	4.66795986983925	7.00193980475888	extant
t1	0	2.33397993491963	extant
t2	2.33397993491963	4.66795986983925	extant
t2	0	2.33397993491963	extant
t3	2.33397993491963	4.66795986983925	extinct
t4	2.33397993491963	4.66795986983925	extinct
t5	2.33397993491963	4.66795986983925	extinct
t5	0	2.33397993491963	extinct
t6	0	2.33397993491963	extant
t7	0	2.33397993491963	extant
