taxon	min_age	max_age	status
t1	7.06800833189239	10.6020124978386	extinct
t1	0	3.5340041659462	extinct
t2	7.06800833189239	10.6020124978386	extinct
t2	3.5340041659462	7.06800833189239	extinct
t3	0	3.5340041659462	extant
t4	3.5340041659462	7.06800833189239	extinct
t5	3.5340041659462	7.06800833189239	extant
t5	0	3.5340041659462	extant
