taxon	min_age	max_age	status
t1	3.45576380845159	5.18364571267739	extinct
t1	0	1.7278819042258	extinct
t2	3.45576380845159	5.18364571267739	extinct
t2	1.7278819042258	3.45576380845159	extinct
t4	0	1.7278819042258	extant
t5	0	1.7278819042258	extant
t6	1.7278819042258	3.45576380845159	extant
t6	0	1.7278819042258	extant
