taxon	min_age	max_age	status
t1	7.65966995464017	11.4895049319603	extant
t1	0	3.82983497732008	extant
t2	7.65966995464017	11.4895049319603	extinct
t2	3.82983497732008	7.65966995464017	extinct
t3	7.65966995464017	11.4895049319603	extant
t3	0	3.82983497732008	extant
t4	0	3.82983497732008	extant
t5	7.65966995464017	11.4895049319603	extinct
t6	0	3.82983497732008	extant
