taxon	min_age	max_age	status
t1	3.69811520135651	5.54717280203477	extant
t1	0	1.84905760067826	extant
t2	1.84905760067826	3.69811520135651	extinct
t2	0	1.84905760067826	extinct
t3	1.84905760067826	3.69811520135651	extant
t4	0	1.84905760067826	extinct
t5	0	1.84905760067826	extant
t6	0	1.84905760067826	extinct
t7	0	1.84905760067826	extant
