taxon	min_age	max_age	status
t2	7.44493054846923	11.1673958227038	extinct
t2	0	3.72246527423461	extinct
t4	3.72246527423461	7.44493054846923	extant
t4	0	3.72246527423461	extant
t5	0	3.72246527423461	extinct
t6	3.72246527423461	7.44493054846923	extinct
t6	0	3.72246527423461	extinct
t7	3.72246527423461	7.44493054846923	extinct
t7	0	3.72246527423461	extinct
t8	0	3.72246527423461	extant
