taxon	min_age	max_age	status
t1	7.71152595058084	11.5672889258713	extinct
t4	3.85576297529042	7.71152595058084	extinct
t5	3.85576297529042	7.71152595058084	extant
t5	0	3.85576297529042	extant
t6	0	3.85576297529042	extant
t7	0	3.85576297529042	extinct
