taxon	min_age	max_age	status
t1	4.61552701890469	6.92329052835703	extinct
t2	4.61552701890469	6.92329052835703	extant
t2	0	2.30776350945234	extant
t3	4.61552701890469	6.92329052835703	extant
t3	0	2.30776350945234	extant
t4	0	2.30776350945234	extinct
t5	0	2.30776350945234	extant
