taxon	min_age	max_age	status
t1	8.65284369792789	12.9792655468918	extant
t1	0	4.32642184896395	extant
t2	4.32642184896395	8.65284369792789	extinct
t3	4.32642184896395	8.65284369792789	extant
t3	0	4.32642184896395	extant
t4	0	4.32642184896395	extant
t5	0	4.32642184896395	extant
t6	0	4.32642184896395	extant
t7	0	4.32642184896395	extant
