taxon	min_age	max_age	status
t1	8.23990302160382	12.3598545324057	extinct
t2	8.23990302160382	12.3598545324057	extinct
t2	4.11995151080191	8.23990302160382	extinct
t3	0	4.11995151080191	extant
t4	4.11995151080191	8.23990302160382	extinct
t5	4.11995151080191	8.23990302160382	extant
t5	0	4.11995151080191	extant
t6	0	4.11995151080191	extant
t7	0	4.11995151080191	extant
