taxon	min_age	max_age	status
t1	4.85215553858628	7.27823330787942	extant
t1	0	2.42607776929314	extant
t2	2.42607776929314	4.85215553858628	extant
t3	0	2.42607776929314	extant
t4	0	2.42607776929314	extant
t6	2.42607776929314	4.85215553858628	extant
t6	0	2.42607776929314	extant
