taxon	min_age	max_age	status
t1	4.3609938925753	8.72198778515061	extinct
t2	8.72198778515061	13.0829816777259	extinct
t3	8.72198778515061	13.0829816777259	extinct
t3	4.3609938925753	8.72198778515061	extinct
t4	0	4.3609938925753	extant
t5	0	4.3609938925753	extant
t6	0	4.3609938925753	extant
t7	0	4.3609938925753	extinct
t8	0	4.3609938925753	extant
