taxon	min_age	max_age	status
t1	8.15620706261446	12.2343105939217	extinct
t2	8.15620706261446	12.2343105939217	extinct
t2	4.07810353130723	8.15620706261446	extinct
t3	8.15620706261446	12.2343105939217	extinct
t3	0	4.07810353130723	extinct
t4	8.15620706261446	12.2343105939217	extinct
t4	0	4.07810353130723	extinct
t6	8.15620706261446	12.2343105939217	extinct
t6	4.07810353130723	8.15620706261446	extinct
t8	4.07810353130723	8.15620706261446	extinct
t8	0	4.07810353130723	extinct
