taxon	min_age	max_age	status
t1	9.43207849903653	14.1481177485548	extant
t1	0	4.71603924951827	extant
t2	9.43207849903653	14.1481177485548	extinct
t2	4.71603924951827	9.43207849903653	extinct
t3	4.71603924951827	9.43207849903653	extant
t3	0	4.71603924951827	extant
t4	4.71603924951827	9.43207849903653	extinct
t4	0	4.71603924951827	extinct
t5	0	4.71603924951827	extant
t6	4.71603924951827	9.43207849903653	extinct
t6	0	4.71603924951827	extinct
t7	0	4.71603924951827	extant
t8	0	4.71603924951827	extant
t9	0	4.71603924951827	extinct
t10	0	4.71603924951827	extant
t11	0	4.71603924951827	extant
t12	0	4.71603924951827	extant
t13	0	4.71603924951827	extant
t14	0	4.71603924951827	extant
