taxon	min_age	max_age	status
t1	0	4.54527687979862	extinct
t2	4.54527687979862	9.09055375959724	extinct
t3	4.54527687979862	9.09055375959724	extant
t3	0	4.54527687979862	extant
t5	0	4.54527687979862	extant
t7	0	4.54527687979862	extant
