taxon	min_age	max_age	status
t1	6.67793166823685	10.0168975023553	extinct
t2	6.67793166823685	10.0168975023553	extinct
t3	3.33896583411843	6.67793166823685	extant
t3	0	3.33896583411843	extant
t4	0	3.33896583411843	extant
t5	0	3.33896583411843	extant
t6	0	3.33896583411843	extant
t7	0	3.33896583411843	extinct
