taxon	min_age	max_age	status
t1	7.53660417937984	11.3049062690698	extinct
t1	3.76830208968992	7.53660417937984	extinct
t3	0	3.76830208968992	extant
t4	3.76830208968992	7.53660417937984	extant
t6	0	3.76830208968992	extant
t8	0	3.76830208968992	extant
