taxon	min_age	max_age	status
t1	4.00661892568072	6.00992838852108	extinct
t1	2.00330946284036	4.00661892568072	extinct
t2	2.00330946284036	4.00661892568072	extinct
t3	2.00330946284036	4.00661892568072	extant
t3	0	2.00330946284036	extant
t4	2.00330946284036	4.00661892568072	extinct
t5	2.00330946284036	4.00661892568072	extant
t5	0	2.00330946284036	extant
