taxon	min_age	max_age	status
t1	3.35037294620027	5.02555941930041	extinct
t2	3.35037294620027	5.02555941930041	extinct
t3	3.35037294620027	5.02555941930041	extinct
t4	3.35037294620027	5.02555941930041	extinct
t4	1.67518647310014	3.35037294620027	extinct
t5	1.67518647310014	3.35037294620027	extant
t5	0	1.67518647310014	extant
