taxon	min_age	max_age	status
t1	9.9944245768711	14.9916368653066	extant
t1	0	4.99721228843555	extant
t2	9.9944245768711	14.9916368653066	extinct
t3	4.99721228843555	9.9944245768711	extinct
t4	4.99721228843555	9.9944245768711	extant
t4	0	4.99721228843555	extant
t5	0	4.99721228843555	extinct
t7	0	4.99721228843555	extant
