taxon	min_age	max_age	status
t1	7.71089349407703	11.5663402411155	extant
t1	3.85544674703851	7.71089349407703	extant
t2	3.85544674703851	7.71089349407703	extinct
t3	3.85544674703851	7.71089349407703	extinct
t4	3.85544674703851	7.71089349407703	extant
t4	0	3.85544674703851	extant
t5	3.85544674703851	7.71089349407703	extinct
