taxon	min_age	max_age	status
t1	9.71668722573668	14.575030838605	extinct
t1	4.85834361286834	9.71668722573668	extinct
t2	4.85834361286834	9.71668722573668	extant
t2	0	4.85834361286834	extant
t3	4.85834361286834	9.71668722573668	extant
t5	0	4.85834361286834	extant
t6	0	4.85834361286834	extant
t7	0	4.85834361286834	extant
t10	0	4.85834361286834	extant
t11	0	4.85834361286834	extant
