taxon	min_age	max_age	status
t1	8.49679199823489	12.7451879973523	extinct
t2	8.49679199823489	12.7451879973523	extinct
t2	4.24839599911744	8.49679199823489	extinct
t3	8.49679199823489	12.7451879973523	extant
t3	0	4.24839599911744	extant
t4	0	4.24839599911744	extant
t5	8.49679199823489	12.7451879973523	extant
t5	0	4.24839599911744	extant
t6	0	4.24839599911744	extant
t7	0	4.24839599911744	extant
t8	0	4.24839599911744	extant
t9	0	4.24839599911744	extant
