taxon	min_age	max_age	status
t1	6.42365710033725	9.63548565050587	extinct
t1	0	3.21182855016862	extinct
t2	6.42365710033725	9.63548565050587	extinct
t3	3.21182855016862	6.42365710033725	extant
t3	0	3.21182855016862	extant
t4	3.21182855016862	6.42365710033725	extinct
t5	0	3.21182855016862	extant
