taxon	min_age	max_age	status
t2	3.62229567176352	7.24459134352704	extant
t2	0	3.62229567176352	extant
t3	3.62229567176352	7.24459134352704	extinct
t3	0	3.62229567176352	extinct
t5	0	3.62229567176352	extant
t6	0	3.62229567176352	extant
t7	0	3.62229567176352	extant
