taxon	min_age	max_age	status
t1	5.69059867877513	8.5358980181627	extinct
t1	2.84529933938757	5.69059867877513	extinct
t2	2.84529933938757	5.69059867877513	extinct
t2	0	2.84529933938757	extinct
t4	2.84529933938757	5.69059867877513	extinct
t6	2.84529933938757	5.69059867877513	extant
t8	0	2.84529933938757	extant
