taxon	min_age	max_age	status
t1	6.82905780461927	10.2435867069289	extant
t2	6.82905780461927	10.2435867069289	extinct
t2	3.41452890230964	6.82905780461927	extinct
t3	6.82905780461927	10.2435867069289	extinct
t4	3.41452890230964	6.82905780461927	extinct
t5	0	3.41452890230964	extant
t6	6.82905780461927	10.2435867069289	extant
t6	0	3.41452890230964	extant
t9	0	3.41452890230964	extant
