taxon	min_age	max_age	status
t1	7.63553344178945	11.4533001626842	extinct
t1	0	3.81776672089472	extinct
t2	7.63553344178945	11.4533001626842	extinct
t2	3.81776672089472	7.63553344178945	extinct
t3	7.63553344178945	11.4533001626842	extant
t3	0	3.81776672089472	extant
t4	0	3.81776672089472	extinct
t5	3.81776672089472	7.63553344178945	extinct
t6	3.81776672089472	7.63553344178945	extinct
