taxon	min_age	max_age	status
t1	3.84938994732996	5.77408492099494	extant
t1	0	1.92469497366498	extant
t2	1.92469497366498	3.84938994732996	extant
t2	0	1.92469497366498	extant
t3	0	1.92469497366498	extant
t4	0	1.92469497366498	extant
t5	0	1.92469497366498	extant
t6	0	1.92469497366498	extant
