taxon	min_age	max_age	status
t1	4.5239901697884	6.7859852546826	extant
t1	2.2619950848942	4.5239901697884	extant
t3	4.5239901697884	6.7859852546826	extinct
t3	2.2619950848942	4.5239901697884	extinct
t4	2.2619950848942	4.5239901697884	extant
t4	0	2.2619950848942	extant
t6	2.2619950848942	4.5239901697884	extant
t6	0	2.2619950848942	extant
t7	0	2.2619950848942	extant
