taxon	min_age	max_age	status
t1	4.60682057309896	6.91023085964844	extinct
t1	2.30341028654948	4.60682057309896	extinct
t2	4.60682057309896	6.91023085964844	extant
t2	0	2.30341028654948	extant
t3	4.60682057309896	6.91023085964844	extant
t3	2.30341028654948	4.60682057309896	extant
t4	2.30341028654948	4.60682057309896	extinct
t4	0	2.30341028654948	extinct
t5	2.30341028654948	4.60682057309896	extinct
