taxon	min_age	max_age	status
t1	8.57534991887709	12.8630248783156	extinct
t2	8.57534991887709	12.8630248783156	extinct
t3	4.28767495943854	8.57534991887709	extinct
t4	4.28767495943854	8.57534991887709	extant
t4	0	4.28767495943854	extant
t5	4.28767495943854	8.57534991887709	extant
