taxon	min_age	max_age	status
t1	3.41635923366994	5.1245388505049	extant
t1	1.70817961683497	3.41635923366994	extant
t2	3.41635923366994	5.1245388505049	extant
t2	0	1.70817961683497	extant
t3	3.41635923366994	5.1245388505049	extant
t3	0	1.70817961683497	extant
t4	1.70817961683497	3.41635923366994	extant
t5	1.70817961683497	3.41635923366994	extant
t6	1.70817961683497	3.41635923366994	extant
