taxon	min_age	max_age	status
t1	2.06727065999682	4.13454131999363	extinct
t2	4.13454131999363	6.20181197999045	extinct
t2	2.06727065999682	4.13454131999363	extinct
t3	2.06727065999682	4.13454131999363	extant
t3	0	2.06727065999682	extant
t4	0	2.06727065999682	extinct
t5	2.06727065999682	4.13454131999363	extant
t5	0	2.06727065999682	extant
t6	2.06727065999682	4.13454131999363	extant
t6	0	2.06727065999682	extant
t7	0	2.06727065999682	extant
