taxon	min_age	max_age	status
t1	9.49929969385266	14.248949540779	extant
t1	0	4.74964984692633	extant
t2	4.74964984692633	9.49929969385266	extant
t2	0	4.74964984692633	extant
t3	4.74964984692633	9.49929969385266	extant
t3	0	4.74964984692633	extant
t4	4.74964984692633	9.49929969385266	extinct
t5	0	4.74964984692633	extant
