taxon	min_age	max_age	status
t1	5.58913864971449	8.38370797457173	extinct
t2	5.58913864971449	8.38370797457173	extant
t2	2.79456932485724	5.58913864971449	extant
t3	5.58913864971449	8.38370797457173	extant
t3	2.79456932485724	5.58913864971449	extant
t4	2.79456932485724	5.58913864971449	extinct
t4	0	2.79456932485724	extinct
t5	0	2.79456932485724	extant
t7	0	2.79456932485724	extant
t8	2.79456932485724	5.58913864971449	extinct
t8	0	2.79456932485724	extinct
