taxon	min_age	max_age	status
t1	4.33740575953076	6.50610863929614	extant
t1	0	2.16870287976538	extant
t2	4.33740575953076	6.50610863929614	extinct
t2	2.16870287976538	4.33740575953076	extinct
t3	2.16870287976538	4.33740575953076	extant
t3	0	2.16870287976538	extant
t4	2.16870287976538	4.33740575953076	extant
t4	0	2.16870287976538	extant
t5	2.16870287976538	4.33740575953076	extinct
