taxon	min_age	max_age	status
t1	9.56121351414671	14.3418202712201	extinct
t1	0	4.78060675707335	extinct
t2	9.56121351414671	14.3418202712201	extinct
t3	4.78060675707335	9.56121351414671	extinct
t3	0	4.78060675707335	extinct
t5	0	4.78060675707335	extant
t6	0	4.78060675707335	extant
