taxon	min_age	max_age	status
t1	7.44921201063941	11.1738180159591	extinct
t1	3.7246060053197	7.44921201063941	extinct
t2	7.44921201063941	11.1738180159591	extinct
t2	3.7246060053197	7.44921201063941	extinct
t3	7.44921201063941	11.1738180159591	extinct
t4	3.7246060053197	7.44921201063941	extinct
t5	3.7246060053197	7.44921201063941	extinct
