taxon	min_age	max_age	status
t1	9.59663134689132	14.394947020337	extinct
t1	0	4.79831567344566	extinct
t2	4.79831567344566	9.59663134689132	extinct
t3	0	4.79831567344566	extant
t4	0	4.79831567344566	extant
t5	0	4.79831567344566	extant
t7	0	4.79831567344566	extant
