taxon	min_age	max_age	status
t1	9.86803758113335	14.8020563717	extinct
t2	9.86803758113335	14.8020563717	extinct
t4	4.93401879056667	9.86803758113335	extinct
t6	0	4.93401879056667	extant
t7	0	4.93401879056667	extant
