taxon	min_age	max_age	status
t1	8.44130662425111	12.6619599363767	extinct
t1	4.22065331212555	8.44130662425111	extinct
t2	8.44130662425111	12.6619599363767	extinct
t2	0	4.22065331212555	extinct
t3	0	4.22065331212555	extinct
t4	4.22065331212555	8.44130662425111	extinct
t4	0	4.22065331212555	extinct
t5	4.22065331212555	8.44130662425111	extinct
t7	0	4.22065331212555	extinct
t8	0	4.22065331212555	extant
t9	0	4.22065331212555	extant
