taxon	min_age	max_age	status
t1	2.7828414637285	5.56568292745699	extant
t1	0	2.7828414637285	extant
t2	0	2.7828414637285	extant
t3	2.7828414637285	5.56568292745699	extant
t3	0	2.7828414637285	extant
t4	0	2.7828414637285	extant
t5	0	2.7828414637285	extinct
t6	0	2.7828414637285	extinct
