taxon	min_age	max_age	status
t1	7.41929322170715	11.1289398325607	extinct
t2	7.41929322170715	11.1289398325607	extant
t2	0	3.70964661085357	extant
t3	7.41929322170715	11.1289398325607	extinct
t4	7.41929322170715	11.1289398325607	extinct
t4	3.70964661085357	7.41929322170715	extinct
t5	7.41929322170715	11.1289398325607	extinct
