taxon	min_age	max_age	status
t1	7.86710377161701	11.8006556574255	extinct
t1	3.93355188580851	7.86710377161701	extinct
t2	3.93355188580851	7.86710377161701	extinct
t3	3.93355188580851	7.86710377161701	extinct
t4	3.93355188580851	7.86710377161701	extinct
t6	3.93355188580851	7.86710377161701	extinct
t6	0	3.93355188580851	extinct
t7	3.93355188580851	7.86710377161701	extinct
t7	0	3.93355188580851	extinct
