taxon	min_age	max_age	status
t1	5.21828367219617	7.82742550829425	extant
t1	0	2.60914183609808	extant
t2	0	2.60914183609808	extant
t4	0	2.60914183609808	extant
t5	0	2.60914183609808	extant
t6	0	2.60914183609808	extinct
