taxon	min_age	max_age	status
t1	3.33907472901046	5.00861209351569	extinct
t2	3.33907472901046	5.00861209351569	extinct
t2	0	1.66953736450523	extinct
t3	0	1.66953736450523	extant
t4	0	1.66953736450523	extant
t5	1.66953736450523	3.33907472901046	extant
t5	0	1.66953736450523	extant
