taxon	min_age	max_age	status
t1	8.99650599962721	13.4947589994408	extinct
t1	0	4.49825299981361	extinct
t2	8.99650599962721	13.4947589994408	extinct
t2	0	4.49825299981361	extinct
t3	8.99650599962721	13.4947589994408	extinct
t3	4.49825299981361	8.99650599962721	extinct
t4	0	4.49825299981361	extinct
t5	8.99650599962721	13.4947589994408	extant
t5	0	4.49825299981361	extant
t6	4.49825299981361	8.99650599962721	extinct
t6	0	4.49825299981361	extinct
t7	0	4.49825299981361	extinct
t8	0	4.49825299981361	extant
t9	0	4.49825299981361	extant
t10	0	4.49825299981361	extant
t11	4.49825299981361	8.99650599962721	extant
t11	0	4.49825299981361	extant
