taxon	min_age	max_age	status
t1	9.78243058236937	14.673645873554	extinct
t1	4.89121529118468	9.78243058236937	extinct
t2	9.78243058236937	14.673645873554	extant
t2	0	4.89121529118468	extant
t3	4.89121529118468	9.78243058236937	extinct
t4	4.89121529118468	9.78243058236937	extant
t4	0	4.89121529118468	extant
t5	0	4.89121529118468	extant
t6	0	4.89121529118468	extant
t7	0	4.89121529118468	extant
t9	0	4.89121529118468	extant
