taxon	min_age	max_age	status
t1	6.11111973567555	9.16667960351333	extinct
t1	3.05555986783778	6.11111973567555	extinct
t2	6.11111973567555	9.16667960351333	extant
t2	0	3.05555986783778	extant
t3	3.05555986783778	6.11111973567555	extinct
t3	0	3.05555986783778	extinct
t4	0	3.05555986783778	extant
t5	0	3.05555986783778	extant
