taxon	min_age	max_age	status
t1	1.73556796352689	3.47113592705379	extant
t1	0	1.73556796352689	extant
t2	0	1.73556796352689	extant
t3	0	1.73556796352689	extant
t4	0	1.73556796352689	extant
t5	0	1.73556796352689	extant
t7	0	1.73556796352689	extant
t8	0	1.73556796352689	extant
