taxon	min_age	max_age	status
t1	8.96325420588255	13.4448813088238	extinct
t1	4.48162710294127	8.96325420588255	extinct
t2	8.96325420588255	13.4448813088238	extinct
t4	0	4.48162710294127	extinct
t5	8.96325420588255	13.4448813088238	extinct
t5	0	4.48162710294127	extinct
t6	0	4.48162710294127	extant
