taxon	min_age	max_age	status
t1	8.56782529192666	12.85173793789	extinct
t1	4.28391264596333	8.56782529192666	extinct
t2	4.28391264596333	8.56782529192666	extinct
t2	0	4.28391264596333	extinct
t3	0	4.28391264596333	extant
t4	0	4.28391264596333	extant
t5	0	4.28391264596333	extant
