taxon	min_age	max_age	status
t1	7.90809226687998	11.86213840032	extinct
t2	3.95404613343999	7.90809226687998	extinct
t3	3.95404613343999	7.90809226687998	extinct
t4	3.95404613343999	7.90809226687998	extinct
t6	3.95404613343999	7.90809226687998	extinct
