taxon	min_age	max_age	status
t1	5.50875622158249	8.26313433237374	extinct
t1	0	2.75437811079125	extinct
t2	0	2.75437811079125	extant
t3	0	2.75437811079125	extant
t4	0	2.75437811079125	extant
t5	0	2.75437811079125	extant
