taxon	min_age	max_age	status
t1	8.27930922464778	12.4189638369717	extant
t1	0	4.13965461232389	extant
t2	4.13965461232389	8.27930922464778	extinct
t3	4.13965461232389	8.27930922464778	extinct
t3	0	4.13965461232389	extinct
t4	4.13965461232389	8.27930922464778	extinct
t4	0	4.13965461232389	extinct
t6	0	4.13965461232389	extinct
