taxon	max_age	min_age
t1	7.4432009352198	0
t2	8.13956770269821	6.98617240724464
t3	5.58325690076099	0
t4	2.51730654416672	0
t6	7.15372490075727	7.15372490075727
t7	1.4521633962024	0
t9	4.61846581153895	0
t11	0.401935077772007	0
t15	1.49154170677758	0
t16	1.67892494326134	0
t17	1.24703550177613	0
t18	0.192577926693355	0
