taxon	fad	lad
t1	6.56041194414724	3.58452069995671
t2	7.18738644607753	1.13977161008354
t3	6.94791540053712	6.94791540053712
t5	1.48289086965868	1.48289086965868
t6	5.4709728304726	5.4709728304726
t7	5.26267010039907	5.26267010039907
t10	2.08593444618158	2.08593444618158
t11	5.65515277073355	5.1803333477236
t13	1.0474142687238	1.0474142687238
t15	0.821743594367579	0.821743594367579
t16	3.91314076512378	2.37596608578961
t18	3.33782984791887	3.33782984791887
