taxon	fad	lad
t1	9.84347968672713	9.84347968672713
t2	7.37365325291951	0.981070266106826
t3	1.96918068312452	1.8191609116526
t5	6.50229238940203	0.860929991390776
t8	6.35869954432518	6.35869954432518
t9	6.0243437333576	3.68911846881579
t11	3.33432343527197	2.09406170577575
t12	1.58208746822694	1.58208746822694
t13	5.59024634208797	5.59024634208797
t14	6.00721444282429	6.00721444282429
t17	2.6736113990731	0.0403329446153613
t21	4.13157413571801	0.387135194601077
t26	0.906200870911981	0.689334993367455
