taxon	max_age	min_age
t1	6.11032980508204	0
t2	8.14246263510237	0
t3	3.82165129456596	3.82165129456596
t4	1.09079222665406	0
t5	1.01822643582809	0
t6	2.08441139700275	0
t7	3.02755787369524	0
t8	3.25304348961017	3.25304348961017
t13	3.13651855046706	0
t15	0.377516003509058	0
t19	0.861589763056879	0
t21	1.25860855951075	0
