taxon	max_age	min_age
t1	8.45162003921966	4.661618504605
t3	8.17034791068484	0.632753835190714
t4	7.70211682968137	4.26100937908999
t5	6.32548867454487	6.32548867454487
t8	8.10021719680669	8.10021719680669
t10	2.63265015404485	2.63265015404485
t11	4.82526649249024	4.45291574698615
t14	3.51172843447228	1.76678682797551
t16	0.0373584808894698	0.0373584808894698
t17	2.07895060227377	2.07895060227377
t20	0.425275910638167	0.425275910638167
