taxon	max_age	min_age
t1	6.78855977875657	5.08892012311155
t2	7.82195099056064	2.00005795858861
t3	4.92795389057818	4.92795389057818
t4	2.44821919000671	1.59037580741223
t5	0.888949239087093	0.888949239087093
t8	0.385783792076213	0.385783792076213
t9	4.58260671684203	0.0310551319622316
t10	1.13758445922245	1.13758445922245
t12	6.28428490557634	1.47304293292156
t13	0.514310822895819	0.172662518681738
t14	7.18447686573655	7.18447686573655
t16	2.54470378966349	2.54470378966349
t18	0.947898037126905	0.0934085566711875
t19	0.294944669230981	0.294944669230981
t21	0.625258727227166	0.625258727227166
t25	4.06379658468027	4.06379658468027
t27	1.96653607796118	1.96653607796118
t28	1.91224767860726	1.91224767860726
t32	0.492451930788157	0.492451930788157
t37	0.94427551376471	0.94427551376471
