taxon	fad	lad
t1	3.89100077279599	3.89100077279599
t2	1.39496200915215	1.39496200915215
t5	7.10936405089928	7.10936405089928
t8	0.0398426536861667	0.0398426536861667
t9	5.23238816106727	0.209628532725135
t10	2.41974803427269	2.41974803427269
t11	4.32611310941756	4.32611310941756
t12	3.54837618214854	3.54837618214854
t13	1.55282921750841	1.55282921750841
t14	1.56986841895809	0.197632270503844
t16	1.96315390690794	1.96315390690794
t17	1.88597843757014	1.88597843757014
t18	0.831044896115763	0.831044896115763
t19	0.140616829067977	0.140616829067977
t20	4.2917796221874	0.210643464699915
