taxon	fad	lad
t1	7.36482700388505	0.265177178861322
t2	4.83002031897001	4.45983554721427
t3	7.35345618049354	7.08632237924934
t5	2.40235904892679	2.17451541414257
t7	7.06495562904875	5.74874436819355
t8	3.19537138465288	3.10585991223149
t9	4.42447313320698	0.286929223803181
t12	2.17891825727614	1.15433730860047
t15	0.356767871618894	0.356767871618894
t16	5.08307932140079	2.48590081208192
t17	4.19704850339432	1.18946925327316
t20	0.852727310489993	0.852727310489993
t22	3.61099219711654	2.05004632221749
t25	2.26870151433884	2.26870151433884
t26	0.838667139789841	0.838667139789841
t27	4.02450316379395	4.02450316379395
t29	2.61825083486526	2.61825083486526
t33	1.69320392695837	1.69320392695837
t37	0.823529488721533	0.823529488721533
