taxon	fad	lad
t1	7.57718739424245	7.03223444687339
t2	7.4456067235009	3.27871424605513
t3	7.38555008916464	3.91265225036349
t4	3.01653475146332	3.01653475146332
t6	5.37739623071224	5.37739623071224
t8	5.4605559466036	3.69274621409693
t9	1.96164691401043	0.891745247716887
t10	1.24970783121928	0.986374543869543
t14	5.34726374917594	5.34726374917594
t15	4.1818329638302	4.1818329638302
t16	1.29959411917259	0.748693235129535
t19	4.76066141933518	2.70259386627939
t20	2.70008511202959	2.70008511202959
t21	0.522997364780215	0.522997364780215
t22	1.84480675330879	1.47407937319201
t23	0.600553085263133	0.0788520810177111
