taxon	fad	lad
t1	9.73841226349274	9.73841226349274
t2	9.68051984863409	5.95634737304719
t3	5.56043306131868	5.56043306131868
t4	6.11474506407709	6.11474506407709
t5	6.64064653882359	6.64064653882359
t6	5.87387572189803	1.93200086870274
t7	1.61043533440412	1.61043533440412
t8	1.58987129578721	0.775784373059359
t9	2.93948735217383	2.93948735217383
t13	1.10011884313708	0.77005450760956
t17	0.976149700996823	0.976149700996823
t18	2.50922490789161	0.88753275830215
t21	0.141189671686536	0.141189671686536
