taxon	max_age	min_age
t1	9.97716683428735	9.97716683428735
t3	3.22891205552282	0
t4	5.98539255817058	0
t6	6.2103102912483	0
t7	2.28764650859241	0
t9	1.16088369478947	0
t10	0.10587619390504	0
t12	2.475674896918	0
t13	0.71138069812767	0
t17	0.679837201441948	0
t19	3.71370271714161	0
t21	0.0866353162211713	0
t24	1.96880093555034	0
