taxon	fad	lad
t1	9.93935964781106	5.59283853733855
t2	1.24253391019789	1.24253391019789
t4	6.41849740412822	0.830542353790921
t8	4.30305509593513	4.30305509593513
t12	0.318475259733923	0.318475259733923
t13	4.64987476982042	4.64987476982042
t14	0.764344518661717	0.764344518661717
t17	2.16983785817374	2.16983785817374
t19	2.00475247787881	2.00475247787881
t20	1.76542083187825	0.89423082649251
t30	0.432530112437913	0.432530112437913
