taxon	max_age	min_age
t1	9.7944933672746	0
t2	9.4973147788718	8.36190188188848
t3	7.59422491107024	0
t4	5.8743990767385	0
t7	2.96964709120171	0
t8	1.66110137474123	0
t9	0.710510940287341	0
t12	0.164294639850256	0
t14	0.137140579610465	0
t17	0.260280168144876	0
t20	0.87439808268846	0
