taxon	max_age	min_age
t1	9.5290196997424	1.76016957107509
t2	8.13185098270575	1.73771949248238
t3	6.30301096075116	6.30301096075116
t5	5.12906450038439	5.12906450038439
t7	8.27204916847719	7.58292767903484
t9	3.83077331193101	3.83077331193101
t11	3.13284448280059	3.13284448280059
t12	0.956049044779727	0.956049044779727
t13	1.12837698967022	1.12837698967022
t14	1.39397997952933	1.39397997952933
t18	5.6896016468763	5.6896016468763
t19	6.4069118985282	6.4069118985282
t23	4.39938116865484	3.2476715577481
t27	0.507856060868638	0.507856060868638
t28	4.2361191831551	4.2361191831551
t29	1.19438778474247	1.19438778474247
t31	3.07671840485557	1.56032559800023
t32	0.929003519733445	0.929003519733445
t33	0.173045527164765	0.173045527164765
