taxon	max_age	min_age
t1	7.81274568289518	7.21368312370032
t7	1.94114995203014	1.94114995203014
t10	4.95494728597502	4.95494728597502
t11	0.247266702098822	0.247266702098822
t13	2.49386624064929	2.49386624064929
t15	0.00433900176945734	0.00433900176945734
t17	4.31653354228402	2.26945889770606
t20	0.529733651621589	0.402533088489326
t23	0.438547218247919	0.438547218247919
t27	0.277711426832724	0.277711426832724
t31	2.95622836202011	2.95622836202011
