taxon	fad	lad
t1	9.87586414227756	3.43610595372418
t3	8.66602085110806	2.13096373633002
t4	7.89228005131385	0.490297395394711
t5	3.35738438147452	3.35738438147452
t6	2.81400910030465	2.81400910030465
t8	3.12077769449684	3.12077769449684
t11	0.622494430708675	0.622494430708675
t12	3.03926030215242	3.03926030215242
t13	3.50853926037864	1.12302184571938
t14	2.25130520585669	2.08302892187313
t15	5.70558910128756	1.48543814081827
t16	2.45236782396962	1.87854424314081
t21	1.51317462770634	1.51317462770634
t23	2.57907157789701	2.57907157789701
t24	0.559296803947582	0.559296803947582
t27	2.6199413264273	2.6199413264273
t30	2.42585383071039	0.820397040288702
