taxon	max_age	min_age
t1	9.24886761543651	0
t2	7.39684681401571	0
t3	5.90672206728691	3.34634990191125
t5	1.38064784830282	0
t7	0.789811224698781	0
t11	1.46181519726957	1.46181519726957
t12	1.42250419724162	0
t13	4.18370126227521	4.18370126227521
t14	0.95162742307758	0
t18	3.17018197501744	0
t19	1.77503574933199	0
t22	0.539119783556865	0
t23	1.19599025918562	0
t25	3.58083196849938	0
t32	1.43959770572702	0
t34	0.0739428600049958	0
