taxon	max_age	min_age
t1	9.85444699724515	0
t3	1.75629432190118	0
t8	6.79491159726772	6.67745609833144
t9	3.36408130732118	0
t11	6.82282526455089	0
t12	3.71006986470966	0
t14	3.02188383174225	0
t19	0.386349363138324	0
t20	0.368341097392841	0
t21	3.59458329148345	0
t23	1.26092620027318	0
t24	2.32140600055928	2.32140600055928
t25	0.236849343304071	0
t27	1.6389933699554	1.6389933699554
