taxon	fad	lad
t1	7.94885136497517	4.515900229165
t2	4.36971809734771	4.36971809734771
t3	6.67871961375946	6.67871961375946
t7	4.44205942622833	4.44205942622833
t9	5.92853784410388	0.658664183813054
t11	3.67593061650734	1.4815768538037
t12	3.12966401136447	0.612474129516244
t14	5.00670362676215	0.317045857540045
t16	2.95283277465683	2.32449918621561
t19	1.68462368930754	1.68462368930754
t21	0.81802661816552	0.81802661816552
t23	2.00371129313409	2.00371129313409
t29	0.673837761145739	0.673837761145739
