taxon	max_age	min_age
t2	4.45378790623542	0
t5	3.02584128536342	0
t6	5.81129985361132	5.81129985361132
t7	5.88252519412587	0
t10	4.5092791081928	0
t13	1.58605859325061	0
t15	2.64728554397664	0
t16	0.897151481954669	0
t19	0.553388791364723	0
t22	0.633886655455743	0
t23	1.75678400816859	0
t25	0.367773953523832	0
