taxon	max_age	min_age
t1	9.8256050189957	6.95325642168296
t2	6.1836269699658	0
t3	3.94532719818281	0
t4	3.7374993376621	0
t5	4.8467092466571	0
t7	2.69350091528023	0
t9	0.799186026304096	0
t10	1.50830316859014	0
t12	1.89062103943362	0
t14	0.0334641727338223	0
t18	0.805990578029521	0
t19	0.132053601915906	0
t22	2.00468149834306	0
