taxon	max_age	min_age
t1	9.18121574670147	9.18121574670147
t2	4.93162900205652	3.74367476281971
t4	3.72154303685174	3.72154303685174
t5	3.01511221113648	3.01511221113648
t6	3.4514179637356	3.4514179637356
t7	0.785604717179556	0.785604717179556
t8	0.259209306670995	0.259209306670995
t9	3.29765889872492	2.55766638012609
t10	3.17235063470202	3.17235063470202
t11	1.00200265482068	1.00200265482068
t12	0.398056230871333	0.398056230871333
t16	1.11343007935524	1.11343007935524
