taxon	fad	lad
t1	9.06768255556623	2.59854227003243
t2	3.95086704305494	3.95086704305494
t3	5.18769812101905	5.16641535438383
t4	5.35089002719556	3.90888827184622
t5	2.10254146839311	2.10254146839311
t8	1.9275275522829	1.9275275522829
t9	1.08642100449113	1.08642100449113
t10	1.07710531568905	1.07710531568905
t12	4.34214083091666	4.34214083091666
t13	6.37627536137067	4.84776227365753
t14	4.4370255148949	4.4370255148949
t15	2.99358098726377	2.99358098726377
t19	3.9800310915036	0.441201969284073
