taxon	fad	lad
t2	6.78069473103032	2.82130159489565
t3	4.97835142368403	3.76855823973146
t4	1.94876776993848	1.80385442125874
t6	6.23998387635952	3.82454490969234
t8	4.80695738531605	4.80695738531605
t10	1.38123824028272	1.27651811334523
t13	5.38638781877118	5.38638781877118
t14	4.89080917987235	1.07660439000382
t15	4.7747971070826	1.42811189814082
t20	0.445215267060174	0.445215267060174
t25	1.01397810941129	1.01397810941129
