taxon	fad	lad
t1	6.84448530911501	6.84448530911501
t2	7.50412634359036	7.50412634359036
t3	4.64758081781695	4.64758081781695
t5	5.33934215348542	1.48072648761844
t6	5.7505824845531	2.23912716994758
t7	5.32556800267333	5.32556800267333
t11	1.65118518002418	1.65118518002418
t15	3.60665085044595	3.60665085044595
t16	0.236026037247827	0.236026037247827
t19	2.47314861247755	0.504846421303917
t20	0.0205933947320815	0.0205933947320815
