taxon	fad	lad
t1	4.69387182372999	4.69387182372999
t2	2.9449304835026	2.9449304835026
t3	6.0796287781407	3.18674020870029
t5	2.73059717393513	1.30866766610837
t7	3.38080225584507	0.91564371477912
t8	1.61659013352734	0.671558189485886
t10	3.321282149743	1.36546347459501
t11	0.0788762907172611	0.0788762907172611
t12	0.262060140850066	0.262060140850066
t14	2.62488621766712	2.409303105761
t15	3.16757692814217	2.57529071080532
t19	0.768945117849919	0.768945117849919
