taxon	fad	lad
t1	9.15205871970297	0.677525554938905
t5	6.25864745272944	6.25864745272944
t7	1.24573514805666	1.05302839123887
t8	2.57446544376671	2.57446544376671
t9	6.0093650809749	5.01927302998395
t10	5.35401922709773	4.10740943839927
t11	1.0867520177222	1.0867520177222
t12	5.01813464389265	4.73923803209625
t16	3.9071985099414	0.302978643785773
t17	1.10530163297544	0.407617765597898
t18	1.53181493573626	1.53181493573626
