taxon	fad	lad
t1	8.43679782313605	8.27314715832472
t2	5.6969108899593	4.26157333591676
t3	4.03280531380669	4.03280531380669
t4	6.80815856389011	0.202570984390535
t6	5.41624504373482	3.39468170034152
t7	4.68230771564937	4.68230771564937
t8	3.52097299549342	3.52097299549342
t13	2.79428294139989	2.79428294139989
t15	2.78164248412749	2.78164248412749
t19	2.3505831415912	2.3505831415912
t20	2.65823496301279	2.27857710927107
