taxon	max_age	min_age
t1	19.9127406487241	16.1107176914811
t3	11.2876127164427	6.68618660583977
t6	12.7713659728981	12.7713659728981
t7	11.8200796763675	11.8200796763675
t8	11.5604284750736	11.5604284750736
t10	3.20187132293982	3.20187132293982
t11	5.60482506990382	5.60482506990382
t21	6.31961978921023	6.31961978921023
t22	6.72513065667523	6.72513065667523
t26	0.139430946929352	0.139430946929352
t29	6.92099812828086	6.92099812828086
t33	6.89532621037897	6.89532621037897
t34	2.49244096908502	2.49244096908502
t35	0.853243936969754	0.853243936969754
t40	4.96802442250762	4.96802442250762
t42	1.00165584567357	1.00165584567357
t50	1.53899314033723	0.505254805205691
t53	0.410496132761125	0.410496132761125
t54	0.279228790628373	0.279228790628373
t55	1.76546182073044	1.76546182073044
t59	4.42913603864051	2.65171002491749
t66	0.161468223489621	0.161468223489621
t69	2.06414591539421	2.06414591539421
t78	5.29006734385527	4.32388257596082
