taxon	fad	lad
t1	19.0154399862513	2.08476835476488
t3	15.0683898914764	14.2541548021296
t4	14.479736228529	14.479736228529
t5	5.89546416758937	5.57430977069469
t6	5.09303351362606	5.09303351362606
t10	13.9051731606827	13.9051731606827
t11	6.46766070213602	1.76889514259148
t16	10.4696138552937	4.81404558528098
t18	1.4042012231872	1.4042012231872
t24	7.90109671967997	7.90109671967997
t25	7.24425968037507	6.95523371942052
t26	6.72207959400375	4.49790295832037
t30	4.6920698094607	4.6920698094607
t31	0.0242587038447724	0.0242587038447724
t32	3.24554865296717	1.9274185369815
t39	2.58053124135749	2.58053124135749
t43	4.12908412233904	4.12908412233904
t45	4.63888856747107	4.63888856747107
t46	1.61044526873444	0.0260108181469008
t64	3.07511041900431	3.07511041900431
t70	7.37998675503885	7.37998675503885
t73	0.405246493723816	0.405246493723816
t77	5.15993864995543	5.15993864995543
t81	2.91930598068658	2.91930598068658
t82	1.88293585367805	1.88293585367805
t91	1.76581725838548	1.76581725838548
t102	1.78692085763625	1.78692085763625
