taxon	max_age	min_age
t2	12.9975917596653	12.9975917596653
t3	0.698645717250574	0.698645717250574
t4	7.91156017234216	1.34340476257393
t5	13.6050580210521	13.208084914953
t10	6.58188559417251	6.58188559417251
t13	7.95242724234292	7.95242724234292
t19	12.1720172068206	11.3993930187178
t21	3.62425565668294	3.62425565668294
t22	7.95638931921044	4.76060063917664
t23	2.73390845867166	2.71169163128872
t27	4.8645659383906	0.190395916491557
t34	2.78196745558003	2.78196745558003
t37	7.21161267181975	7.21161267181975
t40	0.725319445669122	0.725319445669122
t43	2.49841929847372	2.49841929847372
t48	0.000130167546359417	0.000130167546359417
t55	3.17674952247753	3.17674952247753
t61	1.84130876444831	1.84130876444831
t64	2.23031249399498	2.23031249399498
t65	3.07161026863514	3.07161026863514
t66	1.3014201582192	1.3014201582192
t71	1.8357361994575	1.8357361994575
t74	5.7887518254291	3.73292040535
t75	5.63656129109818	5.63656129109818
t77	1.87082771369975	1.87082771369975
