taxon	max_age	min_age
t2	17.9764388108286	11.8209805707051
t3	15.4248043241135	9.48087468726253
t5	11.4491139988419	11.4491139988419
t7	7.79229220738535	7.79229220738535
t9	11.3329326996935	11.3329326996935
t11	11.4130857483091	11.4130857483091
t12	10.1388709107107	4.4182589184186
t13	6.67521611784326	6.67521611784326
t16	1.49992831961226	1.49992831961226
t17	7.49955266715103	6.33723226376885
t19	2.33597978634011	2.33597978634011
t24	2.09923297825466	2.09923297825466
t25	3.61321988087655	3.61321988087655
t27	11.7095962148365	11.7095962148365
t29	9.5125047207705	9.5125047207705
t31	2.15526038408574	2.15526038408574
t34	8.62099687218632	8.62099687218632
t44	3.00354802879573	1.96643685820581
t45	0.00551795189059945	0.00551795189059945
t46	5.7870011501065	1.30723281335593
t48	6.87619407308108	6.87619407308108
t53	6.51439473684062	0.493544048621551
t55	3.00836590863115	3.00836590863115
t60	0.23856098166576	0.189069480252474
t61	5.85487900184354	3.31692446611031
t68	4.09639938239821	0.93062784307066
t69	7.89249070114959	5.43734067245889
t71	1.35590936804383	1.35590936804383
t72	4.307856998893	4.307856998893
t73	3.14215595805454	3.14215595805454
t74	2.55130187776542	2.55130187776542
t80	0.38028649646785	0.38028649646785
t84	3.87535824253336	0.167689098037037
t90	0.237053040626392	0.237053040626392
t98	9.22168371192439	3.81499634514822
t101	4.66534540109588	4.66534540109588
t102	4.3766743695016	4.3766743695016
t104	3.08602575271837	3.08602575271837
t106	3.36083478883331	3.36083478883331
t108	2.01643613459596	2.01643613459596
t110	0.638629635926147	0.638629635926147
t114	1.10166456027368	1.10166456027368
t116	6.2144001309889	5.37809619673222
t125	1.96177920369964	1.96177920369964
t132	5.86240744131278	5.86240744131278
t133	3.31471614058	2.73728213722688
t134	2.53878647135131	2.53878647135131
t143	0.431889435342836	0.431889435342836
t150	0.357044456501082	0.357044456501082
t154	2.3565071385488	2.3565071385488
