taxon	max_age	min_age
t1	19.7481092096333	7.30960964806369
t2	10.3575216133118	3.69680020245864
t4	7.60682143885124	7.60682143885124
t5	7.2637438180103	7.2637438180103
t8	9.09545392890325	9.09545392890325
t9	5.12696433956001	0
t11	5.93052468948821	5.93052468948821
t12	7.23996376892114	0
t13	2.38774367284975	0
t18	1.83985469235711	0
t21	4.87706528179558	0
t22	1.0715365648893	0
t23	0.465885290666783	0
t26	0.103352478100412	0
