taxon	max_age	min_age
t1	16.7358231312325	16.6018404579451
t2	19.04327970619	10.0285188454369
t4	10.7997133708407	10.7997133708407
t6	10.1707388912176	10.1707388912176
t14	1.62053680063686	1.62053680063686
t17	3.78586149985725	3.78586149985725
t20	5.44089276413395	1.54249533615036
t22	4.87858776350588	4.87858776350588
t24	1.75092013554481	1.75092013554481
t29	14.4366492682785	11.8473674272381
t32	1.6982385348564	1.6982385348564
t34	3.04993077534088	3.04993077534088
t37	0.59597764439344	0.59597764439344
t39	1.39515293783786	1.26269162654223
t43	8.69840545723393	1.45542118941076
t45	6.91114405158464	6.91114405158464
t46	8.29061901029998	8.29061901029998
t49	6.63165594682644	6.63165594682644
t56	3.14424465559301	3.14424465559301
t57	3.40670839628353	2.72748034585024
t61	0.51990461668855	0.51990461668855
t63	0.183569097708272	0.183569097708272
t66	9.99805431349725	9.99805431349725
t70	7.70382916471256	7.70382916471256
t77	5.71172817909026	5.71172817909026
t78	4.21783118502969	4.21783118502969
t80	3.43909397291633	3.43909397291633
t84	1.37305999842009	1.37305999842009
t85	0.358189312600633	0.358189312600633
t86	1.32776215395284	0.223154678962647
t88	7.29151359592432	7.29151359592432
t90	4.91146824268048	0.98466878236627
t93	3.07890053769896	3.07890053769896
t95	5.81428077829811	2.80438708899351
t111	1.06330316671433	1.06330316671433
t114	6.78102267992695	6.78102267992695
t116	2.1557130502507	2.1557130502507
t122	4.800087643351	4.800087643351
t127	0.0691792714584984	0.0691792714584984
t128	0.382933569293176	0.382933569293176
t137	1.05669434274424	1.05669434274424
t146	0.805785517400778	0.805785517400778
t150	0.741081501446754	0.741081501446754
t152	3.40155021085001	2.8090721441672
t158	3.42235904568214	3.42235904568214
t165	0.261251521524251	0.261251521524251
t169	0.213710985279249	0.213710985279249
t170	2.56295350891181	2.56295350891181
t171	0.233769653744773	0.233769653744773
t172	0.965278671188347	0.965278671188347
t173	1.40969361396433	1.40969361396433
t177	0.762312575310794	0.762312575310794
