taxon	max_age	min_age
t2	11.6753401875545	0.116959846817299
t3	14.8377084848726	3.28482963422173
t6	11.5529649965095	1.94402023070617
t7	6.77098187625223	6.77098187625223
t9	7.8195582048756	7.8195582048756
t10	3.01458956356563	3.01458956356563
t11	5.34161424831102	5.34161424831102
t14	2.65564283237725	2.65564283237725
t21	6.66567401304866	6.66567401304866
t28	0.711706935671145	0.711706935671145
t37	0.0670026320093093	0.0670026320093093
t40	4.86840599463151	4.86840599463151
t42	6.70651317546869	4.76464406559969
t44	4.75823048734605	4.75823048734605
