taxon	fad	lad
t1	16.3603163463995	7.39181899973291
t2	17.2589996006961	2.19071262794543
t3	14.5866233485255	14.5866233485255
t7	6.09061728739279	2.36093506259012
t8	5.27640083860739	5.27640083860739
t9	7.25725043043383	7.25725043043383
t17	9.52956804850449	0.0341172174861022
t18	8.29297250461177	6.9089639405568
t21	10.314362844259	5.34367998483819
t25	0.71102081106682	0.71102081106682
t27	10.5185134576305	10.5185134576305
t33	8.56961490769626	8.56961490769626
t41	0.556612514252723	0.35426774228258
t42	9.60935870552697	0.336910613928389
t44	1.69386709545521	0.217369114689212
t46	7.5262533484307	7.5262533484307
t47	2.0316103898077	2.0316103898077
t55	0.637811903375994	0.637811903375994
t58	5.56162521271101	5.56162521271101
t71	5.3799812656605	4.28152340210614
t74	6.80499060587875	6.80499060587875
t76	2.16588798271413	1.80276616768833
t82	0.513242127524268	0.513242127524268
t83	2.79247128652415	2.79247128652415
t88	2.73061226150087	2.73061226150087
t89	3.1528252893755	3.1528252893755
t93	2.57533490262909	2.57533490262909
t100	7.73844299383297	7.73844299383297
t102	2.34746375867277	2.34746375867277
t103	1.44464535143027	1.44464535143027
t116	2.82978720225892	2.82978720225892
t117	2.69799042645597	2.69799042645597
t118	3.14005663350763	0.907639863086658
t120	1.9559703486303	0.413170323983511
t122	2.3990275498333	2.3990275498333
t124	1.016780237996	1.016780237996
t125	2.63113161746026	0.561627059073427
t128	1.46294761732865	1.46294761732865
t136	0.309973206165388	0.309973206165388
t143	1.36485229344349	1.36485229344349
t151	1.07784760643873	1.07784760643873
t157	2.84884713169154	2.84884713169154
t158	0.666332111248085	0.666332111248085
