taxon	max_age	min_age
t1	6.81227968540043	5.59887274634093
t2	6.50195131854465	3.60128537596514
t6	3.65515759512386	3.65515759512386
t8	3.14804780607422	3.14804780607422
t12	4.02530765840613	4.02530765840613
t13	2.20615478501312	2.20615478501312
t14	3.1616540421013	3.1616540421013
t15	3.34468441239248	3.34468441239248
t29	0.042439458637574	0.042439458637574
t34	0.392471898483073	0.392471898483073
t35	0.242406290406235	0.242406290406235
