taxon	fad	lad
t2	1.82276119520056	1.82276119520056
t3	4.92053758197775	3.10960889548788
t4	1.15177747604855	1.15177747604855
t5	6.84279388282448	5.72417443933149
t6	0.521531771077175	0.521531771077175
t8	1.4477917441908	0.851907381896652
t10	5.71367294852034	5.27639976159181
t15	1.56536225351302	1.56536225351302
t17	5.6381436670199	1.78822635342199
t20	1.42127140405221	1.42127140405221
t27	3.68647192205937	3.68647192205937
t28	1.89262303590478	1.89262303590478
t34	2.44236595846708	2.44236595846708
t37	0.449349293444598	0.449349293444598
t41	3.38685953673042	3.38685953673042
t45	1.00573270879133	1.00573270879133
t46	1.13030000741403	1.13030000741403
t48	2.6856186974196	2.6856186974196
t50	0.471086839418405	0.471086839418405
t55	0.901023203918697	0.901023203918697
t56	1.84654467600791	1.84654467600791
