taxon	max_age	min_age
t1	6.26503884523497	0
t2	6.69726643397777	0
t3	6.91693755764573	0
t4	6.45723901724333	6.45723901724333
t5	3.26761038926301	0
t6	1.18038280203537	0
t7	0.166877900014887	0
t8	0.802702736425427	0
t9	0.821994400633603	0
t10	1.88708550671849	0
t11	0.311804929298868	0
t12	0.588134943440258	0
t14	2.63111941958116	0
t16	3.38705009398471	0
t17	1.94546569377024	1.94546569377024
t19	2.0167223584932	0
t24	1.32112509844368	0
t26	0.250931375761311	0
