taxon	max_age	min_age
t1	8.86649666241338	3.44837115033498
t2	3.12738969456404	2.73344724439085
t4	0.599207669330472	0.599207669330472
t5	1.17660323827308	1.17660323827308
t6	5.92549568818261	5.35007068266471
t7	3.57123963183391	3.04274092076946
t10	1.03153459577312	1.03153459577312
t11	1.06310564621476	1.06310564621476
t13	6.05735092268636	6.05735092268636
t18	2.18339369005825	2.18339369005825
t21	1.6310041879879	1.6310041879879
t22	0.401455058732074	0.401455058732074
