taxon	max_age	min_age
t1	1.24817993361811	0
t4	5.35190105583077	0
t5	1.76143684798714	0
t7	7.61295356123493	7.61295356123493
t8	5.39915228267252	5.39915228267252
t11	1.87861117231751	0
t14	2.6737100480463	0
t15	0.267513348746411	0
t17	2.05908469119834	2.05908469119834
t19	0.74870299049312	0.74870299049312
t22	0.109380425944879	0
