taxon	max_age	min_age
t1	8.69859290927815	8.69859290927815
t2	1.46736033923713	1.46736033923713
t3	2.75170762720178	2.75170762720178
t4	2.11158990260528	2.11158990260528
t8	0.906471495896014	0.906471495896014
t12	3.53907633408735	1.72596786938438
t26	0.214145619399241	0.214145619399241
t28	6.08919009954086	6.08919009954086
t31	1.03400275874973	1.03400275874973
t32	1.13176177422051	1.13176177422051
t40	0.844981158028943	0.844981158028943
