taxon	fad	lad
t1	0.652866643342255	0.652866643342255
t2	8.09041096688376	8.09041096688376
t5	0.414856813469378	0.414856813469378
t7	0.808025226790397	0.808025226790397
t15	0.866908381342515	0.675901632405445
t16	2.31775173859572	1.36809477366053
t20	2.56654614992692	2.56654614992692
t30	3.32161811657116	3.32161811657116
t35	7.84345855900898	7.84345855900898
t38	5.20248686014207	5.20248686014207
t53	1.25623997824096	1.25623997824096
t54	1.27338552547915	1.27338552547915
t55	2.74325543495689	2.22786215546403
t64	0.897421558616257	0.897421558616257
t68	1.71841343966089	1.71841343966089
t69	0.128779160920825	0.128779160920825
