taxon	max_age	min_age
t1	8.02035054191947	3.85206002742052
t3	8.72053909162712	8.72053909162712
t5	3.70571685690126	3.60910957880012
t12	7.7409563390758	7.7409563390758
t13	4.21292848320542	1.01392070198295
t15	0.438191365222968	0.0151339734773099
t24	0.58609655702597	0.58609655702597
t26	1.4583827773697	0.0500255529425342
t27	4.63094921018598	1.43852211300207
t37	2.27150982380175	2.27150982380175
t39	0.536943677359229	0.536943677359229
t42	0.438061347051967	0.438061347051967
t43	1.01338020080496	1.01338020080496
t44	4.15793148191937	4.15793148191937
t53	0.628634006229424	0.628634006229424
t61	1.62123293942166	1.62123293942166
