taxon	max_age	min_age
t1	7.39055154317881	0
t2	7.34196518694224	7.34196518694224
t3	3.49127240150495	3.48943567198523
t4	1.15154065216408	0
t5	5.85124881065802	0
t6	3.01624348308196	0
t9	2.27051475421908	0
t10	2.66942630592731	0
t11	3.43461124731897	3.43461124731897
t12	0.250056497408046	0
t14	0.879371507897746	0
t19	0.127215818884808	0
t20	1.10877059655625	0
