taxon	max_age	min_age
t2	8.60269255117977	1.64325746862781
t3	7.2652911322364	0.00214254224536603
t4	0.2218002823932	0.2218002823932
t7	4.41261860739164	1.8515484426008
t8	3.22038482367719	3.22038482367719
t9	0.136521867490327	0.136521867490327
t15	5.33340367183172	5.33340367183172
t16	4.4965355986789	4.4965355986789
t19	0.626707102192196	0.626707102192196
t21	2.1278837292701	2.1278837292701
t27	1.07056213328495	1.07056213328495
t29	0.176803518930512	0.176803518930512
t32	1.84570560233277	1.84570560233277
t33	2.60213636909435	2.60213636909435
