taxon	max_age	min_age
t1	9.88652118778302	3.08608846922866
t2	6.60557680564889	0
t3	2.59168921460844	0
t4	7.39344184877671	7.39344184877671
t6	7.20605967554324	6.45560799757786
t7	2.98339719018805	0
t8	3.13939715269311	0
t9	4.42619676137083	0
t11	2.72692432626377	0
t13	3.08851174680388	0
t17	2.78664109246119	0
t20	1.53966880204751	0
t22	2.15581626110684	0
