taxon	max_age	min_age
t2	8.45051393027507	6.08664035938768
t4	8.98250549214982	3.71045902486049
t5	7.0162273362889	7.0162273362889
t7	4.15648338428538	0.264090751733887
t11	1.67193793385198	1.67193793385198
t14	0.322116368715928	0.322116368715928
t15	0.465923224810929	0.465923224810929
t19	4.7086099997058	4.7086099997058
t22	0.942473931862773	0.942473931862773
t25	1.0094842806999	1.0094842806999
t27	1.40048771308757	1.40048771308757
t50	0.587294079662371	0.587294079662371
