taxon	max_age	min_age
t4	2.18683674168829	2.18683674168829
t5	6.80296794622326	1.04416821130944
t6	2.66570279379472	2.66570279379472
t8	1.86578206825343	1.86578206825343
t14	7.66249651909092	6.95972451362976
t18	1.68721310982334	1.68721310982334
t21	2.32820786405378	1.39416266568028
t26	4.05768647776052	1.6452143241173
t30	0.41878465599898	0.41878465599898
t32	2.00446711943755	1.11542650589058
t38	1.25526451855498	1.25526451855498
