taxon	max_age	min_age
t1	6.82687164872475	6.82687164872475
t2	2.91595519054681	2.91595519054681
t3	2.58121591851459	2.58121591851459
t4	7.62070965762419	1.64157981504252
t6	0.0879301155155296	0.0879301155155296
t11	4.31013687476814	4.31013687476814
t13	0.215067417892637	0.215067417892637
t16	0.388661094368274	0.388661094368274
t20	1.41583554346449	1.41583554346449
t24	1.60642315001506	1.60642315001506
t33	0.668621075595421	0.668621075595421
