taxon	max_age	min_age
t1	9.336876230957	9.336876230957
t7	5.58120443651619	1.84050822330805
t12	0.257725277660548	0.257725277660548
t16	1.80254037996744	1.80254037996744
t21	5.12990426680612	5.12990426680612
t25	3.63889014312378	2.29569928880723
t29	0.710678262247313	0.710678262247313
t31	0.23326458482175	0.23326458482175
t32	1.61103374601257	1.61103374601257
t33	2.40839828524657	2.40839828524657
t36	0.871655483253141	0.871655483253141
t46	2.53751897462536	2.53751897462536
