taxon	max_age	min_age
t1	5.61350403353572	5.61350403353572
t2	3.09935987272095	3.09935987272095
t3	7.78754548756512	7.78754548756512
t9	2.078004191172	0.642088666183588
t15	0.76576231944791	0.473093068818068
t18	0.649232703435008	0.649232703435008
t22	5.7001794101903	5.7001794101903
t23	4.63160646404284	4.61446756505634
t25	3.52837237975078	3.52837237975078
t28	1.64514906649427	1.64514906649427
t29	2.35096478038607	2.35096478038607
t39	0.615890972851314	0.615890972851314
t45	1.46679388869885	1.46679388869885
t46	1.16654328458492	1.16654328458492
