taxon	max_age	min_age
t1	9.02812109680941	8.5828991605723
t4	3.63990450865748	0
t5	5.95466207908425	0
t6	2.13760330173609	0
t8	0.808538309889768	0
t10	5.71539153855081	5.6189704474585
t12	1.34050068508422	0
t13	1.6138117336465	0
t15	0.170078841787236	0
t16	1.03654608549364	0
t20	0.769174374148788	0.769174374148788
t27	0.280086791922159	0
