taxon	max_age	min_age
t1	0.748196253973125	0.748196253973125
t8	2.64050955618327	1.49857329404508
t9	2.35699974480118	2.35699974480118
t12	2.55548140796082	2.55548140796082
t13	7.99880244755056	5.04990214980979
t21	2.91267185937516	2.91267185937516
t23	1.03813872899505	1.03813872899505
t29	0.169739546276048	0.0334558589940261
t30	3.62003543865554	3.62003543865554
t31	2.71856951453448	0.286614152507957
t32	3.05777233007015	3.05777233007015
t49	1.12440775912848	1.02431812622246
t57	0.169301489249836	0.169301489249836
