taxon	fad	lad
t3	7.38258456229662	7.38258456229662
t4	7.27681815277091	1.19466389182261
t7	3.71608750821302	3.71608750821302
t11	3.69051854380298	3.69051854380298
t13	4.2948047435405	3.3430519318702
t17	5.36245511808049	5.36245511808049
t19	0.656950560887232	0.656950560887232
t26	2.12478685656771	2.12478685656771
t28	3.45388364266132	3.45388364266132
t42	0.554618647127446	0.554618647127446
t45	0.634228133772575	0.634228133772575
t46	2.02990355434105	2.02990355434105
t48	0.771511045684937	0.771511045684937
t56	0.873556744757042	0.403222597653912
