taxon	max_age	min_age
t1	4.92510838116455	0
t2	6.92096058062541	0
t3	5.82343338756947	0
t8	4.22906322559074	0
t9	1.87798383058077	0
t13	0.656207203581134	0
t15	1.68315671627337	1.68315671627337
t18	2.41834032126409	0
t21	1.86253463291828	0
t23	3.27181048528673	0
t28	1.48492665909633	0
t29	0.430143086574725	0
t30	3.25910741885489	0
t32	0.305219514684756	0
