taxon	max_age	min_age
t1	0.134567013430475	0.134567013430475
t2	8.17757361878951	8.17757361878951
t5	5.47200185401986	5.47200185401986
t6	5.48629335582991	5.48629335582991
t8	3.0956715568358	3.0956715568358
t9	1.62205105294584	1.62205105294584
t10	1.24036358358959	1.24036358358959
t11	0.0437277448211688	0.0437277448211688
t18	2.49184375654755	2.49184375654755
t19	1.11223390815512	1.11223390815512
t24	1.50905039072512	1.50905039072512
t30	1.45632120691715	1.45632120691715
