taxon	max_age	min_age
t1	28.999424186768	13.4596065705396
t2	28.2554652433757	19.1864516598562
t3	19.3779617314805	19.3779617314805
t4	18.6597929464087	14.2062337110274
t5	23.5816844684475	23.5816844684475
t6	18.446679585393	1.32836434565593
t7	15.5194664440791	15.5194664440791
t8	22.730396802344	22.730396802344
t9	11.6301847462149	0.107514146537383
t10	6.80123870321846	6.34909894727467
t11	5.95754705069068	0.198862818097123
t12	3.44359843147534	0.76298311916053
t13	5.2980397040849	5.2980397040849
t14	4.14780935200422	1.00025078619604
t16	14.7308350578785	14.7308350578785
t17	8.40887724877232	1.05064111571942
t18	2.37883368037459	2.37883368037459
t19	2.58388145017901	0.867537568616655
t20	4.53017174758878	0.783401909763722
t21	3.73790574928764	0.695361128043388
t25	0.652391540650093	0.652391540650093
t26	1.67350851695147	1.67350851695147
t27	1.22127144359267	0.182960889015632
t30	3.18350626335952	0.186976170522097
t32	1.62497696874702	0.382467554044418
t34	0.44446187084607	0.44446187084607
t37	1.04245051143183	1.04245051143183
t38	0.38873743820514	0.381019171861666
t39	3.25304227979654	2.75986645925121
t41	2.44071801763828	0.613101041376211
t42	2.05146853799521	0.210316170580306
t43	6.04797401747425	0.293465470222209
t44	2.40297119925732	2.40297119925732
t45	1.87656323656105	0.495005371027077
t51	0.726328998616253	0.726328998616253
t54	4.54583400466221	0.423841276539445
t56	1.2164744292655	0.48165539398687
t58	0.628279150395095	0.628279150395095
t60	0.235487912688313	0.235487912688313
t61	1.31271730660124	0.13901859366031
t62	0.873519135991323	0.188486851172733
t64	0.4411961303325	0.4411961303325
t67	2.07351524303852	2.07351524303852
t71	1.50919635219789	1.50919635219789
t73	0.949112381159953	0.949112381159953
t75	0.32638211044792	0.32638211044792
t76	0.00499476551820521	0.00499476551820521
t80	1.87461170300839	1.87461170300839
t85	0.916935392543277	0.916935392543277
t87	4.07160331252283	4.07160331252283
t88	1.83929622646678	1.5701597427361
t90	0.0415915588812723	0.0415915588812723
t95	0.592925434870146	0.592925434870146
t97	0.740663692535499	0.740663692535499
t103	1.15816607555777	0.714539302945433
t104	0.475812726429144	0.475812726429144
t105	0.64100222698535	0.64100222698535
t107	0.697327304499474	0.196865413755638
t112	0.371881276551157	0.371881276551157
