taxon	max_age	min_age
t1	28.280597429368	27.9328292660155
t2	23.0797012854919	20.8924094611057
t3	17.5906030082832	17.5906030082832
t4	20.6553559074877	20.6553559074877
t5	11.5807937063449	11.5807937063449
t6	15.5790406885446	14.9164291570006
t8	3.92404313103749	0
t9	7.0347882847154	0
t11	4.89434515358481	0
t12	6.23762253754764	0
t13	3.14058034981318	3.14058034981318
t16	4.61495348630129	0
t17	3.18026203101584	0
t20	0.0111007528439551	0
t21	1.84247306866643	0
t24	2.49840225134212	0
