taxon	first_age	last_age
t1	18.4044205350801	13.2095624116741
t2	16.4688730008941	14.1226879557173
t3	14.8242690870258	14.8242690870258
t4	13.3635147188323	0
t5	1.55349832051473	0
t7	3.59439596046386	0
t11	0.8141439090994	0
t15	0.00103046635337023	0
t18	1.24556475729658	0
t19	1.80131454297977	0
t20	0.992670944894883	0
t27	0.22117481172824	0
