taxon	first_age	last_age
t1	9.76683605909253	0
t2	7.70779627685746	7.00415221353372
t3	6.1889766347503	0
t4	5.60959968551065	0
t5	4.47660660850849	0
t8	4.85180817077114	0
t10	1.03932155789874	1.03932155789874
t11	4.3381466089158	0
t12	2.31341760086964	0
t16	3.59579222269596	0
t18	0.905474969468134	0
t19	4.65518058574509	4.65518058574509
