taxon	first_age	last_age
t1	9.14862857044985	0
t2	3.52897166491105	0
t3	3.85756968320649	0
t4	6.16345184379415	0
t10	2.24194520206073	0
t13	0.988493856842698	0
t14	0.990891556976255	0
t16	4.17056371167957	0
t17	0.516360652681836	0
t19	0.00501700177716558	0
t21	1.32492490302457	0
