taxon	first_age	last_age
t1	9.99453372439865	0
t4	2.92444493621474	0
t7	3.46487833554909	0
t8	2.29088327356255	0
t9	4.74455325928319	0
t13	6.63881689345871	6.63881689345871
t16	0.203522120165411	0
t20	2.65395514872055	2.65395514872055
t22	0.69379798444281	0
t24	1.89151438623796	0
t26	0.820568889284266	0
t28	0.307843461414224	0
t29	0.273718126255051	0
