taxon	first_age	last_age
t1	5.42133595808442	0
t2	9.37234141277804	9.37234141277804
t3	8.49939832611031	8.49939832611031
t7	5.6601280206427	0
t8	3.91441300214922	0
t10	4.39580558093017	0
t12	8.02140947671985	8.02140947671985
t13	3.90034766967199	0
t14	4.69087824600757	0
t16	0.117247717911656	0
t20	0.0754549800276507	0
t22	0.222284581990706	0
t23	0.334115921535208	0
t24	1.15893545837502	0
t25	1.48362665203738	0
