taxon	first_age	last_age
t1	8.42161123640835	0
t4	4.08307568963632	3.21012059244031
t10	4.66251098606929	0
t11	1.7965915255966	0
t15	2.25913083457791	0
t17	5.66599403452275	5.66599403452275
t18	1.65054927757495	0
t19	0.58551268841261	0
t20	2.32599465407989	0
t21	2.35961041813997	0
t23	1.27042898687017	0
t24	1.37822734592764	0
t25	0.29975690037914	0
t27	0.0698230719532376	0
