taxon	first_age	last_age
t1	9.72260847998162	0
t2	5.80972394476097	0
t4	5.70036538078383	0
t5	5.28008805623661	0
t6	2.30233162334934	0
t8	5.67611267462395	0
t9	4.83134411274206	4.83134411274206
t10	3.67196578547452	0
t11	4.3972314444505	0
t12	0.0514877408771603	0
t16	0.156744762690966	0
t18	1.52268880191971	0
t22	1.34898023020622	1.34898023020622
t26	0.940612937663287	0
