taxon	first_age	last_age
t1	7.57916855421117	0
t3	6.88668595772548	0
t4	4.19194239937983	3.20019305771033
t6	0.262643490821585	0
t7	4.12220927768866	0
t8	2.96467083875071	0
t10	2.2044287487435	0
t12	2.83498554814504	0
t14	0.849412564272306	0
t16	0.810612129143603	0
t22	2.27268456289912	2.27268456289912
t24	0.926985461925831	0
t29	0.64298118214251	0
t35	1.29338443678197	0
