taxon	first_age	last_age
t1	19.2346216753746	0
t3	9.48206171151926	0
t4	6.96515769607816	0
t5	2.96439042549789	2.96439042549789
t6	2.44198437923247	0
t9	0.834732091636326	0
t11	2.27718524962803	0
t13	2.05605509958779	2.05605509958779
t17	0.897361811327244	0
t19	0.124144555323657	0
t20	1.73317761504594	0
t21	2.61588512712475	0
t24	2.65859227551598	0
t27	0.704533586149143	0
