taxon	first_age	last_age
t1	15.183249903303	11.4089386397347
t2	14.4278736347536	14.4278736347536
t6	6.31824992430642	0
t8	4.67422058716633	0
t9	3.00066486532013	1.84204268489798
t11	2.07055605347099	0
t14	1.31393444745051	0
t15	0.444909252558542	0
t17	4.14537220609351	0
t21	0.704104965796077	0.704104965796077
t24	1.11123938705187	0
t29	0.743777605564599	0
t31	0.305864988273203	0
t37	0.161348102197088	0
