taxon	first_age	last_age
t1	28.0888637155294	8.86865430919996
t2	13.2149273852451	13.2149273852451
t3	12.3557922092034	4.4748085416868
t4	13.8324643996609	12.2210014020778
t6	5.31786614589989	0
t7	12.5685587276015	11.1883121945205
t8	1.23241752834646	0
t9	0.879644483236017	0.879644483236017
t10	0.433133972600306	0
t13	0.0739568285954597	0
t14	1.29868384968582	0
