taxon	fad	lad
t1	7.84929775348562	7.84929775348562
t2	4.72555364947766	4.72555364947766
t4	0.946432318057575	0.946432318057575
t5	1.49931706685132	0.704435728239126
t7	0.827027266347933	0.827027266347933
t11	0.444632820130776	0.444632820130776
t12	0.9253824396376	0.9253824396376
t17	1.18113399741074	1.0315559187164
t21	1.09063306778653	1.09063306778653
t24	2.04316263489593	1.60166332900692
t28	0.424981761506922	0.424981761506922
t30	0.153639586479631	0.153639586479631
