taxon	fad	lad
t1	3.45165180973709	3.45165180973709
t2	8.01082967159649	6.87209201621681
t4	8.44551306217909	5.72810479439795
t5	7.12866522371769	7.12866522371769
t8	1.21806383673414	1.21806383673414
t11	6.71570580879265	6.71570580879265
t12	3.40365655409793	3.40365655409793
t14	1.48685102661451	1.48685102661451
t16	4.95083178111096	4.57478767031492
t18	0.601257798401971	0.601257798401971
t24	0.802379592011372	0.802379592011372
