taxon	fad	lad
t3	9.08229229751542	9.08229229751542
t4	1.77815518318963	1.63594171138216
t8	6.54926017803567	0.828385091547645
t11	4.76492493687074	4.76492493687074
t14	3.21854003723912	3.21854003723912
t16	2.70570188016664	2.70570188016664
t20	0.0872127972090215	0.0872127972090215
t25	1.08040484381816	1.08040484381816
t29	4.18236792261603	4.18236792261603
t32	2.22176127289989	2.22176127289989
t37	0.854719692846489	0.854719692846489
t54	1.82969943779752	1.82969943779752
