taxon	fad	lad
t1	5.77836263924837	2.92174349073321
t2	7.89019333434953	7.89019333434953
t3	5.52030790771419	5.52030790771419
t4	0.446146251820137	0.446146251820137
t5	2.44368833663574	2.44368833663574
t9	1.90889519387104	1.90889519387104
t13	0.122702558090399	0.122702558090399
t15	0.11964119612183	0.11964119612183
t21	0.337361946550779	0.15812574125605
t24	0.76746849819614	0.76746849819614
t25	0.384036506231725	0.384036506231725
