taxon	fad	lad
t1	7.85206834115434	7.85206834115434
t2	6.92485829660048	6.92485829660048
t3	8.09096050030632	8.09096050030632
t4	6.75541858069425	6.75541858069425
t6	5.46815228937069	5.38004495574492
t12	0.670705774946713	0.670705774946713
t13	2.53018497993034	2.53018497993034
t14	2.23384379431764	2.23384379431764
t17	5.37104243848623	1.26606615230591
t26	0.645241707761201	0.645241707761201
t28	2.78721514065743	2.24427010129922
t33	0.0653333850849496	0.0653333850849496
