taxon	fad	lad
t1	9.87461029551923	9.87461029551923
t2	2.60114286480145	2.60114286480145
t3	6.38355127159466	4.24357611050881
t6	1.06035635587781	1.06035635587781
t7	1.3541742978078	1.3541742978078
t11	3.46083756159951	3.46083756159951
t12	6.05555438065989	6.05555438065989
t14	1.99444212194742	1.99444212194742
t19	4.0290983875814	4.0290983875814
t20	2.07345590253975	2.07345590253975
t24	4.5979780992688	4.5979780992688
