taxon	fad	lad
t2	5.66126354193936	4.0849377873163
t5	5.91848343819303	5.91848343819303
t9	7.61947415312301	7.61947415312301
t13	2.67646130083578	2.67646130083578
t14	6.73298468427583	3.857922284732
t16	4.38444308556429	4.38444308556429
t17	0.663543064603061	0.483372812615187
t19	5.05446660810327	5.05446660810327
t22	7.12179135445036	7.12179135445036
t29	1.22507672997625	0.838518584125376
t31	2.67780807262782	0.276930385866109
t34	0.30096303314594	0.30096303314594
