taxon	max_age	min_age
t1	19.9976214269797	7.76629356551034
t3	11.2040642636954	0
t4	10.9065111793552	0
t10	0.0820917753952521	0
t11	5.37727899416347	0
t12	5.19042775003411	0
t13	2.35582731322247	0
t15	2.88621735650456	0
t18	1.60753920656834	0
t19	2.63582719050394	0
t22	0.598520179895537	0
t29	0.0075352167838858	0
t30	0.621719179918923	0
t35	0.177630598273542	0
t36	0.123920388173648	0
t43	0.262392749774026	0
