taxon	fad	lad
t1	17.5684695826599	10.9232494358762
t2	9.80332064173905	9.80332064173905
t3	15.5320454694651	1.45901370541765
t4	14.0891773798351	8.87472278014856
t5	12.6207128138909	9.52780669907518
t6	11.5521912527898	11.5521912527898
t7	8.79739048622338	8.79739048622338
t10	4.20562968977343	1.61108913315697
t12	12.1426077686567	10.0245099765876
t13	11.0080106962339	11.0080106962339
t15	10.5107807511754	3.80500936920861
t16	4.59205148896752	4.59205148896752
t18	0.239450262520197	0.239450262520197
t19	11.359341224927	7.62085623383349
t20	11.2023325313821	8.47559740605887
t21	10.0914064708786	4.2755920741277
t22	6.61478127437127	6.45206513433201
t25	0.123962477430396	0.123962477430396
t26	1.76568423987781	1.24230356545602
t29	1.53330272614278	0.656795452888488
t31	4.22627829676006	4.22627829676006
t34	7.04509189577845	4.92870003210452
t35	3.45443543896691	3.45443543896691
t37	3.77023419590738	1.49377822014885
t39	2.48618834979791	1.59787352580787
t41	0.0643347404593833	0.0643347404593833
t42	8.74199611890099	8.74199611890099
t43	6.16120980022688	6.16120980022688
t44	7.6357811472133	5.7996827488209
t45	7.23599257748871	4.80565661137944
t48	6.30841208533684	4.42882878928124
t49	4.31964777166634	4.31964777166634
t50	2.25363418992598	2.25363418992598
t53	4.59264846619129	4.36653559662312
t54	3.77384468365502	3.77384468365502
t56	1.99552797175738	1.99552797175738
t60	6.87868244219861	6.87868244219861
t62	2.66870328380363	2.66870328380363
t64	0.612161970196777	0.612161970196777
t67	2.61953375214774	0.948371738872815
t68	2.73766519452518	2.73766519452518
t69	0.919925769209268	0.919925769209268
t70	0.881444138797406	0.0507469984901228
