taxon	max_age	min_age
t1	16.4380483144432	6.14528541443267
t2	18.6036353407138	14.2172827359778
t3	18.7721071826915	18.7721071826915
t4	10.7190816552606	10.6230158139558
t5	5.6666314677866	5.6666314677866
t6	5.61866851630278	5.61866851630278
t7	15.2118233282278	5.09436579127231
t8	11.9676660035123	9.11760163978872
t9	4.52289953874191	0.675924784175916
t10	4.6052481499015	1.85410327231093
t13	2.46685730968967	2.46685730968967
t15	9.01306208557336	7.84428567668715
t16	3.60537432092109	3.60537432092109
t18	5.20007317138705	5.20007317138705
t19	3.86422915912052	3.19494927674661
t22	7.17832534240071	2.41818706495544
t23	2.17180623128876	2.17180623128876
t27	0.212104063962656	0.0487700188729718
t30	4.43507633538428	4.43507633538428
t31	7.5035718633238	3.57846106032949
t33	0.281572744011541	0.281572744011541
t34	3.7931848080714	3.7931848080714
t35	0.024287627377138	0.024287627377138
t37	4.10219407979889	1.24536571900386
t38	0.831224578863271	0.831224578863271
t44	0.667858179076966	0.667858179076966
t48	0.699644736545196	0.699644736545196
t52	5.49351656696238	5.49351656696238
t53	8.0959752756765	3.90073185280318
t55	4.70667440419137	0.228107484567516
t62	3.8956644257702	0.157094300108113
t63	3.45465062994934	3.45465062994934
t65	0.624446565545888	0.624446565545888
t72	4.38868213981261	4.38868213981261
t76	2.65422862797693	2.17227826514309
t77	1.217478221888	1.217478221888
t80	0.342644270716022	0.342644270716022
t84	6.39179172491658	6.39179172491658
t85	3.00683763622146	3.00683763622146
t90	3.85288635156411	3.85288635156411
t91	0.0640527077023982	0.0640527077023982
t92	2.58593865424037	2.58593865424037
t93	0.306197178512829	0.306197178512829
t95	1.24717972970635	1.24717972970635
