taxon	fad	lad
t1	19.0887269796804	4.10875680332089
t2	14.1160279156799	11.7475384427216
t4	14.7449087072164	1.0972628905634
t5	13.5914501346027	12.2780781968807
t6	10.9352842129925	10.9352842129925
t7	5.80873635099691	3.9707031842829
t8	8.97430112634565	7.75155464187081
t10	3.55825677974507	3.55825677974507
t11	10.9966893498004	7.83031039613586
t12	10.2311781679873	10.2311781679873
t13	8.8982205964942	7.27739423696639
t14	7.79553725412182	7.79553725412182
t19	10.1797290443562	10.1797290443562
t20	7.66329082386861	1.30797083709748
t21	7.48037742339027	6.67409109305542
t22	4.83616303457079	4.83616303457079
t23	4.34787214538214	3.03239838179953
t24	2.36037105283172	0.789573941392685
t26	8.15930149485226	3.83971551377352
t28	13.1001528862939	4.81883622500936
t30	11.2219494660233	10.2026951097111
t34	9.15236728907663	9.15236728907663
t37	1.13901558482135	1.13901558482135
t38	5.21768208479919	5.21768208479919
t40	2.85893906482753	2.85893906482753
t46	5.13075345416039	4.22339593537162
t47	4.56348106071475	4.37350752750113
t48	3.02084808996481	1.73929147404842
t49	9.87907178452787	4.63820435302872
t52	6.31044316114506	5.17585746854973
t53	2.31784744375011	2.31784744375011
t55	1.64175020458923	1.64175020458923
t59	1.92835260555935	1.92835260555935
t60	3.90342799480991	0.125153769172115
t61	1.11923937064892	0.661602366405088
t63	9.21476945059943	9.21476945059943
t64	2.54283013427194	2.54283013427194
t65	2.45680681027215	2.45680681027215
t66	3.188572249302	3.188572249302
t67	2.99546900011721	2.99546900011721
t68	3.49192635293963	0.152572401025573
t69	1.63770917785577	1.63770917785577
t70	0.453095600455125	0.453095600455125
t73	1.10337955022265	1.10337955022265
t75	4.27037147782214	4.27037147782214
t78	0.984850849089121	0.984850849089121
t79	2.93005425793415	2.93005425793415
t81	4.06706498299619	4.06706498299619
t83	1.80791070282202	1.80791070282202
t86	4.76503301381629	4.76503301381629
t89	0.307984259119447	0.307984259119447
t91	5.95859813380339	2.04285580490053
t92	3.8404955641515	3.59621310338
t95	3.94088911172808	3.71412561710488
t96	6.40526706074028	6.40526706074028
t97	1.83574475921612	1.83574475921612
t98	2.38041236442875	2.38041236442875
t100	3.19949930463049	3.19949930463049
t101	1.0437051881473	1.0437051881473
t103	4.48984207136036	3.99491999780239
t104	2.61555718557393	0.425549585571936
t106	1.51257407460718	0.0434392387703895
t109	1.03856285028936	1.03856285028936
