taxon	fad	lad
t1	17.5331228924903	2.02001837851033
t3	15.1275013962707	4.96969518267746
t4	11.541373243362	11.541373243362
t5	10.3636125606923	6.36295791991765
t6	9.74857611177807	9.74857611177807
t8	6.01310341729273	3.57304829093562
t9	3.01774229680359	0.276606776563924
t11	1.62930406733072	1.62930406733072
t13	13.0359141223612	0.610723606654645
t14	12.4441075001638	12.4441075001638
t15	9.32942558699237	9.32942558699237
t16	3.10663590713763	3.10663590713763
t17	4.8567479298092	4.8567479298092
t18	6.82788887927073	1.5007571934395
t20	1.80656632357074	1.80656632357074
t22	8.64381782927558	7.72556113606637
t23	4.18417934392056	3.22493915335346
t24	0.933926418530277	0.484185544863202
t25	1.29613809236123	1.29613809236123
t28	9.74859542677439	9.74859542677439
t32	8.65783612150397	7.86018301484183
t35	2.28052595431128	1.44785517472296
t37	8.40462226519141	8.25957932084036
t39	6.58044347773526	1.48509085295219
t40	2.62534720335393	0.976664450847792
t42	0.40054736620397	0.40054736620397
t43	7.32242765369153	5.57281502055264
t44	1.43000367643456	1.43000367643456
t45	2.71708559549301	0.525842530903216
t47	7.18279583644892	7.18279583644892
t48	6.18964285383793	5.03421427165639
t53	1.1851065118996	0.948130751927572
t56	9.24590780057683	6.19792263005943
t58	6.01617583878034	0.084749814382377
t59	5.58503463902198	5.58503463902198
t60	3.13640075074957	3.13640075074957
t63	1.08370231171121	1.08370231171121
t64	1.12001736820658	1.12001736820658
t68	4.6712023698243	4.6712023698243
t70	0.854292341530204	0.854292341530204
