taxon	max_age	min_age
t1	19.4048083447393	12.5266078674093
t4	9.65171806590138	3.88679033101062
t5	8.70579421737325	0
t6	11.3057371084013	0
t7	10.9622191536434	0
t8	7.2522297960248	0
t9	3.91508076105394	0
t11	0.234249534540645	0
t13	4.15144462930655	0
t16	0.865038005200976	0
t18	3.30634819397796	0
t22	2.89577199954985	0
