taxon	max_age	min_age
t1	15.753317118452	12.5320883827601
t2	17.495156697308	17.495156697308
t3	15.7316122654205	7.92324713145217
t4	11.7077579661121	11.7077579661121
t5	13.1238026952469	2.02065060541934
t6	9.93179242987566	1.89393531799142
t8	7.72055948025924	6.86327986573232
t10	7.24339202130506	1.83243818372588
t12	6.63172133752812	4.16075397690021
t15	0.616848234602614	0.616848234602614
t18	9.95069325915571	9.03842235404501
t19	6.65921404474301	6.65921404474301
t20	0.284508523235949	0.284508523235949
t21	7.38035811116278	7.38035811116278
t23	0.695634958822531	0.695634958822531
t27	4.1509261572802	1.78336148096216
t28	4.33261750602473	3.47251839293182
t29	1.28837701114514	0.810441381248321
t30	0.437867653904846	0.437867653904846
t32	0.96910948735971	0.783761872364121
