taxon	fad	lad
t1	19.0584738661225	8.20173826569231
t2	11.1148146853168	9.09516477054051
t3	12.1583079700486	9.37567181405332
t5	9.57990007503025	6.21254022572948
t6	6.51006223397655	6.51006223397655
t8	6.51269285068519	6.51269285068519
t9	8.3724019599626	8.3724019599626
t11	5.1763201697231	5.1763201697231
t12	6.41936559161484	0.63835005080086
t13	2.49945113968608	0.932507479928507
t16	4.36188287937996	4.36188287937996
t17	4.78310228266048	3.06027489189285
t18	3.4106185257375	3.4106185257375
t19	5.12549469907895	5.12549469907895
t20	5.93572010501214	3.98297837219127
t22	0.627111390345778	0.527888326707966
t23	6.69417310368327	6.69417310368327
t24	3.76714733624026	3.76714733624026
t25	1.07198113250925	0.715183286539677
t26	2.28930592196793	1.72584734051288
t28	0.442396641003537	0.442396641003537
t29	1.872739475756	1.72523974028887
