taxon	max_age	min_age
t1	11.5124918710916	11.5124918710916
t2	10.4789222263305	7.75935101231149
t3	11.0283864913204	8.65826788852057
t4	10.7408852220939	10.7408852220939
t5	9.40719590188228	9.06170722048916
t7	7.38218710989017	7.38218710989017
t8	10.5406874347381	10.5406874347381
t9	9.29294505974688	9.29294505974688
t11	6.21072659155764	5.87650002590831
t12	9.47460987974449	5.54500689802904
t13	9.19856719373633	9.19856719373633
t14	4.92993265574631	3.64829730181705
t16	5.03300384228685	3.16515778652045
t17	7.08866809401574	4.37612260753823
t18	4.86286546334881	4.86286546334881
t19	10.0042839481171	1.72912817274181
t20	5.66825126650222	1.07600001053396
t22	3.5887486596714	0.00980653195681924
t23	0.173435124713059	0.173435124713059
t24	5.95268652652549	5.95268652652549
t25	6.01095479856918	0.811850914972791
t28	3.41646971889523	0.214713133085549
t29	2.67399563406111	2.67399563406111
t30	0.674879211431517	0.674879211431517
t31	8.19671413811183	8.19671413811183
t35	2.21964656966005	1.51258461923226
t38	2.54328072767962	1.91589373084663
t39	2.60874569158144	0.34128780374067
t42	2.55041099695125	2.55041099695125
t45	4.76743314612446	4.76743314612446
t46	2.78293215246039	2.78293215246039
t47	1.65735460356479	0.270599159455347
t49	1.02909254239673	1.02909254239673
t61	4.23618298706822	4.23618298706822
t63	4.70575100315155	4.70575100315155
t64	2.06434750575786	2.06434750575786
t68	2.62296894686462	2.62296894686462
t69	2.15568783969474	0.924105218996573
t77	3.86701440201282	2.03928792301397
t79	6.36436828962065	6.36436828962065
t82	0.966898558503352	0.966898558503352
t83	3.55440254989931	3.55440254989931
t84	2.26031214352012	0.275863867370393
t85	4.11116135941716	4.11116135941716
t86	0.146088687683527	0.146088687683527
t88	1.09597377710551	1.09597377710551
t90	2.94644811909837	2.94644811909837
t96	2.45113387026085	0.477445437003606
t97	0.588600425411691	0.588600425411691
