taxon	max_age	min_age
t1	19.1304985604559	18.2008667346189
t2	17.8806376410648	10.6220381639569
t4	5.62735541095093	5.62735541095093
t5	13.0490114946235	2.37252631891761
t6	11.9314274458532	2.478718611409
t9	11.3233890566925	1.40462764675453
t10	1.45028694523732	1.45028694523732
t13	8.11217855936688	8.11217855936688
t14	5.31317692956652	3.44253902031081
t18	7.77390560841665	3.93078793871106
t19	6.76549022171502	4.54614530868684
t20	7.68892803004488	7.68892803004488
t21	5.91003543161954	4.15272431844081
t22	1.6116735974345	1.6116735974345
t24	2.76918953665077	2.76918953665077
t25	0.399393304951285	0.399393304951285
t27	9.44876884180108	7.3300300731788
t31	2.75807036858635	0.384145501786797
t33	5.04767108739284	5.04767108739284
t34	4.23414919371593	4.23414919371593
t35	8.51479634523545	8.51479634523545
t36	8.25105566306517	5.31002936815078
t37	5.70696870740703	1.68821637307804
t38	1.10299821125266	0.725928512401751
t39	2.7204852066864	2.7204852066864
t40	3.23577322010151	1.73814424124524
t43	9.29326655594978	8.79578657381384
t45	0.421649319339053	0.421649319339053
t48	6.7576419508567	0.167390258255573
t49	0.315020465806594	0.315020465806594
t50	3.52952209636065	3.52952209636065
t54	5.88187607245997	4.33349436389759
t55	5.19588277652356	0.879314368033103
t58	2.73130751212869	2.73130751212869
t59	1.56616441436866	1.56616441436866
t61	0.343059103427873	0.343059103427873
t64	2.65355772452352	2.65355772452352
t65	0.550241216723293	0.550241216723293
