taxon	max_age	min_age
t1	17.443992421171	8.91708935626142
t2	18.0538294010581	13.7340745467326
t3	16.2532223455791	14.0484837463302
t4	12.7470196887175	12.7470196887175
t5	11.4134676600942	6.75020413969788
t6	6.61210581380708	2.96461575074577
t7	8.28909855282697	8.28909855282697
t9	11.7952348260268	6.60941391749589
t10	8.71090279221396	8.71090279221396
t11	10.8050883521336	5.44025467967047
t12	5.19006501144156	5.19006501144156
t14	10.1772339063238	10.1772339063238
t15	7.77708171625757	7.77708171625757
t16	3.95286121799469	2.64152407410574
t17	1.78099591297008	1.78099591297008
t18	2.15871666908091	2.15871666908091
t20	0.290182272876244	0.290182272876244
t21	6.52472281354655	5.07021266027529
t22	6.36005389651149	6.36005389651149
t23	5.83645276451841	0.5725423127545
t26	6.479394389333	5.45514067796935
t27	3.92187785760752	1.67741669745437
t29	8.45330997358831	8.45330997358831
t30	1.6220632486445	1.6220632486445
t31	5.34218228175338	5.34218228175338
t33	4.7952949541469	3.9200357680057
t35	3.53197695470047	3.53197695470047
t37	1.85386433423816	0.47888417109856
t40	0.124742155961897	0.124742155961897
t42	1.3515796677412	1.3515796677412
