taxon	max_age	min_age
t1	17.371352215748	16.8465812071075
t2	19.4535968354491	18.2213822203897
t3	15.0593197140279	15.0593197140279
t4	15.4871407132032	11.3300105174441
t8	16.331842272468	16.331842272468
t10	4.27467106303304	0
t13	7.93122098680623	0
t15	5.55352767453378	5.55352767453378
t18	1.16466971375929	0
t20	0.395956028075386	0
t21	0.85638957049337	0.85638957049337
