taxon	max_age	min_age
t1	19.2420641721228	10.8392461086402
t2	17.2428813995793	7.08341420007867
t3	11.6562816842796	7.71335667323681
t4	5.94154413379862	4.84120651942406
t6	10.3822059823517	8.71866810939652
t7	9.78792028529636	5.81279877756478
t8	7.09986684668074	6.31371858043481
t10	7.01632695998276	0.0494631197268411
t11	6.87880660790796	6.87880660790796
t14	5.81800562977023	5.81800562977023
t17	8.2252704696426	8.2252704696426
t18	9.53831821306858	6.43356167185894
t19	7.39612280080154	2.87320777476857
t20	8.10457687711753	8.10457687711753
t23	6.95991941020132	6.95991941020132
t24	6.90436136203336	6.24335430788325
t26	1.81459915795659	1.81459915795659
t27	9.90611847984674	0.770454560729952
t28	5.61827858457744	5.61827858457744
t30	4.36053522720714	0.275125914690438
t32	0.920204981540827	0.920204981540827
t35	3.11425516311251	3.11425516311251
t36	1.53504286483181	1.53504286483181
t43	1.12301657314227	0.670249985494969
t48	1.97885871025053	1.97885871025053
t52	1.76009540413147	0.897817559275833
t53	2.95601690551697	2.95601690551697
t54	1.89891096770301	1.89891096770301
t55	2.55692166809146	0.983266705387877
