taxon	max_age	min_age
t1	15.5355621534248	13.1145876927419
t2	11.6937211934794	8.8936846857177
t6	9.17455034089176	7.39249580298452
t7	6.41149944864148	4.14960484569206
t11	7.25327243543838	0.333458629216913
t12	2.8383556870629	2.8383556870629
t13	2.20754463549738	1.79699237161661
t15	6.01270559345609	6.01270559345609
t17	1.90294384642426	1.90294384642426
t18	0.128275458666025	0.128275458666025
t20	1.80552613836982	1.80552613836982
t23	6.95377531460677	6.95377531460677
