taxon	max_age	min_age
t1	14.4021424422318	12.771699222785
t2	11.0576117414056	7.84615676549886
t4	9.4233039878005	9.4233039878005
t6	6.00091182625103	6.00091182625103
t7	5.56367827462466	1.97822545113272
t8	3.32799941595375	2.73852943736791
t9	4.1094997508052	2.16369727920472
t11	2.64858979560166	0.616996129810609
t12	3.43255580809348	3.43255580809348
t13	2.22128968626641	2.22128968626641
t14	0.702492730720671	0.702492730720671
t16	1.38529315221194	0.892599414763396
t17	1.42512565252381	1.42512565252381
