taxon	fad	lad
t1	18.5358425105611	11.5765744978258
t2	11.7588560558233	11.7588560558233
t3	10.5959794102508	5.02005901887348
t5	9.58232199884933	8.73915712305637
t7	3.58619858463005	3.58619858463005
t8	8.79562804766929	2.65588286031413
t10	10.8228661160756	7.73657268999707
t11	9.89123152245462	9.89123152245462
t13	5.40747518422993	3.23251729137244
t14	4.23247387944021	1.05172128985759
t15	4.71610064308701	4.71610064308701
t18	6.52712469733116	2.16092770901028
t23	8.13654683505233	7.37401903271413
t27	3.17095659674067	3.17095659674067
t28	0.73156812698155	0.73156812698155
t29	4.63413063520733	4.63413063520733
t30	3.7934286708668	0.575177264465172
t31	1.68080486085958	0.295768593208962
t32	1.58897957826241	1.58897957826241
t33	2.60728712582917	2.60728712582917
t35	5.94216378370687	1.38994825982909
t36	1.18640194252078	0.948596482757882
t38	4.8077285157616	4.8077285157616
t40	1.56191555356678	1.56191555356678
t43	0.472829048850432	0.472829048850432
t44	2.48365718277454	2.48365718277454
t53	0.634561005624313	0.634561005624313
