taxon	fad	lad
t1	17.7062406220163	14.8932302653435
t2	10.3216231281183	9.74104199536809
t3	13.9341716085735	6.05837409119941
t4	7.63545451912003	0.557385437389261
t6	9.38640341346178	9.38640341346178
t8	0.675836243673444	0.675836243673444
t10	7.91083743372966	7.91083743372966
t11	3.30534176054659	3.30534176054659
t12	7.17564393810658	7.17564393810658
t13	6.939494430347	6.939494430347
t23	9.49836144261455	5.69690522861142
t24	8.91546700057361	8.55853024545267
t25	5.50292871999252	5.04655102529882
t28	1.77331012769171	1.56618868406741
t32	1.53833332047897	1.53833332047897
t33	0.215302874616238	0.215302874616238
t34	5.63114867521695	5.63114867521695
t35	6.46287378572783	6.46287378572783
t36	7.43545707405501	7.43545707405501
t38	4.67192187570902	3.94767596517624
t39	1.29003596907368	0.675385225391395
t40	5.00483080757594	5.00483080757594
t41	3.92068740136535	3.13538619846482
t44	3.26644759591657	3.26644759591657
t45	0.392422663473429	0.392422663473429
t49	0.379328369063316	0.379328369063316
t51	4.61977098867985	4.61977098867985
t54	4.62129237338741	4.62129237338741
t55	0.408999312289584	0.408999312289584
t60	2.80449401477856	1.75930732130888
t62	2.64454624381979	0.154034592498498
t63	3.30364697223971	3.30364697223971
t65	0.519596140452254	0.0982704674134922
t71	1.93881235162238	0.917861406015831
t72	2.2350246825334	2.2350246825334
t77	3.97785524448821	3.69110205442776
t78	0.290627253656517	0.290627253656517
t82	1.03230447415021	1.03230447415021
