taxon	fad	lad
t1	6.20470081470009	4.04409808741605
t2	9.85048437180619	9.39398192800581
t3	2.87482312442801	2.0597383234391
t5	8.33902606274933	1.15130914860757
t7	2.53933339960994	2.53933339960994
t9	7.93683994273244	0.828619492150835
t10	2.01163163422994	0.680566583808172
t11	0.650421396835766	0.650421396835766
t14	3.07732204726019	3.07732204726019
t16	0.23783248295312	0.23783248295312
t17	1.88515496726139	1.88515496726139
