taxon	fad	lad
t1	7.72173018194735	6.6301590848557
t2	8.05181755733438	8.05181755733438
t3	7.13459763892083	7.13459763892083
t4	4.34518141241042	0.520590525041463
t5	6.41299389054698	2.52934850074544
t6	7.51418582058465	3.22716778673839
t8	4.30885229798949	4.30885229798949
t9	7.30110698943123	1.80627607072772
t12	4.23259682442526	4.23259682442526
t13	1.22869327859482	1.22869327859482
t14	7.42996959095581	6.72437412433707
t15	2.78848053170951	2.78848053170951
