taxon	fad	lad
t1	6.60858706642905	0.522988897611885
t2	8.27937413923925	0.817363684371927
t3	8.19392168769942	5.03036117691599
t4	7.58621496349068	1.7993859240434
t5	6.08610277288735	3.84521376410952
t11	1.27038670986585	1.27038670986585
t12	4.38665355945716	2.69403517325808
t14	5.57396926899583	0.907139868269587
t16	0.887115822941857	0.887115822941857
t19	6.1447571786183	6.1447571786183
t20	5.47921316046428	5.47921316046428
t21	3.33470312028172	3.33470312028172
