taxon	max_age	min_age
t1	8.9379476212586	0
t2	7.6964598926409	7.6964598926409
t3	7.0261627875832	4.07982816043668
t4	6.51569011084608	0
t5	3.7655557098258	0
t6	4.23878980666925	0
t7	3.51141354905512	0
t9	1.99085717640219	0
t10	5.34404415143083	5.34404415143083
t11	4.83028171335188	4.58046465552874
t14	2.27882596792379	1.61019063678086
t15	2.80326739680234	0
