taxon	max_age	min_age
t1	6.93524094227593	3.12868774193803
t2	4.88153525932578	4.88153525932578
t3	0.650907402601494	0.00295075748528362
t4	1.66428123633789	0.845662425602249
t6	5.78996703088751	4.75398970827927
t7	6.33653599270959	1.4174589140378
t9	4.95770253599185	1.51968493343238
t11	1.29428469527056	0.761607434133145
t12	0.112206927241601	0.112206927241601
t13	0.307129664701407	0.00810695475060186
t14	3.1377417452532	2.7734530156377
