taxon	fad	lad
t1	9.57717477102273	0.501688069828322
t2	7.38524828169851	0.185323241943662
t3	3.91875904366927	0.401100974389932
t4	6.33943566977101	1.2580684601458
t5	5.49979750987274	0.071811496642944
t6	1.1406389919435	1.1406389919435
t7	5.69138148555223	5.69138148555223
t8	4.26827098557095	2.1084496920337
t10	0.631114329327403	0.631114329327403
t12	2.46442277434664	0.220317017796331
t13	2.74746312642488	2.74746312642488
t14	0.922273344451114	0.922273344451114
