taxon	max_age	min_age
t1	8.08663562716295	0
t2	2.76161710324654	0
t4	4.58725779906697	4.58725779906697
t5	5.87467861493605	1.31097813282682
t6	4.40238507773798	0
t7	3.08795080957412	0
t8	4.6780800613259	2.28197118539374
t9	0.231489817109065	0
t11	6.97005814426764	0
t12	2.94208470876835	0
t14	2.45732521172234	0
t15	0.463249625012823	0
t17	4.434744791132	0
t21	0.160339811286429	0
