taxon	fad	lad
t1	6.94497362102014	4.23438822338882
t2	4.96297274397474	4.96297274397474
t3	6.12036041130613	6.12036041130613
t4	2.73389897422063	1.33499761837246
t5	0.345355425922978	0.345355425922978
t6	6.27160638356955	6.27160638356955
t7	1.99311105625823	1.99311105625823
t9	6.0015728865639	0.125567822498617
t10	4.83978143943852	4.83978143943852
t12	5.37189332549555	5.37189332549555
t15	1.2561840280964	1.2561840280964
t17	1.99547805943659	1.99547805943659
