taxon	fad	lad
t1	9.85710435266526	1.97735031294064
t2	1.7305457508122	1.22991636643112
t3	5.26486930738251	2.63131035391167
t5	1.47881425887526	0.347708468577006
t6	2.75419082546507	2.75419082546507
t8	6.14180165611645	6.14180165611645
t9	4.1825021537064	4.1825021537064
t10	1.9678939652755	1.20990707920186
t11	0.5945723712416	0.5945723712416
t12	5.18774425935003	3.02416100031245
t13	0.507364348362273	0.507364348362273
t14	2.01024742731193	0.126793018279781
t16	2.96505932688413	1.61947766763722
