taxon	max_age	min_age
t1	8.56193566850076	2.35024413869456
t2	5.9986362028648	0
t4	1.70206143614127	0
t5	0.317418302000217	0
t6	4.16648667411632	0
t8	6.17765075475563	0
t9	2.74326616236176	0
t11	5.41696945881099	5.41696945881099
t12	5.58001167701031	3.80960822355096
t13	5.1945696006083	0
t14	5.27906531735067	0
