taxon	fad	lad
t1	5.70508797977463	2.99151545980844
t2	8.91649430987383	8.63206680356004
t5	5.71274475221696	1.09511373450566
t6	2.33654367229262	1.91691001427967
t7	4.46259712471276	0.606983914360583
t8	7.49227349167392	4.48757085488227
t9	7.74987671902095	2.71357188024284
t10	6.78139769612751	6.78139769612751
t13	1.50433289061944	0.135735580344615
t15	2.76002620602279	0.681205330797818
t16	0.368843730953152	0.368843730953152
t18	5.74743882879085	3.75658857762283
t19	6.97603013941008	4.84693623412011
t20	3.89109690839186	3.60984801169867
t22	5.26585245576644	4.34460669517163
t23	6.74289549499111	6.74289549499111
t24	0.639233544315463	0.639233544315463
t25	3.27166819933751	3.27166819933751
t26	1.20549433360279	0.839585892539549
t28	1.32008559402705	1.32008559402705
