taxon	fad	lad
t1	9.50483731589675	6.77985575349187
t2	0.859884451870847	0.195511293704042
t3	8.24668026926406	3.54650757536037
t4	7.94004742990728	7.94004742990728
t5	7.12639355719495	5.74457484981432
t6	2.81345807676773	0.733006679970213
t8	7.24185704927278	4.51637724481254
t9	7.31682760747288	0.0478769100020422
t10	2.9195720372524	2.9195720372524
t12	1.95706700735703	1.60217873947746
t14	5.94500830479461	5.94500830479461
t16	0.0279189769238162	0.0279189769238162
