taxon	max_age	min_age
t1	9.35342329088598	2.72192219290948
t3	5.73316070122623	0.468526335001108
t5	6.76538581992729	6.15158924400105
t6	6.29772427519928	5.17516336587092
t7	2.51623550286154	2.51623550286154
t8	8.1015128110705	8.1015128110705
t9	2.08785548986923	2.08785548986923
t11	1.61909184150054	1.61909184150054
t12	5.81528318845446	5.81528318845446
t14	1.1604462180242	1.1604462180242
t15	5.12832787393253	4.84209393915021
t16	1.43416639436404	0.0164253763270406
