taxon	max_age	min_age
t1	6.49363501614246	6.49363501614246
t2	9.50456338158049	4.62182732577771
t3	2.96769620682623	0.711435203291096
t4	4.97739217925787	2.89643469329457
t10	3.52633624726717	3.52633624726717
t11	3.60820473650092	1.01905183568839
t12	1.75582536803783	1.28726709062368
t14	4.27578306854793	4.04861905089049
t15	3.48536809779275	3.48536809779275
t16	1.83130412044424	1.83130412044424
t17	2.36867028728541	1.7936247717421
