taxon	max_age	min_age
t1	9.67191341488312	0
t2	6.11713314286171	0
t3	3.42933524194153	0
t4	2.9307136882688	2.07899874193921
t5	4.75782994896515	0
t6	1.69527152757298	0
t7	7.8022329232289	0
t10	7.15519358601517	2.97034011375664
t12	4.02626520486483	0
t14	3.965946479844	0
t15	3.77230725772058	1.92210040073617
t17	1.77944631845304	0
