taxon	fad	lad
t1	9.42897243890911	6.21809006216969
t2	7.00635617450413	1.45009644508074
t3	7.99906762896721	1.69589892991277
t4	4.61277578139327	4.61277578139327
t5	5.1270188824902	5.1270188824902
t7	1.29203969483916	1.18602382307089
t8	6.27717741747337	6.26201259140496
t9	2.32849450062315	1.73638207273533
t11	5.48354755921944	5.48354755921944
t12	4.81328294254214	0.316570463934664
t13	4.25923350667845	3.22970169531446
t16	0.446948525100991	0.235593085713729
