taxon	fad	lad
t1	9.99065167792522	1.34763875210214
t2	5.91047298509027	5.91047298509027
t4	6.54066582347182	4.19433101372399
t6	1.74679420935043	1.74679420935043
t7	1.28791887450812	1.28791887450812
t8	1.95119224943583	1.95119224943583
t10	4.72049020618912	0.334451334290765
t13	3.98510310932665	1.00802923390036
t14	4.4884545104416	3.42965116070824
t16	6.42674530655613	4.49379303602348
t17	5.07411263123869	5.07411263123869
t20	0.728653094899769	0.728653094899769
t22	4.64182708619435	4.64182708619435
