taxon	fad	lad
t1	5.80991821313679	1.35834502472013
t2	1.53298231146448	1.35627737107836
t3	7.83576645733168	1.20308987593665
t4	5.23863917992761	1.97008434852308
t5	4.61587840860432	0.29455311003518
t8	2.06981562882107	2.06981562882107
t9	0.603340889296847	0.603340889296847
t10	6.7405499031422	1.67592867287062
t17	5.36013377519945	5.36013377519945
t20	0.829340417462374	0.829340417462374
t26	1.06311216112388	0.346428294978168
