taxon	fad	lad
t1	9.29235601332039	9.29235601332039
t3	7.20144676798117	3.68872023371916
t4	5.4614900519609	0.248443119763705
t5	7.17044155115724	1.15360201144613
t6	1.96440456581739	1.96440456581739
t8	1.76175513606645	1.76175513606645
t12	4.3968479953933	4.3968479953933
t13	2.70373374827196	2.70373374827196
t15	1.98188319136714	1.98188319136714
t16	2.52391550783764	2.52391550783764
t21	0.7532442091501	0.7532442091501
t22	1.27444984323313	1.27444984323313
