taxon	first_age	last_age
t1	9.30432902267784	0
t2	8.30878040551689	8.30878040551689
t3	6.23102623835023	0
t6	2.78290975669138	2.78290975669138
t7	0.249175321752924	0
t11	1.55114182177332	0
t13	2.71945196460142	0
t14	1.67755855648042	0
t15	0.999419583784766	0
t16	3.83875284943718	0
t17	2.39441063397354	0
t18	2.39651427745768	0
t19	2.12072032204197	0
t20	1.73757927595244	0
t21	1.30924913530529	0
t24	1.99940641221072	0
