taxon	first_age	last_age
t1	7.70467238197076	0
t2	2.45718748334445	0
t3	3.11035490559796	3.11035490559796
t6	4.15750981644843	0
t8	0.704931878141045	0
t10	0.769041051837098	0
t11	3.72477408808721	0
t13	2.78989814088456	2.78989814088456
t14	1.45364884587712	0
t15	2.70803511484209	0
t16	3.13125496628957	0
t18	1.16596229069702	0
t19	1.69353272961868	0
t23	1.04600172688673	0
t24	1.07213354298688	0
t26	0.394193297431372	0
t28	1.23245641657044	0.734045826399818
