taxon	first_age	last_age
t2	6.89141125991955	0
t3	2.39992614748791	0
t4	3.26098684692731	3.26098684692731
t8	2.84618841608191	0
t12	2.27779165227451	0
t13	1.51900991035729	0
t15	0.139345941338915	0
t23	0.779586220851376	0
t25	2.07538507196984	0
t27	2.28584643607018	0
t28	0.152167127533822	0
t29	2.32757888296154	2.32757888296154
t31	1.00850501770009	0
t32	1.94652197925645	0
t34	2.08183619825871	0
t38	1.09999722371709	1.09999722371709
