taxon	first_age	last_age
t1	9.93452640392906	0
t2	7.2079834218274	0
t3	7.18755255752711	3.23652422527764
t4	1.63550466221568	0
t5	1.23276621375788	0
t6	1.98220507805086	0
t7	2.16615119070174	0
t8	0.186832851393318	0
t9	1.89647501326335	0
t12	0.411286737022721	0
t13	3.28328730424739	0
t15	0.932450000806044	0
