taxon	first_age	last_age
t1	7.98203675395443	0
t2	7.83746286256206	0
t3	0.741195308899282	0
t5	1.57685503254616	0
t7	2.74936210897279	0
t10	1.46866507143694	0
t11	1.19720956021257	0
t12	0.664097316535399	0
t14	0.509406522055034	0
t16	1.63303354831066	0
t18	1.28778356155936	0
t20	0.468646139743997	0
