taxon	first_age	last_age
t1	9.65101355780756	5.42302455549703
t2	8.74325222251015	0
t3	2.33761331375563	0
t5	3.19796876699482	0
t7	2.83658785260082	0
t8	1.73163705914048	0
t10	1.06926532342665	0
t12	3.00657757208513	3.00657757208513
t13	0.153054857985001	0
t16	1.2938335770735	0
t17	1.28480505504842	0
t19	1.61383597034562	1.61383597034562
t21	0.481948015087506	0
