taxon	min_age	max_age	status
t1	1.88015060087976	3.8220044625923	extant
t2	1.88015060087976	3.8220044625923	extant
t4	0	1.88015060087976	extant
t6	0	1.88015060087976	extant
t7	0	1.88015060087976	extant
t9	1.88015060087976	3.8220044625923	extant
t11	0	1.88015060087976	extant
t12	0	1.88015060087976	extant
t14	0	1.88015060087976	extant
t16	0	1.88015060087976	extant
t18	0	1.88015060087976	extant
t20	0	1.88015060087976	extant
t21	0	1.88015060087976	extant
