taxon	first_age	last_age
t1	28.3542814578664	21.0390898009644
t2	27.4525730975824	21.9259827706044
t3	24.1508016027235	20.540975498578
t4	21.0897743264529	21.0897743264529
t6	27.6581580548017	26.8659694004973
t7	22.1285134187259	21.8073024446496
t8	21.4237271483613	21.4237271483613
t10	18.7299818365368	18.7299818365368
t11	20.9086464303674	0
t13	17.1287749034015	17.1287749034015
t14	7.87605885557566	0
t15	6.56856966483928	6.56856966483928
t18	0.555458456307118	0
