taxon	first_age	last_age
t1	1.14505958299172	0
t2	4.65287458039671	0.833157712856391
t3	5.98249015179622	5.98249015179622
t4	1.15835525781449	0
t9	1.8665067231134	0
t12	4.4297488293994	0
t13	1.20257203537314	0
t14	0.77810242078921	0
t16	4.10072620631672	3.91892484268166
t18	2.99596542328199	0
t21	1.10000164353022	0
t22	1.31768314236918	0
t25	1.2820339970961	0
t26	1.39765974165791	0
t27	3.12777227313175	0
t28	3.29772388807207	3.29772388807207
t31	1.42833841019139	0
