taxon	first_age	last_age
t1	4.38265848932854	0
t3	1.11922071287188	0
t5	0.259600485641245	0
t8	1.01735849618058	0
t10	4.02404312131698	0
t12	0.53400070588637	0
t13	0.664246432029467	0
t16	3.56149499984191	0
t18	2.07947765340652	0
t21	0.225357717109052	0
t22	1.00040138651976	0
