taxon	first_age	last_age
t1	9.00587663994054	0
t4	5.41030654215644	0
t5	0.59715227380763	0
t6	3.58907576937801	0
t11	3.40693221779973	0
t13	2.06318817061785	0
t14	4.37893637836795	4.35839056728602
t15	1.73315169241117	1.73315169241117
t17	2.48062220787937	0
t18	4.61127267689414	0
t19	0.375600524226085	0
t20	0.74480802012708	0
t21	0.645925149578824	0
