taxon	first_age	last_age
t1	29.7492508515871	16.3878824875628
t2	21.3578904151744	20.0597859109562
t3	21.7857362791824	0
t4	21.7693490082186	21.7693490082186
t5	20.4245727938424	20.4245727938424
t7	21.8390153822774	20.4687276165156
t8	6.76046528518826	0
t9	2.23341405988095	0
t12	20.4193279436123	20.4193279436123
t13	0.17645687819968	0
t14	0.277172274629486	0
