taxon	fad	lad
t1	16.6863255466835	16.6863255466835
t3	6.51909560478904	6.51909560478904
t6	5.83432735641864	5.83432735641864
t9	9.04036315200019	9.04036315200019
t11	2.51420671147486	2.51420671147486
t12	1.11260635234482	1.11260635234482
t14	8.72109116046405	8.72109116046405
t15	7.34895484408774	5.92425621932783
t17	3.7908343018527	3.7908343018527
t24	6.34819599686601	6.34819599686601
t41	3.72896838917037	0.104774228990831
