taxon	max_age	min_age
t1	29.9374097996793	20.0033289132562
t2	28.6980570156819	26.5348199770567
t3	25.9171618591319	25.9171618591319
t4	22.9452945731055	22.9452945731055
t6	27.0838597762459	20.2154586372725
t7	20.3550553928563	20.3550553928563
t10	21.8838311988723	21.8838311988723
t11	22.2291064917113	20.1255937373025
t12	18.505578489605	18.505578489605
t16	20.5032919520301	20.5032919520301
t18	20.0925958560437	20.0925958560437
t21	13.6281510608814	13.6281510608814
t22	9.1700702760075	6.892004374473
t23	19.4491602003497	19.4491602003497
t27	7.63747101724802	0
t28	5.53627147778519	5.53627147778519
