taxon	fad	lad
t2	4.55216796523566	3.83071336815739
t6	4.70042760452783	0.166433928770461
t7	5.18175098988506	5.18175098988506
t8	1.39672596621917	1.39672596621917
t14	7.48327188735191	7.1824605948624
t17	0.509461415277347	0.509461415277347
t20	2.66356960115024	2.66356960115024
t21	2.1798710858572	1.40514511225109
t36	4.26249542435583	4.26249542435583
t41	1.56248183095201	1.56248183095201
t47	0.700887569914027	0.700887569914027
