taxon	max_age	min_age
t3	6.84378102129388	6.84378102129388
t4	1.50025677726016	1.50025677726016
t7	4.11508759911789	4.11508759911789
t8	3.53338478723922	3.53338478723922
t12	5.9640033318252	5.9640033318252
t21	1.4569986486184	1.4569986486184
t22	1.88476301392791	1.88476301392791
t23	1.27486854902009	1.27486854902009
t32	5.66087320967624	5.66087320967624
t33	2.47342131254174	0.123154456751626
t36	2.87726407453862	0.769996177893846
