taxon	max_age	min_age
t1	9.4191970401023	0
t2	8.46072185630527	0
t3	6.77532303986817	5.19458050990787
t5	3.2689481780105	0
t10	3.76587021380955	3.76587021380955
t11	3.04344219016363	0
t12	3.60902013121792	0
t15	1.40956089071825	0
t17	2.576937079029	0
t21	4.95380642855379	0
t22	4.42943565884142	0
t26	0.603533251362705	0.603533251362705
t39	3.49585027502309	0
t45	0.071905179545416	0
