taxon	max_age	min_age
t2	4.79219842647752	4.79219842647752
t3	4.32050357065159	4.32050357065159
t8	7.76032240027194	7.76032240027194
t12	3.82731331781215	3.82731331781215
t17	2.60245934757198	2.60245934757198
t23	2.82757603103322	2.82757603103322
t26	2.38284005676558	2.38284005676558
t31	1.67979773880664	1.64854053140656
t34	2.52092755497174	2.52092755497174
t41	0.213341176279702	0.213341176279702
t42	1.20870909933513	1.20870909933513
