taxon	max_age	min_age
t1	7.53510723821819	7.53510723821819
t2	1.41684807643993	1.41684807643993
t5	2.52766304738831	2.52766304738831
t6	0.968475938737505	0.968475938737505
t7	2.34510006938141	2.34510006938141
t9	6.89195189079558	6.89195189079558
t10	5.0336261085636	5.0336261085636
t17	1.92718514564369	1.92718514564369
t20	4.86387546094423	4.86387546094423
t22	1.13774905506525	1.13774905506525
t27	0.183610026457641	0.183610026457641
