taxon	max_age	min_age
t1	8.4441600715375	0
t2	1.78078445822409	0
t3	6.63443678289617	6.63443678289617
t4	6.25866086679575	4.98416546974082
t7	0.424066210115379	0
t8	4.42312423633662	4.42312423633662
t9	4.72513988965881	0
t10	0.0398425441555581	0
t11	4.35731604518743	0
t12	0.0977382142302474	0
t13	6.56564779452093	0
t21	0.0879487950029905	0
t22	5.76880628930672	0
t27	0.124134149216738	0
t28	1.17726966031432	0
t32	0.578673997576367	0
