taxon	fad	lad
t4	3.64294324070215	3.64294324070215
t5	7.69095191196692	6.43557668128205
t6	0.802234477984408	0.802234477984408
t8	7.52413613566508	0.100304724262898
t11	4.92289912253414	1.67107255098601
t13	2.68813398045798	2.68813398045798
t14	7.14289123364485	6.17666292521562
t17	1.35828774493488	1.35828774493488
t20	6.17652772149692	6.17652772149692
t21	1.95825894297272	1.95825894297272
t27	4.5432304232785	4.5432304232785
t28	3.01517356369496	1.51521798405647
t29	0.321491734409111	0.321491734409111
t32	1.63857439843317	1.63857439843317
t35	2.03699289226309	2.03699289226309
t37	3.16380614446409	0.529760972760458
t39	0.735531264619436	0.735531264619436
t43	3.99343266877765	3.99343266877765
t53	2.86540536045776	2.86540536045776
t54	3.12188904919284	3.12188904919284
t59	0.924707393580533	0.924707393580533
t70	2.95694609672357	2.44400078464826
t72	0.0936694576978372	0.0936694576978372
t73	0.143874789175726	0.143874789175726
t76	0.335844316856532	0.335844316856532
