taxon	max_age	min_age
t1	9.88890207745131	4.84052871765946
t4	0.319998380106105	0
t5	4.81367268822227	0
t7	4.09677049313677	0
t8	4.11123877884925	2.15702817838815
t10	5.18365319679691	0
t12	2.81205839123339	0
t20	4.12678014812041	0
t21	0.903838132875373	0
t22	3.56592415358485	0
t34	4.54047922472802	0
t35	3.5743347846105	3.5743347846105
t38	3.86178015787474	0
t40	1.06510937194953	0
t43	0.057860645392612	0
t44	3.51230408105219	0
