taxon	max_age	min_age
t2	9.664929601775	0
t3	5.21155066001975	5.21155066001975
t4	6.63722399790737	0
t5	8.28147673646651	7.99562391240875
t6	5.31701716243896	5.31701716243896
t7	3.89486436686156	3.89486436686156
t9	7.36801197494241	0
t10	5.42675458415554	0
t13	5.70389121435531	3.88676740333444
t15	4.92621035391194	4.35101763767125
t16	2.35467097376693	0
t17	1.38702429769901	1.38702429769901
t19	1.84999179830594	0
t24	1.55822239858936	0
t28	0.456789931300948	0
