taxon	max_age	min_age
t1	3.4324864943216	0
t2	6.99415778338345	0
t3	4.14477174167668	3.78569422208337
t4	4.46214221604897	0
t5	0.0914730390637324	0
t10	6.53349092862502	0
t13	4.11448784326996	0
t18	0.597807802186946	0
t21	3.36749576241815	3.36749576241815
t30	4.00402707463085	0
t37	2.83197687586151	0
