taxon	fad	lad
t1	6.84804359916598	6.84804359916598
t2	6.82261818864693	6.82261818864693
t3	2.15284739865479	2.15284739865479
t4	6.53692501055802	6.53692501055802
t7	1.53090775461415	0.403053787089
t12	6.80283911383406	6.80283911383406
t13	3.66515320989456	3.66515320989456
t14	1.79865661651359	1.66633623135596
t29	0.219819023877998	0.219819023877998
t33	4.25783145474144	1.95250045437389
t39	3.42814597922067	3.42814597922067
t43	0.0622347190636692	0.0622347190636692
