taxon	fad	lad
t1	9.95852039195597	9.95852039195597
t4	5.26966126184012	5.26966126184012
t11	0.0137733953208539	0.0137733953208539
t12	1.94270986823404	1.94270986823404
t14	4.42284772423536	4.42284772423536
t18	0.288068714260152	0.288068714260152
t19	0.182015255407208	0.182015255407208
t23	4.47834102419621	2.93910482415415
t26	0.86291194607444	0.86291194607444
t35	0.872780161295754	0.872780161295754
t38	1.51046085972235	1.51046085972235
t44	1.63470810850837	1.63470810850837
