taxon	max_age	min_age
t1	6.28152666673095	6.28152666673095
t2	4.30241963928426	0
t3	5.33242655114822	0
t5	5.6177802078054	4.05361518566689
t6	7.93126500848287	0
t8	4.5959896799738	0
t9	4.16658140703418	4.08448649336994
t10	4.04886492161379	4.04886492161379
t11	5.92097979706388	0
t13	4.96773267246649	0
t15	7.69196657846327	7.69196657846327
t23	0.579522343624758	0
