taxon	max_age	min_age
t1	7.60129773433275	0
t3	5.50758757277463	5.50758757277463
t4	3.66140217061077	0
t6	3.46933517441439	0
t7	2.31511347739535	0
t9	4.66532095856406	0
t10	5.91373916615277	5.18818080608264
t11	4.16391655843379	4.16391655843379
t18	6.74456061783577	0
t19	4.02737947707069	0
t25	3.88674754105512	0
t27	1.631644900553	0
t29	7.23438294466609	7.23438294466609
t34	3.19358400694247	0
t38	0.66136546667378	0
t44	0.186668933281204	0
t50	0.405533147974674	0
