taxon	first_age	last_age
t1	8.23873271389554	6.43117022390167
t2	4.23694791138366	4.23694791138366
t3	1.86687583449669	0
t4	5.29058714124586	5.29058714124586
t5	2.33551544408245	2.33551544408245
t6	1.6478525729287	0
t7	0.0227247956858818	0
t9	0.319351250758872	0
t10	6.07428030282263	0
t11	2.90870012599444	0
t12	5.0114710066824	3.47228932178978
t17	0.745485058365826	0
t18	4.90640705080414	4.62087311566208
t19	0.94786491932944	0
t21	0.0864902181972287	0
