taxon	first_age	last_age
t2	6.85503016904495	0
t3	5.87697606119189	0
t4	7.43387234145033	0
t6	2.30763813424629	0
t8	2.2953947054965	0
t10	1.70750374130943	1.70750374130943
t11	1.4428648668283	0
t12	1.81424584506148	0
t18	5.07056755977987	0
t20	1.0413409404078	0
t25	3.44701022757639	2.56699417634358
t27	0.0940217880924266	0
t28	1.48282936187826	0
