taxon	first_age	last_age
t1	8.50660093128681	6.68561426612238
t2	8.78208437644906	0
t3	5.76185167805205	0
t4	6.4882226252664	0
t5	3.87877711818353	0
t6	5.42870690183516	5.42870690183516
t7	0.168860993307604	0
t9	2.96195100693072	2.96195100693072
t13	1.68380052450434	0
t17	2.50070214134144	0
t18	0.768812270372134	0
t19	2.00171661992397	0
