taxon	first_age	last_age
t3	7.40142742040176	0
t4	0.505686905081163	0
t5	6.510935057053	6.510935057053
t6	2.7165485195076	0
t7	2.16376484624462	0
t9	2.83669049155513	0
t11	1.50710695997006	1.50710695997006
t12	2.22562878836142	0
t13	0.745943173627129	0
t18	1.67930816610771	1.67930816610771
t19	0.920330413422779	0
