taxon	first_age	last_age
t1	7.0394932830249	0
t2	7.1720797802323	0
t3	3.38951148268742	0
t6	1.26516590395869	0
t7	0.286088614114512	0
t8	8.5398875655137	0
t9	6.77879765067959	0
t11	2.99280556682321	0
t13	1.38053360884375	0
t15	2.50846557474337	0
t16	2.42074166340795	0
t18	2.13505348876837	0
t20	2.12884477670134	0
t21	2.4878007870207	2.4878007870207
t24	0.319636590859059	0
t26	0.797177822982002	0
t28	1.78367687521418	0
