taxon	first_age	last_age
t1	6.21133946827646	2.65634539221955
t2	5.89894675997072	5.89894675997072
t3	5.23112978146521	0
t4	0.0951223476487577	0
t5	6.89300273965928	3.40151537334153
t6	2.31113454144638	0
t9	0.169381460647827	0
t10	5.95589417475154	2.35762479661195
t12	1.67761011127955	0
t14	1.25705598849521	0
t18	0.676776783541069	0
t19	0.232916091833808	0
