taxon	first_age	last_age
t1	5.73115986326802	0
t2	9.1850658048085	5.10355186176144
t4	2.97070185417031	0
t5	9.11140592433714	9.11140592433714
t7	5.58290636640854	5.58290636640854
t8	1.18948835021431	0
t11	0.0912572098566073	0
t12	6.74819847846472	0
t13	0.350277556900204	0
t14	0.887137381004418	0
t16	2.76565353282944	0
t17	3.57610821958963	0
t18	0.128697177148357	0
t19	1.70418694948646	0
t24	0.202717374791886	0
t25	0.472223985989878	0
t26	0.574358735655592	0
t30	0.85054838087475	0
