taxon	first_age	last_age
t1	7.25906007041197	0
t2	7.06224613163881	0
t4	0.895779710127693	0
t5	0.639507667004359	0
t7	2.33898580287839	0
t9	1.27283079322277	0
t10	3.66128848645972	0
t11	1.75727307243716	0
t13	0.348746355644142	0
t15	0.469966411305849	0
t20	0.192879824377684	0
t22	0.603150729375594	0.603150729375594
