taxon	first_age	last_age
t1	9.36671547281245	6.52072214955318
t2	8.64381052817686	0
t3	2.79772396604301	2.79772396604301
t4	6.21262592237717	6.21262592237717
t5	5.13818747322907	0
t7	0.391495538644838	0
t10	1.55558404479376	0
t12	5.56992187324192	0
t13	2.13170250948558	0
t16	6.00469991841649	3.26354338457516
t21	0.058734194797788	0
t24	1.0008829787915	0
t26	1.76289194512452	0
