taxon	max_age	min_age
t1	18.708501678581	2.11929345869903
t2	14.7549742776582	11.1492574315359
t3	6.68813408298131	6.68813408298131
t5	0.815896483185671	0.815896483185671
t6	6.37517407146053	4.34175936269965
t7	3.09258694764421	3.09258694764421
t9	12.5131447858258	11.7429943825783
t10	7.26770252865639	7.26770252865639
t11	3.47947986904512	0.978584968627022
t13	0.493200236077968	0.493200236077968
t14	3.672339408948	3.672339408948
t17	11.5378095077191	11.5378095077191
t18	4.90988949894341	4.59500318818472
t19	9.48086089964639	1.63745673075472
t20	8.67922926623763	5.67984637330365
t23	4.84320884220102	4.71825217738369
t27	0.141532255243426	0.141532255243426
t29	2.53400947626326	2.53400947626326
t30	3.8504945728306	3.8504945728306
t32	6.64571306147512	6.64571306147512
t33	7.11177218398416	3.58549073666394
t34	3.29988032288672	3.29988032288672
t36	1.44952446056168	1.44952446056168
t38	1.47420601398584	1.30170729591105
t39	1.18193534692096	1.18193534692096
t41	3.29653927381174	3.29653927381174
t43	4.35243256408926	4.35243256408926
t44	2.66695087253394	1.68207031291375
t45	2.89108195285591	2.89108195285591
t47	5.6191142126295	5.6191142126295
t48	0.341142535145234	0.341142535145234
t49	4.12139400929533	4.12139400929533
t53	0.703658274972891	0.703658274972891
t59	2.23184916277717	2.23184916277717
t61	4.16588973418025	1.615876025158
t62	1.69595604926495	0.0554542306452781
t66	2.95489499459851	1.30549116329788
t67	4.44945629465404	4.44945629465404
t76	0.568475481991872	0.568475481991872
t77	1.59910664047974	1.59910664047974
