taxon	fad	lad
t1	17.2394210875124	13.0671159643928
t2	16.1906966634356	8.6643464950022
t3	13.0182329933731	13.0182329933731
t4	6.90041683046618	0.197999707925227
t5	4.14777318224161	3.35691549170905
t6	13.1249159579737	3.96653467093477
t7	5.82792658297882	5.82792658297882
t9	8.8128183087533	8.8128183087533
t15	2.51259029084906	0.752979235866942
t16	2.70963218817296	0.724354570822737
t17	1.99065810924409	1.38585352883377
t18	2.12433565876368	2.12433565876368
t21	9.76200005402294	5.05211885485944
t22	5.05273620207533	2.74519560312902
t23	4.56427721410256	3.98077969604392
t24	8.4232240282819	6.93432210052513
t25	6.73896436353552	6.73896436353552
t28	3.6875320689202	1.77512686365054
t32	0.157421080519288	0.157421080519288
t33	9.53000537169926	4.71523638624351
t34	5.3700495519106	5.3700495519106
t35	2.84476181615202	2.84476181615202
t36	1.33557986557256	1.33557986557256
t39	3.47204830592792	1.9410139797471
t45	5.08014008400527	3.26588110103375
t46	2.48292251534809	2.48292251534809
t48	7.99930510661434	2.7492200547916
t49	8.72622903210601	2.43057422389522
t50	2.54240796856986	2.54240796856986
t53	3.7488857695574	3.7488857695574
t54	3.55360996042643	3.55360996042643
t55	5.3871886324504	5.3871886324504
t58	3.10424809446761	2.59780551875213
t60	1.01223551271458	0.573387582383639
t62	7.05158284949939	3.60534184090075
t65	2.97876040532911	1.54270854906017
t67	0.0274836865626931	0.0274836865626931
t68	2.82795781524409	2.82795781524409
t69	2.74811452197972	1.34250415121956
t71	0.583276146016274	0.583276146016274
t74	1.26827856769214	0.379000162656602
t75	2.46949350898401	2.46949350898401
t82	1.99955601374085	1.99955601374085
t83	2.63449709215288	2.63449709215288
t84	0.876677436308555	0.876677436308555
t85	2.41360668842767	2.19626832727119
