taxon	fad	lad
t1	19.2293917393913	7.56761037342955
t2	17.3288420873356	16.473863357891
t4	10.7525530904552	9.96735019685409
t5	12.1344180589335	5.33580524233341
t6	10.0810809990184	10.0810809990184
t7	6.63574474964349	2.74700325176684
t8	8.32902635488391	0.890701499270307
t9	11.0318765576205	9.46485490896716
t10	11.1843231391309	11.1843231391309
t12	9.80399913120797	2.13631644320841
t14	7.61448201251043	1.05507404489504
t17	1.16416742526057	1.16416742526057
t18	12.3858794618492	0.035381976786244
t19	11.790571116538	6.99824608778438
t20	9.58975796524339	6.9472558052759
t21	5.62379926269427	1.53212511815861
t22	9.85533206214373	9.85533206214373
t23	12.4321574242197	11.6576870784816
t24	9.55420921147189	6.88907923091866
t25	5.35575320085097	5.35575320085097
t27	1.1280079526277	0.460563570860469
t28	1.75166930325219	1.75166930325219
t31	2.83674937795048	2.83674937795048
t32	3.11637002151558	3.11637002151558
t36	8.98652223111896	0.179117907362066
t38	5.75689523978337	5.3440631572237
t39	4.7871545045245	4.7871545045245
t44	5.82847132777012	5.18400362346159
t49	1.43085035184358	1.43085035184358
t50	0.623189940096886	0.623189940096886
t51	2.19116201421965	2.19116201421965
t53	3.5857355668467	0.478683599653973
t54	5.31785778866851	2.17891932322355
t55	1.61640956426075	0.382196968501098
t56	0.704297827676776	0.704297827676776
t57	1.78727545990784	1.78727545990784
t59	2.6160014332595	2.6160014332595
t61	3.33731553191787	0.489097670196731
t66	7.73862343372548	2.12541710460802
t68	3.59739673470062	0.739034361942267
t70	1.26648172354492	1.26648172354492
t71	2.29402890922687	0.767729360028298
t73	1.97582708610649	1.97582708610649
t84	3.60199216836686	0.685079233623995
t86	2.79898757674645	1.94454856587764
t87	6.89502311620486	3.58492606845619
t89	7.04340771379355	4.07606429041802
t92	2.83752256297717	2.83752256297717
t93	2.69151892765689	2.69151892765689
t96	5.25066867653996	5.25066867653996
t97	3.3009937389751	3.3009937389751
t99	2.13880090578049	2.13880090578049
t100	1.11322818562632	0.652500598033246
