taxon	max_age	min_age
t1	19.4223686944072	19.4223686944072
t2	16.7560270461102	5.72830129470809
t3	17.5467056920752	2.69356695617697
t5	6.22213968816161	6.22213968816161
t6	4.66940443616619	0.023904662536296
t7	7.3410164793453	2.06546431935813
t8	4.5399505882403	4.5399505882403
t16	0.575774094181082	0.575774094181082
t17	0.283215090902313	0.283215090902313
t18	2.36187467567882	2.36187467567882
t21	4.21514499043214	0.842478717192233
t22	0.196524988190195	0.0384577201812064
t23	1.18540329120047	1.18540329120047
t24	0.202057928927118	0.202057928927118
t25	2.84065248238165	2.84065248238165
t27	0.742956271967152	0.497910901234409
t29	0.424513572103255	0.424513572103255
