taxon	max_age	min_age
t1	19.5761618204415	13.3747773061513
t4	6.80823072630739	2.92793104870864
t7	2.02500364339802	2.02500364339802
t8	1.19850219142634	1.19850219142634
t10	6.21891491791987	1.5134180920277
t11	6.0829531247587	6.0829531247587
t12	5.47824046725982	5.47824046725982
t15	0.501050795946643	0.501050795946643
t16	0.686921135120844	0.686921135120844
t18	4.5973453328878	2.09783306022528
t19	2.32350119710266	2.32350119710266
t22	3.07573066943464	1.4358546933763
t25	0.257918083385924	0.257918083385924
t26	1.27627925078986	1.27627925078986
t30	1.37446190802727	0.284348330610623
t31	0.387154641542192	0.387154641542192
t32	3.18783283934911	3.18783283934911
