taxon	fad	lad
t1	19.2928276682423	19.2928276682423
t2	14.6892673581912	13.5523892143317
t3	9.87057778770204	9.87057778770204
t4	13.3364641729901	3.58358971600096
t5	10.7593938461353	0.777667587702268
t8	0.572814918851869	0.572814918851869
t9	9.22324078690952	9.22324078690952
t12	2.2446113353386	2.2446113353386
t14	3.47510244135316	3.47510244135316
t16	2.87677658221025	2.87677658221025
t18	4.60925249045365	1.60030141485845
t20	5.16735133491472	5.16735133491472
t21	2.28449029545438	1.65909489972545
t22	2.12581203982023	2.12581203982023
t26	4.32181389595574	0.0437210911100294
t27	1.38322924746778	0.829737956895208
t28	3.40085873538862	2.81715253264591
t31	1.80102090979819	0.960814038200727
t32	1.68272079286679	1.68272079286679
t35	0.254939608505392	0.254939608505392
t40	0.192041409685771	0.192041409685771
t42	1.29917421685394	1.29917421685394
t51	0.0833191556352944	0.0833191556352944
