taxon	max_age	min_age
t1	17.086290444077	15.7937823718572
t2	19.2308418157821	19.2308418157821
t6	19.3608464486532	19.3608464486532
t8	15.1861705212958	1.27594944308294
t10	2.8171616661017	2.22064485853809
t11	6.54837242645281	2.66226284692787
t12	10.9225017691727	10.393127150779
t13	7.74039280963646	0.134793655679147
t14	9.23128054617993	7.54184664523008
t16	4.05256660558201	4.05256660558201
t17	3.54275512425257	2.92488106748319
t18	3.11464834799978	2.88169592305384
t20	3.20002303776401	2.16725818975277
t21	0.915016227125538	0.915016227125538
t24	6.30831887775906	0.124537574518264
t25	10.1251270004969	1.01241827229681
t26	6.96039721252879	3.87584562505223
t27	5.35694063369046	1.77210478130616
t28	2.29657165912259	1.90549540229111
t30	3.16664159273132	2.32293721418852
t31	5.69599977738729	2.12968701761261
t33	0.931204420458545	0.931204420458545
t34	5.9321263266188	5.9321263266188
t35	4.26089744438302	1.42729563075967
t37	0.00860397390388101	0.00860397390388101
t38	3.36722609710667	3.36722609710667
t40	1.01550534197336	1.01550534197336
t44	7.20660298559888	3.39998251890559
t45	8.68301234976132	0.600992327970189
t50	5.52064203850786	5.29440798679849
t51	0.649671760120018	0.649671760120018
t52	6.73382273839533	6.73382273839533
t53	1.65969807788198	1.48900023329472
t55	5.68350207757085	2.91968273399
t56	1.72192585013661	0.412587650541003
t61	2.31555267761069	2.31555267761069
t64	1.08794418524779	1.08794418524779
t66	0.587683633419537	0.587683633419537
t68	2.28596825759111	2.28596825759111
t69	4.86989133945588	4.86989133945588
t70	4.26707438641176	4.26707438641176
t71	1.53328196941685	1.53328196941685
t72	1.23083870412281	1.23083870412281
t75	2.47812023468405	2.47812023468405
t81	1.352581272646	1.352581272646
t82	2.14850867574493	0.170147392160569
t84	0.947935556346994	0.947935556346994
t85	0.547398766985637	0.49685317605595
t86	6.32493808716312	5.50968132355069
t87	1.00339319469358	1.00339319469358
t88	0.951695238418992	0.951695238418992
t93	0.48864773524696	0.48864773524696
t98	0.663347113176847	0.663347113176847
