taxon	max_age	min_age
t1	17.0971157341112	15.8996997821614
t3	14.0776992978687	2.60378607503453
t4	14.0373453933904	14.0373453933904
t5	9.19123195450199	4.89222261653995
t6	7.10357999139068	6.13494156569776
t7	2.98221302778263	2.98221302778263
t14	5.07676793436897	5.07676793436897
t16	0.471275727926148	0.471275727926148
t17	7.01912746378922	4.6299941473245
t19	2.65293235878288	2.22173406730234
t20	3.60693166562303	0.254493614485128
t21	0.696681269096018	0.696681269096018
t22	1.28550377443824	1.28550377443824
t25	3.80864223191118	0.355312147990585
t26	0.71315397634255	0.71315397634255
t27	1.36594195838908	1.36594195838908
t28	4.64513214074467	4.64513214074467
t34	3.89264697869097	3.89264697869097
t38	1.09924354373902	1.09924354373902
