taxon	max_age	min_age
t1	18.418488788108	14.5045996862312
t2	15.8210879606804	15.8210879606804
t7	11.8840002544404	2.3844110562811
t8	3.16118963893963	3.16118963893963
t9	7.58393815072043	0.371402480205955
t10	4.8365563329164	4.8365563329164
t11	3.0067353100434	0.778129941611148
t12	2.09958135196526	1.05381187563349
t13	8.82003283310454	8.82003283310454
t14	6.40146457358314	2.16653690326516
t15	8.8233900008855	1.75865398824191
t16	5.92963465258051	2.51312996807451
t19	3.341463175508	1.12935794197531
t22	4.47182965167889	4.47182965167889
t24	3.97051381231447	3.97051381231447
t26	2.75318652604549	1.033003420643
t28	7.56024117306119	0.16582293512954
t29	7.74990940865938	6.37671032699013
t30	5.86310739819205	4.98162266057229
t33	1.59675816380814	1.59675816380814
t34	7.43342113431918	7.04133741215441
t35	4.00163695096491	2.82396623434641
t36	4.17434908708337	4.17434908708337
t40	1.28554472001076	0.0668161691895826
t45	5.29294342697708	0.699851562357388
t46	1.51162619009704	0.270327579033054
t47	4.60509295017541	3.5978950147308
t49	6.31041487855117	1.35676775331887
t50	2.61743103499458	2.61743103499458
t51	0.864864546253372	0.864864546253372
t54	6.5610503252407	1.44333243685364
t57	2.01148531345457	2.01148531345457
t58	0.349901836775583	0.305740693373323
t64	4.93558921709896	4.93558921709896
t67	4.99752251684662	1.00445442789885
t68	3.91013938531052	2.98694607243955
t69	2.02789585080504	1.82895683813105
t70	1.7936499655969	0.0116778281750811
t76	5.24457144106329	5.24457144106329
t77	3.6713295502838	3.6713295502838
t78	0.849281150887371	0.812924311914447
t80	3.77825967642604	2.3092900215133
t82	1.53365205829976	1.05965059572844
t84	4.85283846861809	0.756113047264549
t85	5.78539115107389	4.00286117687541
t87	0.0464544285133819	0.0464544285133819
t88	0.88420759365183	0.88420759365183
t89	1.74816849919844	1.74816849919844
t90	1.93759328401008	1.93759328401008
t93	1.35157457138391	0.922994749201258
t97	0.142536469024037	0.142536469024037
t99	1.82299194377595	1.82299194377595
t101	3.57081590516308	0.0950745460853
t102	0.412731455236067	0.412731455236067
t104	2.75892802555195	2.75892802555195
t105	2.50906647041248	2.50906647041248
t106	2.38602936446128	1.97403390138802
t108	0.474889230533648	0.474889230533648
t110	0.177432345997456	0.177432345997456
t118	0.123911822746638	0.123911822746638
