taxon	fad	lad
t1	19.4922848735849	19.4922848735849
t3	16.1633383529261	9.1632313655227
t5	12.901294401188	12.8235854959357
t7	9.04812393471877	9.04812393471877
t10	9.99058350202873	9.99058350202873
t11	11.128865792999	11.128865792999
t12	7.77380153217821	1.52634942431768
t14	4.1242409294187	1.88077567595631
t15	4.2672329703705	4.2672329703705
t16	0.111213720349905	0.111213720349905
t18	3.73865564115624	1.24960682276902
t19	2.58783853816952	2.58783853816952
