taxon	max_age	min_age
t1	13.9108210246085	13.1687131316584
t3	14.4087146037727	14.4087146037727
t4	12.7078711271798	10.8260943036416
t5	5.76195009249983	5.76195009249983
t6	8.97010852113104	8.97010852113104
t7	9.85307365359461	9.85307365359461
t10	8.94118847730184	2.77069222135118
t12	2.92170750505632	0
t15	4.36882940878462	4.36882940878462
t16	2.18426685667076	0
t17	0.487368607794028	0.487368607794028
t22	0.590821876858428	0
