taxon	max_age	min_age
t1	18.781299861148	13.1471253070544
t2	14.5578652508499	0
t3	10.043035126115	9.88105188911279
t4	11.9957241661168	0
t7	5.38138732451713	4.80801096168425
t8	0.189723321200532	0
t9	1.89361800711795	0
t11	3.9450221623989	3.68559984080073
t12	4.45724657719102	0
t14	1.33220405187015	0
t15	1.06081421511426	0
t16	0.721700670151883	0
t18	0.0954090607194438	0
t20	2.52405341885605	2.52405341885605
