taxon	first_age	last_age
t1	4.838508606027	4.838508606027
t2	4.3627888273042	0
t7	5.50851036338251	4.60676768271881
t9	3.38836595545176	3.38836595545176
t13	0.654534373488822	0
t17	3.05011575769339	0
t22	4.71892628368772	0
t23	3.8550550136659	0
t24	0.541534428526131	0
t25	0.29895272092415	0
t27	0.0992509634823406	0
t29	2.295392247792	0
t37	0.345315091272477	0
t40	0.678504969383678	0
