taxon	first_age	last_age
t2	7.29753522167692	0
t3	6.61956557350485	0
t4	6.10090425492763	0
t5	6.49578942607776	6.49578942607776
t6	5.34638203461768	0
t8	6.07895704805881	0
t9	3.50096278652022	3.50096278652022
t11	2.69805930657678	2.69805930657678
t16	6.39869004188694	6.39869004188694
t17	3.31782653189227	0
t18	4.40725260824671	0
t24	0.709433300626198	0
