taxon	first_age	last_age
t1	1.86276510724827	0
t2	1.7088984038346	0
t5	3.88864975413958	0
t6	6.22706619329565	0
t7	1.66299501807041	0
t8	4.95926051795933	0
t11	2.55936221175101	0
t16	2.09179510955258	0
t19	4.18985059613447	3.86859588388168
t24	4.68690577378112	4.4279861337066
t27	4.92710439145778	4.92710439145778
t31	1.77842678542958	1.77842678542958
