taxon	first_age	last_age
t1	8.58254202817469	0
t2	6.45748626597476	6.45748626597476
t5	6.35800754211613	0
t6	5.33528372695894	1.79212665974546
t7	0.356829281750422	0
t9	3.35422815501272	3.35422815501272
t12	6.06852792373373	0
t15	4.28709241517939	0
t17	2.93462845408744	0
t19	4.14366432081492	0
t20	4.01342988613829	0
