taxon	fad	lad
t1	19.2360419306888	11.7103319635938
t2	11.6577974499997	1.77799219800231
t3	6.47688894352483	1.64485037174681
t6	8.90921278929402	8.90921278929402
t7	6.38102124876702	6.38102124876702
t8	5.00079138687877	5.00079138687877
t10	7.36582436483623	4.28815523711227
t12	0.101425759757266	0.101425759757266
t14	0.64716594288852	0.64716594288852
t16	2.11006737599994	2.11006737599994
t19	0.811919850006074	0.0584904728051931
