taxon	max_age	min_age
t1	18.394394403634	13.7304089573031
t2	13.1652645743721	0
t4	4.77373386844793	4.06416916226754
t5	5.2007503936385	0
t6	4.36686347861126	0
t7	3.51127609526723	0
t9	2.71860823551193	0
t11	3.16395672371608	3.16395672371608
t14	2.81130119449076	0
t19	5.09994027678333	0
t24	3.85628503613903	0
t28	1.32637152218104	0
t29	3.30253357880196	3.30253357880196
t35	1.70412919960185	0
t36	1.13844677186739	0
t37	0.898402953189841	0
