taxon	fad	lad
t1	19.5414017839357	5.14760656906176
t2	11.3128614471813	11.3128614471813
t3	9.58157663948739	8.18974551218157
t4	4.7173211512813	3.38288093051305
t5	0.35928962685762	0.35928962685762
t7	4.17063970142455	2.83495217245633
t9	3.4702177315839	2.9784757117319
t11	1.14800540608556	1.14800540608556
t12	3.62176107778853	0.161039878776389
t13	2.61320265727136	2.61320265727136
t15	2.06240895800917	0.107640304050136
t16	0.974277105459272	0.974277105459272
t17	0.0667887732582422	0.0667887732582422
t18	0.440456602561806	0.440456602561806
t25	0.882962895790346	0.0870472815976626
