taxon	max_age	min_age
t1	19.0545486286283	0
t2	15.307544236372	15.307544236372
t3	10.5790588435918	0
t4	4.90079794609692	0
t5	5.9411574257351	0
t6	1.81413933811892	0
t10	4.71040699768762	4.670194975547
t13	0.283948528196454	0
t18	1.31394920427694	0
t20	0.399419696185348	0
t22	0.447942444486671	0
t26	4.68259466396585	0
