taxon	max_age	min_age
t1	19.4522804906592	9.31155499138097
t2	8.8605898624016	2.56306938482021
t4	11.5607727217161	1.27118971284967
t5	7.4171043628588	1.00857830693303
t7	1.52491202477206	1.52491202477206
t9	2.21599885048284	0.149098323688541
t12	2.72642270097668	0.0791523038403881
t14	2.64614018938204	0.712787170745536
t18	1.14443288045173	0.763223620785261
t20	4.7586349914142	4.7586349914142
t21	2.11624093187177	2.11624093187177
t22	2.34806045924217	0.330686574214106
t23	0.707990659147217	0.707990659147217
t25	0.470298617311617	0.470298617311617
t26	0.95460918208844	0.531739099928604
t28	3.64042599983736	3.64042599983736
t32	2.32296870702542	2.17770765608028
t33	0.529344356757612	0.529344356757612
t34	1.09385661224222	0.679198731170644
t35	0.612669407226843	0.612669407226843
t36	0.22871846626721	0.22871846626721
t37	2.71437198773912	0.26110999277325
t44	1.00297458619975	1.00297458619975
t45	1.80262654712922	1.80262654712922
t49	2.66772495177514	2.66772495177514
t50	0.631639012296208	0.631639012296208
t51	1.04564302169454	1.04564302169454
t53	1.79871814705617	1.79871814705617
t54	1.02566443795834	1.02566443795834
t57	1.74430321560573	0.900486358131182
t58	2.28513405433609	0.994004342631143
t65	1.19762280959816	0.4132362586199
t67	0.434229881427523	0.434229881427523
t68	2.27325614164388	2.24950659789979
t70	1.62973613758725	1.62973613758725
