taxon	max_age	min_age
t1	16.369675717767	14.5633481132805
t2	12.9835266812776	1.08266308870398
t3	14.5106857912338	14.5106857912338
t4	9.18101891872498	2.5557700584225
t5	4.75975333609207	0.433295880337795
t8	12.0780404624258	12.0780404624258
t9	6.50652809389366	0.608724807345641
t10	3.07639319196681	3.07639319196681
t11	0.0376468884074797	0.0376468884074797
t12	1.08706018613945	1.08706018613945
t13	1.5958265639271	1.5958265639271
t14	0.584043285015682	0.584043285015682
t16	8.19439491208978	5.65099846626106
t17	8.3956694276018	5.90486301889446
t18	1.6275494034397	0.0912908698427088
t20	0.692312693321345	0.692312693321345
t22	1.016203590841	1.016203590841
t24	0.338543549876544	0.338543549876544
t26	0.549510877455493	0.549510877455493
t27	1.66028112273311	1.66028112273311
t29	3.35820748502067	3.35820748502067
t31	2.72291859910843	2.72291859910843
t35	6.84063335843053	6.84063335843053
t37	5.30525678671803	3.00148241901056
t38	1.77992437443994	1.77992437443994
t42	0.954615881346882	0.954615881346882
t45	0.126871306809129	0.126871306809129
t47	3.37844930827191	1.86191370886252
t49	0.502099479526365	0.502099479526365
t50	1.78604232465396	1.78604232465396
t52	0.185044959365353	0.185044959365353
t53	2.06058554425597	2.06058554425597
t60	2.94528891787711	0.932642765337611
t61	3.29215078269055	3.19217841416211
t62	0.587355301997	0.587355301997
t75	0.898269508833561	0.898269508833561
t79	0.368565536516499	0.368565536516499
t80	0.685807495016238	0.685807495016238
t81	0.269870499655216	0.269870499655216
t87	1.61911040679203	1.61911040679203
