taxon	max_age	min_age
t1	18.3273288623119	13.452934762463
t2	14.7214078914933	13.5369494848512
t5	8.5929242811494	8.5929242811494
t6	2.71590906729228	0
t7	0.970181165088547	0
t8	8.90090601219107	0
t10	3.41193150651375	0
t11	0.492739094386469	0
t16	3.24312753874919	1.30472567918511
t18	1.69486968094937	0
t22	0.684682980757444	0
t24	2.61539735585621	0
t27	0.284773346136227	0
t31	0.118672637464282	0
t32	0.903751336409321	0
