taxon	fad	lad
t1	18.8997352247437	7.47060908004795
t2	11.811411372309	2.85523977511433
t3	8.31993113123404	2.27402885465197
t4	7.27161147102106	5.23902920476485
t8	7.80170395437177	4.28673017250887
t10	2.21311716000859	1.55414283307913
t12	4.94525472901693	4.94525472901693
t13	3.26789494612623	0.456656823427146
t17	7.45515832082427	1.92734984876058
t19	2.0304014677696	2.0304014677696
t20	2.46505062989678	2.46505062989678
t21	0.02687381011485	0.02687381011485
t23	5.33021097403885	0.97328529263503
t33	1.98196024922947	1.98196024922947
t39	1.20289134003735	0.994035710365981
t41	0.84019777151202	0.446862016964548
t42	0.0762405259010421	0.0762405259010421
t43	3.32034965204808	3.32034965204808
t44	2.70577600600757	2.70577600600757
t45	0.475931346749555	0.475931346749555
t53	2.53613891660713	0.390433885996966
t54	0.877593400534391	0.877593400534391
t57	0.562151220529604	0.131900266747635
