taxon	max_age	min_age
t1	13.4437945487916	7.75629288521502
t2	16.3438568882206	0
t5	8.85391132088791	8.85391132088791
t6	8.55428148762937	8.55428148762937
t7	6.33328721580433	0
t8	8.79397154826314	0
t11	9.38681949462677	6.47304832049648
t13	1.0481287879444	0
t16	2.29099436645462	1.73371555421257
t17	1.84883503177586	0
t21	0.175598834207459	0
t23	2.31275049908863	0
t24	0.367341854292157	0
t27	1.68115658401165	0
t28	0.467045374946082	0
t31	0.18497724804282	0
t33	0.604246304941285	0
