taxon	fad	lad
t1	17.6143872846398	10.3836742820392
t2	12.5366585721505	12.1874184022527
t3	11.4408898604469	2.33347021345732
t4	6.73255879224362	0.898804798031016
t5	5.72541435092361	5.72541435092361
t6	4.08296990990445	1.86412498671368
t7	5.04031252115626	5.04031252115626
t8	4.25338257351176	4.25338257351176
t9	4.25128143467582	4.25128143467582
t10	3.24131005037459	1.9508862423761
t12	3.17814018947857	2.53514619604227
t13	2.0265619404791	0.192653680610476
t19	0.415168819780764	0.415168819780764
t20	1.6919916451056	1.6919916451056
t21	0.256947291237001	0.256947291237001
t23	4.17074716922686	4.17074716922686
t27	2.29828723824418	2.29828723824418
t28	1.47314132783339	1.47314132783339
t31	1.74102936100966	0.180687522572839
t32	0.17735176791934	0.17735176791934
t33	0.772628966743294	0.772628966743294
t48	0.98330989583285	0.311214521318192
