taxon	max_age	min_age
t2	17.4847106210723	0
t3	10.2452507604654	9.27425519148465
t10	2.39607989367076	0
t11	1.69785103808507	1.69785103808507
t17	0.61251852659527	0
t18	0.141734039029174	0
t20	2.15510815624395	0
t25	2.24807306381352	0
t31	0.612218343233142	0
t35	0.0334763986971112	0
t37	0.718308038844786	0
