taxon	fad	lad
t1	17.6898704624424	15.541546458068
t2	18.0798155879355	18.0798155879355
t3	9.49275813297123	0.0256813591856009
t4	13.9183925527191	13.3921825591848
t5	9.80439203792423	9.69303327924123
t8	4.26704098157421	4.26704098157421
t9	0.884744198143892	0.561828761675415
t10	0.914108709603784	0.914108709603784
t13	7.28635315074072	4.94763393732587
t14	4.72490212060205	4.72490212060205
t17	0.730558269671061	0.730558269671061
t24	5.16931793592382	1.85907374090061
t26	1.24101693123421	1.24101693123421
t32	1.26285642942153	0.214655783627062
t33	2.70585590404859	2.70585590404859
t34	0.31130999715036	0.31130999715036
t36	1.4574991839697	0.745238494693741
t40	6.60169547707661	2.83602798290232
t43	1.27818691233399	1.27818691233399
t44	0.17360106694489	0.17360106694489
t45	0.123743471499903	0.0969472599105465
t49	4.2058214580226	1.55643899950766
t50	0.354255018004835	0.354255018004835
t55	0.512472570872983	0.512472570872983
t61	0.835074234265363	0.835074234265363
t63	3.22202490119648	3.22202490119648
t64	0.588167166905745	0.588167166905745
t68	4.76535830288879	3.03916704948745
t69	0.837590507288748	0.837590507288748
t72	3.26857424678495	0.879363682838818
t77	1.16605381972596	1.16605381972596
t81	4.55878547769579	4.55878547769579
t82	0.851493493721442	0.49916080570506
t93	0.858121188734639	0.858121188734639
t96	4.75721876733377	0.509140038137339
t97	2.87966028289383	1.43229519605771
