taxon	fad	lad
t1	18.5618139042829	0.444062116223517
t2	18.665758355214	10.7211482665296
t3	6.15706008788446	6.15706008788446
t5	3.2245931810716	2.23807391220793
t6	5.96890667573097	5.65758790009204
t7	5.37060814202084	2.17766117542336
t8	2.89596699387683	2.89596699387683
t10	0.618881477431675	0.618881477431675
t13	1.42773880946336	0.901906667403363
t15	0.167190991735158	0.167190991735158
t17	3.2342252536764	3.2342252536764
t20	2.99621548474412	2.99621548474412
t23	0.259006941422474	0.259006941422474
t24	4.47635297747969	2.19258133260906
t32	2.79576639927308	1.9803340404295
t33	2.01867521399628	1.64502660092583
t36	0.619163338975856	0.619163338975856
