taxon	max_age	min_age
t1	18.5239124522833	13.8645419956549
t2	9.9414018954145	5.71411032474857
t3	10.8091534382352	0.588880681006639
t4	6.28240028708832	5.20052102114686
t5	11.9562186329032	2.29929476200815
t6	0.929572912091107	0.929572912091107
t7	6.61730764381794	6.61730764381794
t8	5.22788189205683	5.09299532209244
t9	3.24951297693432	3.24951297693432
t10	3.43427628181638	3.43427628181638
t11	0.901708333368074	0.901708333368074
t17	3.5392018859003	3.5392018859003
t19	1.63265254866734	1.63265254866734
t21	0.399687306866607	0.349346519700781
t24	0.426357418800237	0.426357418800237
t26	2.21085103756779	2.21085103756779
t27	0.379534679766785	0.379534679766785
t28	1.41541460314748	1.41541460314748
t34	3.41001880876618	3.41001880876618
t36	3.17748309614404	3.17748309614404
t37	1.87174431587896	1.87174431587896
t38	1.18520401760676	1.18520401760676
