taxon	max_age	min_age
t1	19.6750260377303	13.0865770741037
t2	14.9355096301488	14.9355096301488
t3	14.4907011543249	11.3254344497248
t4	10.3514492204109	5.64056236261147
t6	12.4895548018161	12.4895548018161
t7	4.87897218331812	0.529874799007814
t8	3.01733413889984	1.21962200252941
t9	10.4192179102768	10.4192179102768
t12	0.25562394119779	0.25562394119779
t14	5.99678980417928	3.49552910647073
t17	3.20985682473465	0.0657653235235252
t18	3.85974854265915	3.85974854265915
t20	8.53944945267107	8.53944945267107
t21	11.1615768157411	6.72295940901338
t23	3.9789454817313	1.13473041538871
t26	2.6950115369969	2.6950115369969
t30	7.77386915056672	1.58398807214992
t33	0.264482697752381	0.264482697752381
t34	1.42036494564643	1.42036494564643
t39	1.76662629940663	1.76662629940663
t43	6.14055294694873	6.14055294694873
t46	0.698462884144895	0.698462884144895
t52	5.93612448211784	5.93612448211784
t53	4.61778215749683	2.36883219564418
t59	1.38550234308894	1.38550234308894
t64	3.69787073367525	3.69787073367525
