taxon	max_age	min_age
t1	17.2601202267896	9.66881441114441
t2	18.5537010370657	11.8376750503266
t3	16.3534968692752	16.3534968692752
t5	11.4456817467636	11.4456817467636
t6	16.2289944696088	6.87072351810689
t7	13.9088894187293	13.9088894187293
t8	12.3667425055026	12.3667425055026
t10	6.9643002376999	0.44485364768552
t12	13.9428177012807	13.9428177012807
t13	13.3884551677466	4.64793079611111
t14	10.7276498609012	10.7276498609012
t16	5.71937703952616	0.10517399110666
t17	7.56649017589867	3.96136695570709
