taxon	max_age	min_age
t1	17.2999873137881	13.4540342416543
t3	13.6041176727172	13.6041176727172
t4	10.4402824085001	1.35714544793214
t5	13.9427468797581	10.2917683525558
t6	1.65041232807165	1.65041232807165
t7	6.0550757297217	4.73483257631105
t10	11.060340360653	9.65252093647475
t11	9.34453799831769	4.03793890671553
t12	6.68767515703825	2.32290206860312
t13	3.19809349150904	0.699879814913309
t14	1.71730894799437	1.01160631098256
t17	3.28736231945383	0.62606340246824
t18	10.5932075976472	10.5932075976472
t19	7.29949181493744	1.23618305593547
t21	3.43345221449167	3.43345221449167
t22	3.2580591149055	3.2580591149055
t23	3.23013909694686	0.913681561133643
t24	1.47467667171713	1.47467667171713
t26	0.972799376481035	0.972799376481035
t29	0.770467023861542	0.770467023861542
t30	3.76708230949582	1.36298848408881
t31	0.821746718250925	0.754034463175692
t32	1.95140450569218	1.95140450569218
t33	1.10090529318586	1.10090529318586
t34	4.86256211795939	1.02392736727217
t37	5.43555182294081	5.43555182294081
t38	2.26476883068187	2.26476883068187
t39	1.51578678897405	1.51578678897405
t45	0.539081635409509	0.539081635409509
t49	4.1665832726832	4.1665832726832
t53	3.54208755370971	0.00301611687831027
t55	0.324830514108662	0.324830514108662
t58	1.23141092175459	1.23141092175459
t60	0.335332211131352	0.335332211131352
t62	0.610891623927685	0.610891623927685
t64	0.821781141800201	0.821781141800201
