taxon	max_age	min_age
t1	19.8069931566715	13.7120077639651
t2	13.532332538147	5.36476644242925
t3	12.163589156684	0
t4	3.52745984866258	0
t5	4.29665382896853	0
t6	7.75737253228286	0
t7	4.67801603215872	0
t14	2.48780463954362	0
t17	2.13125541483186	2.13125541483186
t18	4.35111104515367	0
t20	0.469768678022124	0
t21	0.00684251682266535	0
t22	0.39211505817422	0
t25	0.775469333327276	0
t31	0.50070459466076	0
