taxon	fad	lad
t1	11.8971175942185	11.8971175942185
t2	17.9738245376696	10.2253787234788
t3	16.8831837720548	16.5099124098847
t4	8.06212436153376	0.36357073656556
t5	7.73544941463951	7.17353526248419
t6	5.47098969155613	5.47098969155613
t7	12.2365775090536	12.2365775090536
t8	7.59803816204872	0.873501528272058
t9	9.87398077093324	3.51816067576192
t10	8.10886181438805	6.51786147023801
t12	11.8745658844194	11.8745658844194
t13	10.2655648406701	1.47874585277183
t14	4.33082133587583	0.516010942179957
t15	4.77759188270416	0.984703273772617
t16	6.90978639138274	6.90978639138274
t18	5.71237741599315	5.71237741599315
t19	3.38006496680114	3.38006496680114
t20	3.02898455749141	0.248373643715336
t23	3.36992992623875	1.86784487908562
t26	8.76680891314072	6.62889564539167
t27	1.17544313962738	1.17544313962738
t30	3.17864902021196	0.843447004929214
t31	3.75337231235528	1.08616525273442
t32	3.48302847968364	3.48302847968364
t33	4.14651832017882	4.10068467975739
t34	4.41560857147791	0.0899263151845844
t36	0.678537741408075	0.678537741408075
t41	9.41547892482159	8.80612657421546
t42	7.05379582435963	2.97235578427884
t44	7.81857029911233	0.521234589848341
t49	0.953307066084644	0.953307066084644
t50	1.39304931295683	0.216284042115209
t51	2.47304504211827	2.47304504211827
t52	1.54923715479904	1.54923715479904
t55	0.543733303768768	0.543733303768768
t56	1.14484441392607	1.14484441392607
t57	10.2788662381871	9.28578535552108
t59	3.54742024378402	0.207665172584619
t60	1.34036670946395	1.34036670946395
t61	0.602059639476895	0.471439930908389
t62	5.34878464313869	0.378243270613343
t66	2.37879848824027	2.0953228799858
t69	6.28445615486381	0.866456171155487
t70	0.83350164608699	0.83350164608699
t72	4.28540521262788	4.28540521262788
t76	0.0755324529923485	0.0755324529923485
t82	3.2547315144025	3.2547315144025
t83	3.9405006762375	3.9405006762375
t85	0.177781567835268	0.177781567835268
t89	2.24498819762353	2.24498819762353
t90	0.45599821259621	0.45599821259621
t91	0.916163474475447	0.314474749787205
t93	2.45410502863723	2.45410502863723
t97	2.15177600849636	2.15177600849636
t106	0.349725220309136	0.349725220309136
t109	0.153946144259592	0.153946144259592
