taxon	max_age	min_age
t1	16.1676838902294	7.2757121152992
t2	18.063168529209	18.063168529209
t3	14.6241460311309	13.6002653444564
t4	5.95679353695295	5.71206888894332
t5	3.14380304674584	0.605986217076858
t6	2.01560537638856	1.0686975030576
t7	15.2318813281983	15.2318813281983
t8	13.0300355373694	13.0300355373694
t10	3.10127194679499	3.10127194679499
t11	2.4781427935826	1.72536666618772
t12	4.69228678211894	3.52717817279524
t13	1.75255906802496	1.75255906802496
t14	0.613453340934662	0.613453340934662
t16	8.93556431779564	8.62361479307761
t21	12.4967131207615	10.3552084620649
t23	5.27062451708927	1.38689297352195
t24	0.401446381565648	0.401446381565648
t25	4.29847123906059	4.29847123906059
t26	0.883420796258026	0.883420796258026
t29	11.2195715429809	11.2195715429809
t30	8.1571881168136	8.1571881168136
t33	1.8148838571864	1.8148838571864
t35	6.28711507400364	0.30822505171033
t36	9.48563766706878	7.74500542528405
t37	9.02107576415086	9.02107576415086
t38	5.18721135698746	5.18721135698746
t39	0.115955364703137	0.115955364703137
t40	3.36606377932958	1.21703650844377
t44	6.66768016024326	1.93351824202131
t45	0.246773212287188	0.246773212287188
t47	6.58121664604614	0.943770724641411
t50	2.37643395406247	2.37643395406247
t51	0.313344786053221	0.313344786053221
t52	1.83864503364793	0.456200064500393
t53	2.38375316650586	2.38375316650586
t54	5.72765169411012	5.72765169411012
t55	2.44399086455398	0.534885570107139
t58	1.939523219824	1.939523219824
t64	0.0465739510764926	0.0465739510764926
t66	2.050936426901	2.050936426901
t67	2.96168540139849	2.96168540139849
t68	1.73631002570447	0.201287681621785
