taxon	max_age	min_age
t1	18.6888374931489	12.9140330745862
t2	15.9877362941861	2.99955444918978
t3	13.0483412433574	12.6051412704535
t4	14.9599978403335	14.9599978403335
t6	6.87464521318755	0.93388189487272
t7	1.89539623376075	0.39628256662531
t9	10.3586492472956	10.3586492472956
t10	8.07327875585051	0.976589148663358
t11	14.9232911926551	14.7790259303956
t15	1.04282496460286	1.04282496460286
t17	0.393050344082074	0.393050344082074
t18	1.55259127939869	0.241564639607866
t19	0.717963091034477	0.717963091034477
t22	13.2799208547329	13.2799208547329
t23	2.06144744112469	2.06144744112469
t24	3.77220231792144	2.75750629666758
t26	0.977225756969982	0.977225756969982
t27	2.61229521350133	2.5612529775656
t28	0.22595181416515	0.22595181416515
t31	0.703235223358543	0.703235223358543
t32	12.412283258703	9.34761255640048
t33	8.77250882457453	8.77250882457453
t34	9.20738284420665	9.20738284420665
t35	6.34863740251925	3.36593642529015
t37	0.983251321219409	0.983251321219409
t38	2.55332185584002	2.55332185584002
t43	8.25391285142272	0.944485983334133
t44	2.80744880606031	2.80744880606031
t45	1.14450779756453	1.14450779756453
t46	6.48755106872784	0.129028380932791
t47	1.92657914445363	1.92657914445363
t49	1.34726545111758	1.34726545111758
t50	1.00618020003382	1.00618020003382
t51	5.67822454490958	1.54993281318496
t53	0.45443837975024	0.45443837975024
t55	0.407226546827111	0.407226546827111
t58	5.81580963148468	2.46557545774737
t61	0.976570637522158	0.976570637522158
t62	1.65389301081159	1.65389301081159
t65	0.514933065558559	0.514933065558559
t69	7.04752646512795	7.04752646512795
t71	1.61993582819702	0.765971182160595
t73	2.56917301376155	2.56917301376155
t78	0.287946557411214	0.287946557411214
t81	1.28813353764317	0.0834136930585103
