taxon	max_age	min_age
t1	15.0191276337027	15.0191276337027
t2	17.5201180280923	9.03586024623721
t3	15.2458762510627	13.1568684391314
t4	11.9961025075924	11.9961025075924
t6	13.3191859744553	9.33854508268804
t7	13.5186133918613	0
t8	9.28780595532113	0
t11	5.52440993184833	0
t19	1.57104689327913	0
t22	0.960859733908784	0
t24	5.22249243346883	0
t25	3.65194844879009	0
t26	0.433409866154673	0
t27	0.180441385248834	0
