taxon	max_age	min_age
t1	17.9322949362298	17.9322949362298
t2	18.5972191890081	0.746622707975636
t3	10.728377585409	0.691994580861522
t5	14.9316951199283	11.3930147888393
t7	12.1741720647399	0.547303762661222
t8	1.24977727787081	1.24977727787081
t9	2.90230762165939	1.67530060698246
t11	2.54589462727603	0.58157795183655
t15	1.51957632112483	1.51957632112483
t19	7.82406746611107	0.273196114342916
t20	3.74879609990654	1.81512726510588
t23	3.93387120442321	1.28192182234655
t24	5.36707205909127	1.78851595189661
t25	2.2537859881297	0.654945986426991
t30	3.69290436039157	1.53574394259391
t31	0.537921074673012	0.537921074673012
t32	0.195629819776183	0.195629819776183
t34	0.505231172686571	0.505231172686571
t35	0.309120295486114	0.258426881932976
t36	0.381730829755263	0.381730829755263
t37	0.208600581142619	0.171710130974482
t38	3.04667156815559	1.62489022754163
t39	2.75153385051626	0.015907634064213
t40	0.663101029904343	0.663101029904343
t42	1.79159866908761	1.40794527100761
t44	1.49048933004757	1.49048933004757
t46	3.66554383828155	3.66554383828155
t48	3.22355178515242	3.22355178515242
t50	0.884969241172655	0.884969241172655
t52	1.52794901233983	0.418433038973031
