taxon	max_age	min_age
t1	25.1853310756728	25.1853310756728
t3	26.1517444304327	26.1517444304327
t5	20.9583216589461	20.2302914659503
t6	26.9296661323554	24.8287092282744
t8	20.122396909676	0.548446254617776
t9	25.6552564049084	14.5942087523502
t11	8.22815803001608	8.22815803001608
t12	7.99323084903808	0.818032814058895
t14	2.60399070885276	2.27598075450951
t15	1.28272698733368	0.849339176807746
t16	3.76052429507313	3.75067528452759
t17	0.785088905663478	0.0175643015987568
t19	17.0136548678489	14.8765419602655
t24	3.69160828462831	3.69160828462831
t25	3.23420126321074	2.39127155534385
t27	2.39649551483729	1.24310652133314
t29	0.0226941135955201	0.0226941135955201
t32	19.7037207568817	0.436794584730158
t33	17.2804902155134	10.9912948036444
t34	12.6634204838536	12.6634204838536
t35	6.03606597220586	3.17072542408886
t36	0.330193246289696	0.330193246289696
t37	1.94658734965186	1.94658734965186
t44	8.11159802082842	5.8775616835269
t45	6.5496850167038	1.88347569144143
t46	6.38087281286413	6.38087281286413
t47	6.30378552941501	0.364483911212886
t49	0.690751268034571	0.45086108433609
t50	0.87272382436834	0.87272382436834
t51	1.89525441767912	1.89525441767912
t52	1.59976505143204	1.59976505143204
t57	1.02880317398806	1.02880317398806
t59	2.09825267267033	0.527509272687677
t60	6.02363375934677	5.54855163310898
t62	2.59153545271699	2.59153545271699
t68	0.890184657222104	0.890184657222104
t72	7.23913038883593	7.23913038883593
t74	2.06515857841985	2.06515857841985
t75	5.11036385776044	5.11036385776044
t76	2.97931704671221	2.97931704671221
t78	1.76322731630591	0.385642877982814
t84	0.515373593558998	0.515373593558998
t89	2.66986057621418	2.19529773412574
