taxon	max_age	min_age
t1	26.8529632347484	13.2556863983765
t6	20.8993625115043	10.7823871715779
t7	18.1785914778003	11.7991016804161
t8	13.3084507251326	2.23271291357817
t9	7.27774463868453	0.368546718992405
t12	8.15846245914735	1.02866528466171
t16	0.63303466142288	0.63303466142288
t18	6.8672147037764	3.96409333629291
t20	0.918541299100703	0.918541299100703
t21	2.83206712044795	0.781854802741204
t23	0.58658389409705	0.58658389409705
t26	0.821270390277579	0.821270390277579
t27	7.12362710441976	7.12362710441976
t32	6.296679257684	1.53003245317706
t33	4.96292735388531	0.99078040663802
t34	2.6846771446061	2.6846771446061
t39	0.0669909506645716	0.0669909506645716
t40	4.1439647155641	3.55392902631586
t42	0.242637953039036	0.242637953039036
t44	4.48328459846905	4.48328459846905
t46	6.47869244027774	4.64422241749754
t47	3.3981895075042	0.519688845547524
t49	0.993022529285266	0.993022529285266
t51	1.48625952186771	1.48625952186771
t53	1.51523112018239	0.789319909046053
t55	0.337349758879924	0.337349758879924
t57	2.93422095568776	1.51759205477237
t58	0.706385086438967	0.449875716889316
t60	2.25828442736889	0.93372392016823
t62	3.75860885713071	3.75860885713071
t69	0.361162711306832	0.207487099987592
t72	4.24711233565539	1.84277069539407
t75	2.8029279926567	1.04318783963956
t79	0.143624117440634	0.143624117440634
t80	1.33613571210921	0.603317737857203
t82	1.46850433562994	1.33951987347056
t85	0.387589486846096	0.387589486846096
t87	0.459602795048259	0.171751617499517
t88	1.48543297814843	0.374870407755342
t90	2.71760361292137	2.71760361292137
t93	2.4730036859743	2.4730036859743
t94	1.85689935750701	1.85689935750701
t95	1.7688743494301	0.953755646059808
t97	1.15219236234067	0.625979772803802
