taxon	max_age	min_age
t1	28.4701001970097	28.4701001970097
t2	23.7762343529658	21.3096210988499
t3	24.4794288927072	13.3492939456305
t4	14.2609276403647	4.3349338915019
t5	13.2617811390403	12.3738606208917
t6	12.5067194187752	1.46755509687194
t7	11.3158622538383	5.77877274129379
t8	10.2963611121981	4.66921678701672
t9	1.41798255909926	1.41798255909926
t10	0.479961768071259	0.479961768071259
t11	11.3115623919313	1.56138619657958
t13	10.8846513855175	9.35234715560422
t15	4.41410944860705	3.89580224587858
t16	7.19696595041652	7.19696595041652
t18	1.3631821739441	1.2719054079641
t20	0.617527054228574	0.617527054228574
t22	11.4182475001225	0.979886792805218
t23	1.82292375621918	1.82292375621918
t27	0.64084227973693	0.64084227973693
t28	1.7764944734595	1.7764944734595
t32	1.17060735605006	1.17060735605006
t33	2.01252132604121	2.01252132604121
t34	11.7722413840874	11.7722413840874
t35	5.59303694521495	1.82453029702475
t36	2.11405488324096	0.593604545683842
t37	0.559874258829673	0.559874258829673
t39	2.69382557602616	2.59779090989772
t46	0.446922323389387	0.446922323389387
t47	5.39946438000784	1.99718444574231
t49	1.00751108853598	0.998117602574499
t50	0.252206112740204	0.252206112740204
t51	1.2397162078304	1.2397162078304
t53	1.39414943584688	0.347428300347925
t57	2.41203769630722	2.41203769630722
t59	6.87335286567285	0.921562124493409
t60	3.4022912051882	2.82449952813624
t62	0.174812928168986	0.174812928168986
t65	1.14745250431603	1.14745250431603
t66	0.25156872091474	0.25156872091474
t67	7.01740934596177	6.55908549752798
t68	5.31056180613253	5.31056180613253
t69	0.583881198921787	0.452890629907685
t71	1.84148890587231	0.949168075164799
t74	3.62702362452447	3.62702362452447
t75	2.26313432766039	2.12897399270256
t77	0.312064381243314	0.0131110466752453
t79	1.54567076170374	0.849507491081244
