taxon	max_age	min_age
t1	29.2960730412354	14.2507301712911
t2	10.2577316919999	7.77766868664941
t3	14.9263163570064	0.142824763261853
t6	4.75428484787388	1.26863818415939
t7	10.8268030361039	10.8215963018514
t9	7.13832684484242	1.47902735192593
t10	6.49034553957824	6.49034553957824
t11	8.9168233469488	2.18515721139992
t12	2.69245441768829	2.69245441768829
t13	14.674119567898	14.674119567898
t14	16.6855050534217	16.6855050534217
t15	9.67535260088016	6.53198813332919
t17	1.53946838212309	1.53946838212309
t18	3.19100438700574	0.264736072363544
t20	4.28613879080969	4.28613879080969
t23	15.3206843200793	15.3206843200793
t26	1.34411900545133	0.568871902303396
t27	13.9660911418632	13.9660911418632
t29	10.8919070589946	3.0125560042234
t31	6.97613300683989	0.227455645363388
t32	13.0530071893446	11.9790322301027
t33	10.8770283488452	3.31190143641248
t35	10.5284428920169	5.97150388542303
t36	9.77940691055126	0.518854257995425
t37	0.937999285202608	0.517993083600089
t38	12.1760339673026	10.3436454535811
t39	9.41108495668063	8.84495660557588
t40	10.5299667710298	0.293280247750527
t41	2.09464317803059	0.71682261061153
t42	11.5472612019523	11.5472612019523
t43	8.50956512358188	5.39520456263509
t44	9.18795415957942	4.89529295807192
t46	6.28118123145776	3.58417395238644
t47	7.66558360882763	7.66558360882763
t50	0.137326385645821	0.137326385645821
t51	1.44615428694688	1.25350295428041
t52	8.29906153872114	8.29906153872114
t54	5.9822173898927	5.9822173898927
t56	13.3902799688447	8.73100694047102
t57	3.46494968989337	3.08285038461382
t60	10.8369483993281	5.86572403635173
t62	8.58893789621854	8.58893789621854
t63	3.00389157088845	3.00389157088845
t64	7.6265714584937	7.14591231257121
t65	7.04910750184218	7.04910750184218
t73	6.7349290661768	6.7349290661768
t74	9.94575640016545	3.84885669529781
t75	7.73651174457339	7.73651174457339
t76	7.78016183830886	2.5166728823087
t77	1.58612341329893	1.58612341329893
t78	3.44299352377518	1.90739992966119
t79	3.98547036537762	1.40719551764491
t83	6.57520434715417	6.57520434715417
t84	5.23726276874688	5.23726276874688
t85	3.97183501571521	1.10590912204684
t88	3.10885350850424	3.10885350850424
t90	4.86440420614563	4.86440420614563
t91	6.77623179177052	2.57840526481971
t92	2.91462740575313	2.86178328742623
t93	0.626419510696905	0.626419510696905
t96	3.39933728466797	1.24245769477504
t97	1.56034524557912	1.56034524557912
t98	2.71791155400224	0.399800296514663
t105	1.29875818053386	1.29875818053386
