taxon	max_age	min_age
t1	28.373395826978	9.48769182091672
t2	15.4197180413816	4.85569084741745
t3	10.8860870085627	10.8860870085627
t4	10.4722334241264	4.31621654547462
t5	9.31363082363465	3.42027708760657
t6	15.9575457689708	3.32023735807297
t7	12.7812125659503	11.2721984741854
t8	8.79954471150603	1.96161628005662
t9	9.68173247945597	9.68173247945597
t10	3.99756820734796	1.75051867979474
t12	13.2266306354737	0.845757567994646
t13	7.83532693562234	4.00616180181537
t14	9.52217080397383	5.55685140425191
t16	2.07223269112261	2.07223269112261
t17	6.55078004470673	0.177136172829101
t18	10.5180503154334	9.94000964414877
t21	3.97576147396905	3.74091629266285
t23	5.43689009039331	5.43689009039331
t24	0.944708522867526	0.944708522867526
t28	0.476423662036201	0.476423662036201
