taxon	max_age	min_age
t1	25.8772301271716	19.144557225798
t2	21.3216578851162	21.3216578851162
t3	16.5277084315546	16.5277084315546
t4	16.1534037738426	16.1534037738426
t5	15.9261927163088	11.3278216170786
t6	12.1747295500638	7.75447555253516
t8	11.9246767573034	2.18658861537072
t9	12.0026635016028	12.0026635016028
t10	9.5870917836401	9.5870917836401
t11	8.89642695587414	8.89642695587414
t12	10.7124973776138	3.50251647522754
t13	14.1162439326649	13.7368354294032
t15	10.2513605889504	5.94942340242449
t16	7.14300449710942	1.3486334168544
t18	2.05989828370929	0.85189910953661
t19	11.8708299539665	11.8708299539665
t20	9.18126852798493	6.30702177360624
t21	8.36892897502118	4.29607854748164
t22	10.0406402950373	8.52539283334079
t23	10.2157122978255	10.2157122978255
t25	4.43854799775542	4.43854799775542
t26	2.40482015485277	2.40482015485277
t28	4.88819866678307	4.88819866678307
t29	8.27734181931277	3.25747728677001
t31	1.02931987458038	1.02931987458038
t32	2.91384664152681	2.91384664152681
