taxon	max_age	min_age
t1	27.9451411807289	8.24405294103131
t3	13.3448244848028	0.803927615425305
t5	12.9484449473368	8.61931910538801
t6	13.8087283899529	13.8087283899529
t9	6.4520485080705	5.53858277381083
t10	2.54241231811115	0.4429411436202
t12	3.82277197626544	3.82277197626544
t13	13.3092763709223	13.3092763709223
t14	4.73935391702044	1.96823413445934
t16	2.80676057631658	1.11434686843193
t17	2.84565692357557	1.44110042045178
t19	6.50353424262293	0.118026202726298
t20	6.98782607038875	5.8872488534829
t21	2.32203538229434	2.32203538229434
t24	11.7263418920057	11.7263418920057
t25	5.23634618453892	3.75610235297642
t26	5.37755887477401	3.36282962299936
t28	9.30483031768947	4.26893313968072
t30	6.15601686305817	1.01671322739236
