taxon	max_age	min_age
t1	26.0963766185104	25.8835135184387
t2	23.1113411137239	17.5990779632067
t3	19.6029710207596	18.5310901077305
t4	15.5543175847373	11.3215347957943
t5	17.8745294933892	16.7641396569462
t6	15.8867246728244	4.38482160186587
t7	12.1590630950438	10.894393452881
t8	12.5369612371734	5.18132605536155
t9	6.47360042036026	2.12224877369643
t10	11.2706279856965	11.2706279856965
t12	11.646317452623	7.30112485221082
t13	16.4620508072407	14.5829845287036
t15	16.4598880693826	10.1196719101298
t16	9.53663311334303	4.09573923260016
t18	14.0861311621706	8.91508523125447
t19	6.98276671669364	6.98276671669364
t21	12.5433360669208	12.5433360669208
t23	2.58247249918447	2.15295422611054
t26	6.17625829005754	3.02870835054529
t30	11.0340502112474	11.0340502112474
t33	15.1533183229732	15.1533183229732
t34	10.2330364988753	10.2330364988753
t36	15.2017125095181	14.2551683069493
t37	9.23826661497593	9.23826661497593
t38	12.4860263231295	9.27222034161284
t39	12.096346830962	5.63787278579309
t40	8.86844845647268	8.86844845647268
t41	10.3920182467731	9.52515627164219
t42	13.664153427793	5.60059087227545
t46	15.2091603858554	15.2091603858554
t47	12.9838874247715	0.848494443862101
t50	7.91554487339129	7.91554487339129
t51	11.1928239343216	11.075670317389
t52	10.52362054018	0.440621158380921
t57	2.95567128941326	1.68606525265832
t58	10.2269374987736	10.2269374987736
t59	4.76119532821627	4.76119532821627
t60	11.9310316026925	2.06478721346744
t61	10.5759197736109	8.1841082265709
t62	10.0434969936099	7.18984934456442
t63	0.90711989535501	0.90711989535501
t64	9.79814900296218	9.79814900296218
t71	2.67091579026575	1.90295896880242
t73	6.60146907254614	6.60146907254614
t74	2.29203578864774	0.668265268556681
t75	9.15711692717015	9.15711692717015
t78	1.68671159921759	1.68671159921759
