taxon	max_age	min_age
t2	29.512544873627	29.512544873627
t3	24.1363448183356	23.0322081191459
t4	20.7798240279895	2.43592762695399
t6	7.57717582525412	0.0140280914444517
t7	11.2519906145779	1.90510566968943
t10	5.50701453467022	0.0734456001424881
t12	3.42495531077062	2.99766288392233
t13	15.3511859600835	6.2073702212833
t15	8.20363800194422	4.53719799037388
t16	1.75691438365082	1.75691438365082
t19	8.16985420972166	3.98358315667754
t20	3.63812027885553	0.562375194403412
t21	4.10617111828443	4.10617111828443
t22	11.2568673258016	11.2568673258016
t23	10.478077464981	0.0843665975071133
t24	10.7425483769318	0.0508886010127014
t25	8.42221413820495	4.32624253850286
t27	7.4695348597407	5.31333256487694
t29	8.1284318909228	4.4179722600131
t31	10.1834294528737	10.1834294528737
t33	3.57574115441768	3.17942768146274
t36	9.797501965871	1.24560151824832
t38	5.0149139480957	3.30256460994915
t43	5.51278736761359	2.36121371020894
t44	1.83718294323301	0.209227491004427
t46	6.33946985006885	5.00223906866517
t48	0.137623338201731	0.137623338201731
t49	7.32565665309528	2.10992091807953
t50	4.68108332087482	2.46010786380505
t51	5.00048929838107	0.580826692618185
t52	3.24593573049552	0.477441338371207
t53	3.80066673316961	3.01971320108479
t54	6.74631729535496	3.81514573022854
t55	4.89991717325842	1.4287144375084
