taxon	max_age	min_age
t1	7.634739553075	0.434575955182689
t2	6.09583187663689	2.55533086417005
t3	3.23423432976351	0.381029526222209
t7	1.96902520768739	1.96902520768739
t8	5.01037232587286	5.01037232587286
t10	0.594032978635553	0.594032978635553
t15	2.47090704369997	2.47090704369997
t16	4.41280191655954	3.55275332664202
t18	2.19720387967486	1.79358247338045
t19	2.68176056942271	0.220979275296726
t20	1.44657345271105	1.44657345271105
t21	1.71398392357565	1.71398392357565
