taxon	max_age	min_age
t1	9.62008909787983	3.59342622443479
t2	8.11997865792364	8.11997865792364
t3	5.36749166977772	0.604106507058553
t4	5.41869255118541	1.22527046168414
t5	5.18033419594512	5.18033419594512
t6	2.06746680965085	2.06746680965085
t7	4.90217209772233	4.90217209772233
t9	4.97450884600824	4.97450884600824
t10	2.27255503200541	2.27255503200541
t11	0.305447765659803	0.0957941138934579
t13	1.45117353900963	1.45117353900963
t15	3.27235244019895	3.27235244019895
