taxon	max_age	min_age
t1	9.8050459315554	0
t3	7.01290243346728	3.69940160208278
t7	5.67464119058015	0
t8	5.82836429448956	3.9984107000116
t10	4.63812458261149	0
t12	1.1124150883432	0
t16	3.49770901219569	3.49770901219569
t18	0.0666894895823003	0
t21	0.897307453858732	0
t22	0.165579955391248	0
t25	0.196622767310735	0
