taxon	fad	lad
t1	7.45800632687008	6.14883961789453
t3	4.42790905354024	4.42790905354024
t4	6.14295831290485	0.512999552741119
t5	3.89144639048826	3.89144639048826
t6	5.38538525187394	4.13105974696617
t7	5.68016892463224	5.68016892463224
t8	3.03890687845943	0.038195491125661
t9	3.5305230943372	2.98788269151766
t11	3.72497441693346	3.72497441693346
t14	3.75237988053565	3.53474758294596
t15	4.68990396966729	4.68990396966729
t24	3.72015835352964	0.145451709586402
t25	0.810685194287073	0.810685194287073
t27	1.34780248501569	1.34780248501569
