taxon	max_age	min_age
t1	8.03960447199643	0
t2	5.08443315061774	5.08443315061774
t4	1.01829580835443	1.01829580835443
t6	1.74626473406601	0
t9	5.24784063242322	5.24784063242322
t10	6.57677389611615	6.57677389611615
t11	4.5100460130513	3.89866896761052
t14	0.679520996063788	0
t16	5.11998915819894	0
t19	0.213172321839581	0
t20	0.564905372588296	0
t25	0.715306076822635	0
