taxon	fad	lad
t1	0.983481115771212	0.983481115771212
t2	7.02601434629318	6.97448426979191
t4	5.52750156508032	4.97587080145056
t6	0.752862340860085	0.752862340860085
t7	6.2355436598376	2.59235526259802
t8	2.46084619757038	0.00796195790127818
t9	2.74463083107275	2.74463083107275
t10	5.10431852381754	3.93191471497249
t11	1.14665777498477	1.03369273010883
t12	1.52035549629975	1.52035549629975
t13	1.94373570701362	1.94373570701362
t17	0.0556563033292097	0.0556563033292097
t19	0.84087967028688	0.84087967028688
