taxon	fad	lad
t1	9.84847114390489	6.04155419017311
t2	8.94165056301276	8.94165056301276
t3	6.6972168809059	2.18881597702772
t4	3.87868583225396	3.29938347191693
t5	0.353861139865179	0.353861139865179
t6	3.36290896117128	1.20991343500154
t9	2.12293841686134	2.12293841686134
t10	1.69578000460502	1.69578000460502
t12	0.485226372487109	0.485226372487109
t13	0.247302761264484	0.247302761264484
t15	0.1557001770142	0.1557001770142
