taxon	max_age	min_age
t1	9.71065470172713	2.16277825053227
t2	8.92369553136329	6.42329638358206
t3	8.64928537979722	6.80457264650613
t4	0.231138789515075	0.231138789515075
t5	3.44164861781188	0
t8	3.50783620637262	0
t10	3.9836000105877	3.9836000105877
t11	1.89377777475653	0
t12	1.00955547279932	0
t14	3.768874007287	3.768874007287
t17	5.14616584903909	0
t18	1.60662333409686	0
t19	1.79533136509579	0
t21	1.07595089001107	0
t22	1.82682624578992	1.59106520962486
