taxon	max_age	min_age
t2	7.0793940225822	2.2169833120889
t3	6.16120568844997	6.16120568844997
t5	3.82399546241122	1.12208163327926
t13	4.64270352785738	2.08432324433434
t16	0.781883740680176	0.781883740680176
t20	0.660999575819931	0.660999575819931
t23	2.86869188064226	0.347386051495713
t24	0.966631208888346	0.966631208888346
t25	0.416637400507085	0.416637400507085
t26	0.415159358432021	0.415159358432021
t28	0.0586595625620614	0.0586595625620614
