taxon	max_age	min_age
t1	8.22821353096515	2.38422720824282
t2	8.93562002728383	8.93562002728383
t3	1.25936027333828	0
t4	1.67100507638794	0
t7	0.035807246792773	0
t8	7.05123672336899	0
t10	5.50053374221758	5.50053374221758
t12	2.91268500733852	0
t13	2.27331804210873	0
t15	3.24355777677492	0
t17	3.88568362931072	0
t20	4.32932028470913	0
t23	2.3122042565145	2.3122042565145
