taxon	fad	lad
t1	8.75679475410531	6.23487748995767
t4	6.49623373733633	2.38389122524131
t5	5.15441423902152	5.15441423902152
t6	2.86614525596785	0.966183440752204
t8	2.22283478264107	2.22283478264107
t9	1.81871911373726	1.81871911373726
t10	0.937211903095102	0.937211903095102
t12	1.13869547377514	1.13869547377514
t14	0.843568339586872	0.30309874963325
t15	0.558269958686081	0.558269958686081
t18	2.50421678942253	2.50421678942253
