taxon	fad	lad
t1	8.32274903077632	8.32274903077632
t2	5.36718491034558	5.36718491034558
t3	7.05864664188529	7.05864664188529
t4	7.70704422544772	3.82002394113773
t5	4.78585938022699	2.21074140670458
t6	6.18435141651834	4.67169761213417
t7	2.5496139357657	2.5496139357657
t10	0.322999134967846	0.322999134967846
t11	2.31902570310613	2.31902570310613
t13	0.825706236585889	0.825706236585889
t14	2.15182654294135	1.18724048241054
t15	0.228964817228537	0.228964817228537
t17	1.54650006730771	0.266202811787966
t18	1.69387538256382	1.69387538256382
t20	4.2122091797502	0.903386102121187
t21	2.2592485147229	1.52646843598645
t22	0.124789978778754	0.124789978778754
t24	1.56058300511871	1.56058300511871
t28	1.88195105052159	1.88195105052159
t30	0.636876380317354	0.0382319715437998
t32	4.36693053287835	1.82934938835672
t33	4.45097980518212	4.45097980518212
t40	0.758724623837873	0.758724623837873
