taxon	fad	lad
t2	6.95596383418888	1.03432771391021
t5	1.36696123297469	0.200970622378664
t6	1.75278518662125	1.75278518662125
t10	3.86819351941843	0.110241216864136
t11	2.76955691066597	1.57476966014469
t15	2.24981873028492	2.24981873028492
t16	0.491363722746572	0.491363722746572
t17	1.39351394964075	1.23712386320348
t19	1.56710415916141	1.56710415916141
t22	1.08217606793942	1.08217606793942
t26	0.532535085261014	0.532535085261014
