taxon	fad	lad
t1	6.56195060112352	2.80519802830985
t2	6.83265538575749	6.83265538575749
t3	2.86944030523168	2.86944030523168
t4	4.80967666191703	0.761420145946103
t5	0.057822583635387	0.057822583635387
t13	1.20801542530998	1.20801542530998
t15	6.42107508455714	0.16899635039098
t17	3.83708506998504	0.607599147268525
t20	3.20828984181086	2.34940167826911
t23	1.80103264359785	0.225287990166775
t24	0.730726002047341	0.730726002047341
t26	0.186349699605765	0.186349699605765
