taxon	fad	lad
t1	3.86198511996062	2.99378042137317
t2	7.94423361418102	3.21302203895201
t3	8.18503505023878	5.28164085847543
t7	3.1655062720959	0.547329276008863
t13	5.81786636123102	1.52280193937954
t14	4.06980139669031	1.0464362657765
t15	2.79423966219702	2.79423966219702
t17	4.26402535910408	4.26402535910408
t23	3.80255411311236	0.626253040303656
t25	1.21577635682367	0.76676361537718
t29	0.567705799620175	0.324205455205149
t30	0.595361195079402	0.330367780962828
