taxon	fad	lad
t1	9.53174083889129	7.942714224799
t2	5.12250842025107	5.12250842025107
t3	5.63225609838451	5.63225609838451
t5	0.721155472733489	0.263690739882898
t6	1.77636243367608	0.256775027408358
t8	0.746262746658385	0.746262746658385
t9	3.70907999370565	3.1166752748844
t13	2.65339009880095	2.65339009880095
t18	0.568789941942079	0.568789941942079
t19	0.656967621727221	0.656967621727221
t20	0.266628451151846	0.266628451151846
