taxon	fad	lad
t1	6.41692675043241	6.41692675043241
t2	6.93018584698877	1.69978461482288
t3	5.75556484534189	1.82476070084146
t4	5.085548192127	3.13283706017226
t5	7.75006825121835	7.75006825121835
t9	4.10945445782289	3.80808936142467
t10	4.0375534859045	4.0375534859045
t11	2.59632321799732	2.59632321799732
t12	1.40359467937113	1.40359467937113
t14	5.35869270423382	3.2724404103739
t16	4.05284456803099	1.35920641372548
t17	5.19664454037525	3.68845901681311
t23	1.97152849939159	1.97152849939159
t26	1.55243651522492	1.55243651522492
t28	1.58902787123836	1.58902787123836
t30	5.23326174585844	3.58865263325547
t31	0.660961797410479	0.660961797410479
t32	0.393821161249175	0.393821161249175
t33	0.0397148528376547	0.0397148528376547
t35	1.99828069745176	1.99828069745176
t40	3.23796470354577	3.10428894295623
t41	3.08877524881743	2.8527621346755
t43	0.640024455216544	0.640024455216544
t44	1.00474168695956	1.00474168695956
t45	0.617835083292199	0.617835083292199
t52	1.80133045400658	1.80133045400658
t61	0.52642445470906	0.52642445470906
t62	2.24876362292023	1.86867500254659
t64	0.505359870950176	0.505359870950176
t65	0.024306390848075	0.024306390848075
