taxon	max_age	min_age
t4	6.34626937504647	6.34626937504647
t6	6.55975420919467	1.6461252789687
t9	1.23495460259339	1.0784536286181
t13	2.97544441512515	1.9838503654281
t14	7.49404502344959	7.49404502344959
t17	0.0211541069917534	0.0211541069917534
t19	5.73758218674055	3.86263440599731
t23	2.53144598370877	2.53144598370877
t26	5.52105264486325	2.6330605936961
t29	0.935899266092225	0.935899266092225
t31	0.757007720491986	0.757007720491986
t33	0.72528206848331	0.72528206848331
