taxon	max_age	min_age
t1	8.79825537558645	6.73386408947408
t3	3.82800493727815	0
t4	1.29078145632587	0
t5	1.67068084321603	1.67068084321603
t6	6.25891236231012	6.25891236231012
t7	4.34164542771681	0
t9	3.31738298980945	0
t10	2.34140534091524	0
t11	0.688395893559392	0
t12	3.79130406401795	0
t14	1.26464596037274	0
t15	0.000781172313326195	0
