taxon	first_age	last_age
t1	19.866094145303	6.22987223337038
t2	8.64177402965024	0
t3	3.75135104332124	0
t4	1.53724988297089	0
t6	5.51977335005792	0
t7	0.999535030555641	0
t8	3.42403761370146	0
t10	1.90845834473683	0
t11	4.00239856210964	1.73934175551054
t18	2.00807924115853	0
t23	1.0070122303046	0
t24	0.382348824084694	0.382348824084694
