taxon	fad	lad
t1	8.27476085604715	6.0185628527945
t2	7.82209561654031	3.91649792432483
t3	0.398620125962445	0.398620125962445
t4	2.53406798588447	0.136730116593915
t6	3.14914269658249	3.14914269658249
t7	0.83025093886005	0.83025093886005
t8	1.90505335428334	1.90505335428334
t14	0.0107415138974574	0.0107415138974574
t15	0.0945238343825245	0.0945238343825245
t16	2.63955738804558	2.49073946481515
t17	1.65372319604498	0.196540096733747
