taxon	fad	lad
t1	9.84884663019329	4.44229674384341
t3	3.41183885623703	3.41183885623703
t4	2.55599539705668	0.190182419882703
t5	2.0185017464292	2.0185017464292
t6	1.32474296844485	1.32474296844485
t8	1.06475478282988	0.443707221152087
t9	2.9077990084084	0.536849310557219
t14	2.27091830492187	2.11232185942598
t17	1.80407082973105	1.80407082973105
t18	0.636186052050276	0.636186052050276
t23	0.637535618825325	0.22278651975093
t26	1.34415354828141	1.34415354828141
