taxon	fad	lad
t1	7.98600705806166	1.33335641288853
t2	5.01211097183345	5.01211097183345
t3	5.50202856743396	0.730872344882785
t10	3.43766099764034	2.98122060631091
t12	0.132403963119039	0.132403963119039
t13	3.06320640795887	0.133655266001425
t17	2.09458731503989	2.09458731503989
t19	0.352143762867023	0.0856887747077835
t20	1.02941311539785	1.02941311539785
t21	0.0390448345225458	0.0390448345225458
t22	0.741114574616985	0.741114574616985
t26	0.415747807695515	0.415747807695515
