taxon	fad	lad
t1	7.99239352655907	2.09846668223598
t2	7.68272014979542	7.68272014979542
t6	1.43889870719252	1.43889870719252
t8	3.73185171481706	3.46497649683791
t10	2.35535434800551	2.35535434800551
t12	3.19055095967633	2.95000653124832
t16	1.8776389507938	0.312483703567439
t18	1.01553962282099	1.01553962282099
t19	0.999355651267432	0.180054192188802
t21	1.65505623473112	0.526760211496395
t23	0.142999566064185	0.142999566064185
t25	0.00479898299920123	0.00479898299920123
