taxon	fad	lad
t1	9.16052505373955	5.03045277218368
t2	6.56550515306349	3.64144971432678
t5	0.986949214338592	0.986949214338592
t7	0.688714481032743	0.688714481032743
t8	2.37858467584963	1.26242564219848
t12	1.26424078721983	1.26424078721983
t13	0.142858132521166	0.142858132521166
t15	0.471875272507232	0.471875272507232
t18	0.251770781962037	0.251770781962037
t19	1.17752650794486	0.790644446806112
t21	0.264009738244372	0.264009738244372
