taxon	fad	lad
t2	8.4053459828548	5.02904761455855
t3	8.02853728347705	6.52173803977605
t4	2.76121273692307	2.76121273692307
t5	4.69017842805365	4.17202286132653
t6	5.44913429017218	4.7816323049903
t7	0.283779370738324	0.0134702250195566
t11	2.01365431435918	2.01365431435918
t12	0.868771179569881	0.868771179569881
t14	0.0212445243139747	0.0212445243139747
t19	0.502298588407639	0.502298588407639
t20	1.19410284498027	1.08638761891138
t21	0.888082051511748	0.888082051511748
