taxon	fad	lad
t1	9.28347941953689	1.47228921876594
t2	7.43962529285817	7.43962529285817
t4	5.43135380544391	3.46640040028221
t7	1.60449257692869	1.60449257692869
t11	0.804574837230753	0.804574837230753
t12	0.514094485296699	0.514094485296699
t14	3.71933843667581	1.29879862728491
t15	4.55102777107827	4.55102777107827
t16	1.93937922623827	0.702558210303069
t18	3.75597443768237	0.0891622923465416
t21	1.16017711463167	0.87464009215527
