taxon	fad	lad
t1	9.97030270463774	0.24420521511354
t2	6.84953934569661	1.27262110278409
t3	6.91642833390744	6.91642833390744
t4	1.18856464726745	1.18856464726745
t6	6.06331575644573	1.72194745233065
t7	3.4242410891799	0.811597965405131
t8	3.14762591270611	3.14762591270611
t9	1.85758951110691	1.85758951110691
t15	1.96030284701549	1.96030284701549
t19	0.567600934204551	0.141053281786014
t22	3.21342324252607	2.54049839239926
