taxon	fad	lad
t1	8.30053526908159	0.686313820662019
t2	9.14144233707862	0.897043793649097
t4	0.818815704686957	0.818815704686957
t6	5.8753017010633	5.8753017010633
t7	4.36421328362308	0.299127567527972
t8	2.55037715953937	2.55037715953937
t11	3.65621582513645	3.65621582513645
t13	2.0663460068497	0.920106248573777
t14	3.44559102558725	0.45418179246256
t15	1.24702598533683	0.24739602990849
t16	0.190288572022569	0.023857792910686
