taxon	max_age	min_age
t1	9.79316225467813	9.79316225467813
t2	4.96722653011228	4.96722653011228
t3	6.37151124210882	6.37151124210882
t4	3.72609729047098	3.12107529125341
t5	2.89157699610958	1.27359054489603
t7	3.1121155320904	3.1121155320904
t9	6.70115427560225	1.07606099306104
t11	0.959897933961399	0.959897933961399
t12	3.46999356337184	0.349200657882239
t13	0.358980177093494	0.358980177093494
t15	0.0278184734895319	0.0278184734895319
t20	0.0339047268181663	0.0339047268181663
