taxon	max_age	min_age
t1	7.99981436381737	0
t2	1.99202371944429	0
t4	2.00483755998657	0
t5	0.667019953160517	0
t6	3.38009916888539	3.38009916888539
t8	1.22338092589474	0
t15	1.8449112446362	0
t17	2.98444829801316	1.58306317168817
t19	2.00539924387576	0
t23	2.27693900434581	0
t24	1.38035235945633	0
t30	0.694573682341646	0
t31	0.436769942202659	0
t38	0.86017721883324	0
