taxon	max_age	min_age
t1	8.44942157001545	2.38330872912647
t2	6.58415369237806	6.58415369237806
t3	4.65136207343733	0.96200381357701
t4	3.01459714177441	3.01459714177441
t5	0.376313254657266	0.376313254657266
t7	5.58600798009483	5.08582488549151
t8	0.404324305353443	0.404324305353443
t10	1.92423828031033	1.52289728253245
t12	3.78439636604583	1.74604271397338
t17	4.37851560564064	3.07829944368426
t21	2.99023115542771	0.506507110464922
