taxon	max_age	min_age
t2	8.70059023022263	1.69107112779347
t3	3.94528037106341	3.94528037106341
t4	3.51040660248448	3.51040660248448
t5	8.04653312234829	8.04653312234829
t6	5.85836809594184	5.85836809594184
t7	3.19669074844569	3.19669074844569
t9	4.13589618392401	4.13589618392401
t10	0.952209707617966	0.952209707617966
t12	1.82174601916847	1.82174601916847
t14	1.39689585673656	0.76121251268035
t15	0.821071601779277	0.253618317031378
t18	1.70994374909001	1.70994374909001
t21	1.2384952269139	0.606165258164888
