taxon	max_age	min_age
t2	7.21846519362525	7.21846519362525
t3	9.03343444534888	9.03343444534888
t4	6.79665294320633	6.26636992449911
t5	5.99369212359019	0.298053884656966
t6	7.01805083546787	7.01805083546787
t7	0.412752915155433	0.412752915155433
t8	1.81796456540797	1.01180722790633
t10	3.60860986982756	0.243886398601674
t12	3.17198412839261	3.17198412839261
t13	1.20007545412767	1.20007545412767
t18	2.31023515922301	1.36064185457159
