taxon	max_age	min_age
t1	5.89075572181837	5.89075572181837
t2	6.69123450463361	6.67967382227728
t3	9.0123202145636	8.07241439307189
t4	4.21095733389602	1.32985457961203
t8	4.27371550369359	0.374381303486153
t10	2.85670131769375	0.645962879201729
t11	0.811841166631741	0.811841166631741
t13	3.46796600166059	3.46796600166059
t14	1.81274205929882	1.81274205929882
t15	1.06716574861848	1.06716574861848
t17	2.09929729829825	2.09929729829825
t20	0.734333326169306	0.734333326169306
t23	1.05463952132343	1.05463952132343
