taxon	max_age	min_age
t1	8.92686028135082	0
t2	7.48531605119655	5.53259267425792
t3	2.73577861685095	2.73577861685095
t4	8.4074488390858	0
t5	2.51493041627301	0
t6	1.42188285039804	0
t7	3.22435871256927	0
t8	6.59316310038169	6.59316310038169
t11	2.4386758559073	0
t14	5.58263243516635	0
t15	2.54216446881842	2.54216446881842
t20	0.85587920058313	0
t25	1.79026709039362	0
t28	1.02928624106766	0
t30	0.578340055811562	0.478594568327724
