taxon	max_age	min_age
t1	5.48469479209777	1.46033916420958
t3	6.28237102970825	6.28237102970825
t4	1.94537871191645	1.94537871191645
t5	7.81519870073335	6.74012903234101
t10	7.16356792410267	7.16356792410267
t12	4.03218727107193	2.21606282779901
t13	3.12562933456226	3.12562933456226
t14	5.53967308533028	5.53967308533028
t15	2.3329192730112	0.454218689133397
t16	2.86484823989724	0.57934442652121
t17	1.13800080254502	1.13800080254502
t19	5.54051507264376	1.94410640329825
t20	0.756802955208876	0.756802955208876
t22	1.93853079200134	1.93853079200134
