taxon	max_age	min_age
t1	9.82990968358206	9.3511525061025
t2	5.97902328548431	1.40265976695663
t3	3.03327550501074	0.588407388903565
t4	3.58434179049378	0.191189148880451
t5	3.07202702694982	0.365393879424138
t6	1.84446492867387	1.32203474810189
t11	6.02510560342451	1.14667418719441
t17	3.9881813861495	0.925165755820801
t19	0.126043804884947	0.126043804884947
t20	1.07490872450829	1.07490872450829
t27	0.155287175403036	0.155287175403036
