taxon	max_age	min_age
t1	1.80365366903233	0
t3	7.12949680940559	0
t4	4.53439821644376	0
t5	0.227298747545683	0
t6	1.86468229117631	0
t8	4.20446048970367	0
t9	5.60750601082749	0
t10	3.70740238266687	0
t12	5.13190702083554	0
t13	5.24246927615779	5.24246927615779
t14	1.4132442342276	0
