taxon	max_age	min_age
t1	4.25339799402348	3.8715186842103
t2	6.14424978521151	1.21071009117642
t3	8.10915204541137	7.01148774173792
t4	4.50961818305478	4.50961818305478
t5	3.02959448131949	0.760808235064001
t8	2.68774839442567	2.68774839442567
t9	2.53450771679532	0.195935031022421
t11	1.81906709688832	1.81906709688832
t12	4.04370930215067	0.464268098865368
t13	2.16164036667939	2.16164036667939
t17	1.79863179256759	1.79863179256759
t19	3.17364825725899	1.3728606857518
t22	2.54444093932088	2.54444093932088
t29	2.78392084020807	0.522404484609098
t31	0.384946858339966	0.384946858339966
t32	0.122220233983713	0.122220233983713
