taxon	max_age	min_age
t1	7.56181218548173	4.89429969551811
t2	9.22618781061222	0
t4	1.30955266919866	0
t5	4.30531964621731	1.91569763587892
t7	5.42486303936198	0
t8	6.97142963223908	0
t9	3.7243066245371	1.88663416060844
t10	1.59019653980224	0
t12	7.35144783219086	7.21611139617003
t14	2.90499441992282	2.90499441992282
t17	3.4043057844269	0
t20	2.79060325724918	0
t21	3.97756294384129	0
t24	1.28826293119026	0
t32	1.67593808970295	0
