taxon	max_age	min_age
t1	6.84008513901726	4.36959415245979
t2	8.2048865283529	8.2048865283529
t3	4.87616874822491	4.11519345751418
t5	3.12456145316619	0.720977908615529
t6	3.86771383764839	2.71077925564096
t7	4.41997120843001	4.41997120843001
t9	7.36832347157301	2.83845183708188
t11	4.1287029007605	2.57592694531195
t12	0.354383637865428	0.354383637865428
t14	5.17520315873813	0.166179599428011
t15	2.22297864598321	1.10646472410398
t16	3.51565744458618	0.0808139958041743
t19	4.36358609375115	4.36358609375115
t20	0.461392941005961	0.461392941005961
t21	2.94019187114433	2.94019187114433
t23	5.87000227643157	5.87000227643157
t24	3.63931683660827	0.934987498202696
t26	1.0897784511562	1.0897784511562
t31	2.63140807491826	2.02035667472618
t32	0.0108319185713306	0.0108319185713306
t35	4.35051459385191	4.35051459385191
t36	4.51437573430984	4.51437573430984
t39	1.87809906239259	1.87809906239259
t42	1.05193423852027	1.05193423852027
t43	2.22638416201907	0.870301312422615
t44	0.00551002977695525	0.00551002977695525
t45	0.569287366585135	0.569287366585135
t46	2.67287819103623	2.67287819103623
t47	4.58127311065233	4.58127311065233
t48	1.47115967683907	1.45216923180272
t51	3.46712555847773	1.98972329878288
t54	0.0905277825241395	0.0905277825241395
t57	4.61560776057573	1.40092011710538
t58	0.266878831252939	0.266878831252939
t59	3.80922343503035	3.80922343503035
t65	0.405836097327807	0.405836097327807
t66	1.66170800369834	0.247547753322673
t68	3.85061604551924	2.0400515846655
t73	2.02988383783379	2.02988383783379
t76	0.882646109424837	0.882646109424837
t77	2.8459575149824	2.8459575149824
t78	0.0429573525268196	0.0429573525268196
t82	0.805600319280751	0.805600319280751
t83	1.61494538763462	1.40405316091816
t84	0.167279601094076	0.167279601094076
