taxon	max_age	min_age
t1	9.7397193343689	0.74301384590796
t2	2.59071802748434	0.552494360103625
t3	1.00643430709284	1.00643430709284
t5	5.34103706338495	5.34103706338495
t7	0.875125466992353	0.875125466992353
t9	4.11453583241171	4.11453583241171
t12	1.69104531503523	0.357424144262195
t13	1.07090852406563	1.07090852406563
t15	3.94541102320939	3.94541102320939
t16	5.5670839199731	5.5670839199731
t18	1.46240997950494	1.46240997950494
t19	1.47825068512395	1.41310165996253
t24	0.189238097270243	0.0791873578602207
