taxon	fad	lad
t1	3.32384329289198	3.32384329289198
t2	4.73198956965158	4.73198956965158
t4	7.0823539975252	6.64940031239179
t5	1.69489569185922	1.69489569185922
t6	3.42869956960108	3.42869956960108
t9	3.72882571226607	3.72882571226607
t14	0.0259690233302692	0.0259690233302692
t15	0.857845321122067	0.857845321122067
t16	3.51379638692985	3.51379638692985
t31	0.865952347715695	0.865952347715695
t32	1.02065318729728	1.02065318729728
