taxon	fad	lad
t1	7.90418944239758	7.90418944239758
t2	5.71377628172437	5.71377628172437
t3	6.10782911535352	6.10782911535352
t5	2.49341722302366	2.49341722302366
t8	2.0826222828411	2.0826222828411
t11	2.9840882435998	2.9840882435998
t12	3.91448070881875	3.91448070881875
t15	2.14702336444319	2.14702336444319
t20	1.38191647021391	1.38191647021391
t22	1.81664818469303	1.81664818469303
t23	2.13076401008125	0.135280090791374
t25	0.140905245874619	0.140905245874619
