taxon	fad	lad
t1	9.35667975808295	3.14064732755336
t3	3.52993066086696	3.52993066086696
t6	6.93819320872559	3.68475108984991
t8	4.34828816732343	4.34828816732343
t13	1.05683133367666	1.05683133367666
t14	1.93984546207464	1.93984546207464
t15	1.54454606107548	1.54454606107548
t18	0.233176222312387	0.174995616319713
t19	0.455406323835335	0.455406323835335
t25	0.838291695139025	0.838291695139025
t32	0.376735572809045	0.376735572809045
