taxon	fad	lad
t3	8.51259885821491	8.51259885821491
t8	4.50803956072584	4.50803956072584
t9	2.64868423432718	2.64868423432718
t12	3.07085281251963	3.07085281251963
t13	0.740848898054413	0.740848898054413
t14	1.78782168168918	0.199971146618047
t20	3.69999302810387	3.69999302810387
t22	1.02348051629468	1.02348051629468
t25	1.22225187577651	1.22225187577651
t30	0.245181681213733	0.245181681213733
t32	4.43621288448246	4.43621288448246
t44	4.08521501784444	4.08521501784444
