taxon	fad	lad
t2	7.59295165073127	7.59295165073127
t3	3.60740514316907	0.10674528622379
t4	5.66374705829191	5.66374705829191
t15	6.57235525575982	6.57235525575982
t16	5.02982896787141	4.89156252726147
t19	0.623630120728688	0.623630120728688
t21	2.99432414495241	2.99432414495241
t29	5.42105320863377	5.42105320863377
t30	5.57163736038888	5.57163736038888
t34	2.50093575722155	2.50093575722155
t35	0.713155676299607	0.713155676299607
