taxon	fad	lad
t1	7.80089775931262	7.80089775931262
t3	6.71062542139586	6.71062542139586
t5	2.73624670987566	2.73624670987566
t7	4.75396718540726	4.75396718540726
t9	1.22311755131843	1.22311755131843
t15	0.830218876529923	0.830218876529923
t25	0.117080570635164	0.117080570635164
t31	0.603574530199214	0.603574530199214
t35	1.60546857486928	1.60546857486928
t40	1.89880908499758	1.89880908499758
t42	0.190865345726147	0.190865345726147
