taxon	fad	lad
t1	18.7409999442752	14.7345581092769
t2	17.4618968407071	5.04613649689048
t3	12.9243892607232	10.6191728293583
t7	4.41698627454117	0.559249533092903
t8	2.15987164578624	2.15987164578624
t9	12.835977362847	8.24035201955737
t10	8.96777668393861	1.37659880592669
t11	9.56324937867387	0.667493282049168
t12	7.0487887323661	5.31170548460837
t13	6.94664059929438	1.2402463500361
t16	12.0316740455994	4.32500530378307
t17	5.4198022358832	2.56154598907536
t18	1.70231627011076	1.70231627011076
t19	5.02739195281675	4.71398695002587
t20	1.89684599260558	1.00135666755718
t21	2.1942625488515	0.830211619882569
t22	6.09691756544849	6.09691756544849
t25	3.03152826522099	1.93453484688799
t26	4.13984578659433	1.98383528597328
t27	4.1129584846354	0.650064562645305
t28	3.07714807091621	3.07714807091621
t30	1.36417326543296	1.11737016601989
t32	3.47848764345706	1.09548614863868
t33	1.27946783799126	1.27946783799126
t37	9.49805728089747	9.49805728089747
t38	7.95677236132655	1.41086726536466
t39	1.68313205733349	1.68313205733349
t40	4.70348086298591	4.11678108022468
t41	0.793809875991474	0.793809875991474
t42	1.70281583733356	1.70281583733356
t44	2.2433551041152	0.430609900618308
t45	0.507776033437452	0.507776033437452
t48	1.16876646312583	1.16876646312583
t50	6.9202454115754	5.67401555553321
t51	6.06923569480983	6.06923569480983
t53	8.46050647521763	1.21736737152711
t57	6.20300331525563	2.57386268616039
t58	1.49526133814664	1.49526133814664
t60	3.03869993504409	3.03869993504409
t63	4.33843557488569	4.33843557488569
t64	3.84545399584752	1.64347788414392
t67	5.8455578374341	0.649318049084279
t69	6.55047229316713	0.403518377200019
t75	5.93304372020877	5.93304372020877
t78	1.55732068145293	0.98706864237024
t79	1.14982190143583	1.14982190143583
t83	2.20158549174114	2.20158549174114
t84	0.537213179079156	0.0136696013022011
t85	1.51459535419633	0.556905325024104
t86	1.29289837972831	1.29289837972831
t88	2.3725286405825	2.3725286405825
