taxon	max_age	min_age
t1	15.0827281179144	10.476779032348
t2	14.9533236437307	14.9533236437307
t4	14.5662059427031	14.5662059427031
t5	9.77680106769058	9.77680106769058
t8	10.9325298073206	10.9325298073206
t9	11.8868460872764	3.06209006691278
t10	6.24333554702012	6.24333554702012
t11	11.1428631278183	5.7931249455511
t12	9.01106652678008	9.01106652678008
t13	3.22682608677426	2.65139655852111
t14	3.11744393724369	1.95421195881793
t15	2.93960679033191	2.93960679033191
t16	10.9215413975647	7.11917001819602
t17	11.7588444245822	3.90921087788555
t19	8.94616360790847	3.24275413913056
t20	8.85553796208283	2.39618314116597
t21	6.22470628188465	0.612855881639401
t22	5.44818710797319	5.44818710797319
t23	6.84562483954745	3.59129569429216
t24	1.29658310409215	1.29658310409215
t27	7.76378650208953	3.01124776376014
t28	6.52354683950561	6.52354683950561
t29	1.96071213317326	1.96071213317326
t32	0.939007556883126	0.733148145285416
t34	7.14143556258887	2.72844249020441
t35	7.27425030796608	1.57556188798983
t36	7.19518355069812	6.29519705636556
t37	4.39737966196464	4.39737966196464
t43	0.648809110016806	0.648809110016806
t44	8.84802377704702	7.63491281230174
t45	2.20980548570486	0.311698153157273
t47	3.95065860323038	3.17450777721361
t48	1.64834973174198	0.434005371109162
t49	0.236924094717818	0.236924094717818
t50	5.71874975834119	2.91286524537354
t52	2.41530270274313	0.822870339000101
t54	2.16919116924402	2.16919116924402
t56	1.48239803818939	1.48239803818939
t61	2.30460541967145	0.599441767594133
t62	1.21665368004936	1.1079394648779
t63	0.834317316186247	0.834317316186247
t64	1.72607908572588	1.55053331221068
t65	2.46531003288919	0.0117041938229256
t72	2.18226306479587	2.18226306479587
t76	0.579999293039577	0.579999293039577
t77	1.0412455100953	1.0412455100953
t81	0.579407581588278	0.579407581588278
