taxon	max_age	min_age
t1	19.686807236867	9.52633584377773
t2	9.261878192294	8.14053886347411
t3	10.2650105546376	0.990899039110282
t4	9.27784690250401	2.66126094500134
t5	2.05969105555168	2.05969105555168
t6	1.69456124461365	0.724143054495723
t9	6.09583588298493	6.09583588298493
t10	1.88775144201217	1.6636240643452
t11	1.8794373713323	1.8794373713323
t13	0.00891113728503257	0.00891113728503257
t14	0.852457025525453	0.0855415945121223
