taxon	max_age	min_age
t1	19.8854498115084	10.7401832102845
t2	16.5770796620629	3.22563945197137
t4	10.9843584797532	6.71987565200109
t6	14.3028410494486	14.3028410494486
t7	3.43865011585283	3.43865011585283
t8	1.44239454726512	1.44239454726512
t9	11.5006883400704	0.0237235949173673
t10	8.80852571352321	1.84298711181565
t11	4.69766999859804	4.69766999859804
t12	0.780655449279148	0.780655449279148
t13	0.320975003360925	0.10925533069965
t14	14.6896918844482	13.2725712743173
t17	4.81111158051971	4.70595878798958
t18	3.42715611388108	3.42715611388108
t20	1.442808812393	1.41887873242435
t21	9.83718811920491	8.32834226323252
t22	7.22162893854971	7.22162893854971
t23	1.43686857661056	0.287396179091285
t24	4.35394327599605	3.87802166609143
t27	8.48330114877177	6.25810580552243
t28	8.25662926419967	0.183928602209164
t35	5.78054944729089	4.61733159120782
t37	0.406528857891317	0.406528857891317
t39	8.64092601625736	6.2088122211818
t40	2.77875316171396	2.72893057258257
t44	1.17821511138353	0.112724241148026
t45	5.35375958354475	5.05068878107485
t46	0.249204656114745	0.249204656114745
t47	0.41840773096914	0.41840773096914
t48	0.588972062925638	0.588972062925638
t50	4.95599361711037	1.0432501848731
t51	0.405428608161206	0.405428608161206
t52	4.8992172864431	1.84543140368852
t56	2.9964986767101	0.392828467168901
t58	4.27524131152633	4.27524131152633
t62	2.72007481071022	2.72007481071022
t64	0.236168487842612	0.236168487842612
t65	0.411314640675069	0.411314640675069
t66	6.07034083942873	2.10849602341601
t69	1.07900272949067	1.07900272949067
t71	0.596281539883261	0.127684974046144
t74	2.0867486286457	0.212453709788896
t75	0.489228384933334	0.489228384933334
t78	0.550340697388005	0.550340697388005
