taxon	max_age	min_age
t1	19.8557484541974	7.42564800214713
t5	11.4516106861329	9.03583417790216
t6	9.97572490603234	0.0823284601385303
t7	9.34464977844281	0.167167724717068
t8	7.02829982726394	2.777165928758
t9	7.36540867464625	5.12248269508859
t11	8.07366729762135	1.80918840094925
t13	2.03980513522474	0.814106026897935
t14	4.20397891326623	3.0604823309203
t15	1.07593388669266	0.587541526417045
t16	7.26888027762692	1.88277022003064
t17	3.93864894903927	1.92328328895371
t18	4.27242754805948	4.27242754805948
t19	2.3211077712627	1.63780835877749
t20	1.9708900194647	1.9708900194647
t22	4.18594315452428	2.22929976211951
t24	3.88402166891149	3.88402166891149
t30	0.00722009823282832	0.00722009823282832
t31	0.708561605203066	0.708561605203066
t32	0.903183409391737	0.903183409391737
t34	0.876644885686392	0.0689839960625704
t35	1.0910625665396	0.590097446967242
t37	4.04682040717379	2.84041913612672
t42	3.45919044570303	3.45919044570303
t43	1.7738448872032	1.13084635356144
t44	2.63443769236541	2.26265079156941
t49	1.20492330433692	0.393440470079067
