taxon	max_age	min_age
t1	15.5554442715138	4.14418748428566
t2	17.1969746499478	17.1969746499478
t3	5.09879184173725	3.9020141526994
t4	4.48159217654154	3.39504117664307
t5	0.450412862199975	0.0139253686290814
t7	9.90029547202336	5.98725114343208
t8	5.14613606773906	4.56358621867962
t10	0.616129370253379	0.616129370253379
t11	1.25212513552695	1.25212513552695
t13	5.13038421468166	5.13038421468166
t15	1.92373584609563	1.92373584609563
t16	2.4811818480971	0.404817026281417
t17	14.7431583536115	12.503856182652
t18	9.4751509355256	4.36321341472243
t20	2.82387643471328	1.7861536995132
t22	2.35824348703875	2.35824348703875
t23	1.68260043274149	0.185226154867571
t26	1.84934437746973	1.84934437746973
t27	2.35789258737908	1.06044302002387
t30	0.810706628581546	0.810706628581546
t34	13.7597353975779	0.801278489094223
t35	6.67611009005747	6.15330614296078
t36	7.02945865526775	3.01494396708539
t39	2.11764851693665	2.11764851693665
t40	1.24742438682122	1.24742438682122
t42	0.0196913395638596	0.0196913395638596
t47	14.0081874282604	14.0081874282604
t49	3.3993950437908	1.09208958575304
t50	1.13974601046142	1.13974601046142
t53	2.18707844157079	0.399312066661469
t54	2.27092873036537	2.27092873036537
t55	1.3840204309707	0.436074402652444
t56	0.792157284763714	0.56414303401213
t57	0.188265092503723	0.188265092503723
t58	0.256335480977125	0.256335480977125
t60	12.9074592909882	0.0581538725175932
t62	2.27603212058363	1.85822625121852
t63	3.41107214554585	0.836175224046656
t65	2.91864993754477	2.91864993754477
t72	8.06196993446141	8.06196993446141
t73	4.64433096146628	1.38900871894997
t76	0.00538665688891982	0.00538665688891982
t78	1.93359405696367	1.93359405696367
t79	0.747480391371148	0.601205054051327
t82	1.8456041515761	0.697778242728951
t83	0.597483014156612	0.597483014156612
t85	3.25719321812429	2.04724051607698
t87	0.926006865061726	0.926006865061726
