taxon	max_age	min_age
t1	17.3646830815009	14.4607194934278
t2	18.7897359369077	18.3258099405324
t3	16.4763590596461	2.96555355358052
t5	12.3857231036248	6.22779753471538
t9	10.0237212382211	2.11230893251122
t11	6.79596986112706	1.42461671122455
t12	2.98727840098002	0.772307160561127
t13	10.9733757260372	2.48751681436598
t14	8.65041693865815	8.65041693865815
t16	4.61371092024237	4.61371092024237
t18	4.49914971575929	1.70060607930502
t20	2.68582363028156	1.20662536003704
t21	1.19117536191285	1.19117536191285
t22	6.28426791563766	0.174515047778371
t23	1.94056121388791	1.5423889455628
t24	4.31545215977985	4.25414895608719
t25	4.01790864423364	3.24938137524246
t28	0.0996969943600767	0.0996969943600767
t30	10.0174411653865	8.31881689568703
t31	3.96962452217563	3.96962452217563
t33	6.63390208685366	6.63390208685366
t34	6.79697158348404	6.79697158348404
t35	1.35394618627308	1.35394618627308
t37	3.27674654941191	2.85634216084262
t38	2.44082918338348	0.0984708284387423
t39	1.47038076263416	1.47038076263416
t40	3.35419507280931	1.23300508249692
t43	2.20835757168	1.90496915973332
t46	2.10882668856047	2.10882668856047
t48	9.994195421897	7.37100706820377
t49	7.68265344829116	5.39866511056017
t50	8.63903643360342	2.4512011520672
t51	5.10735524334987	3.77994268765715
t52	3.36486153950111	3.36486153950111
t54	6.34435718693714	6.20040492887312
t55	2.88658080370056	2.88658080370056
t56	2.23394436964398	2.23394436964398
t61	1.67421147429974	0.344176958612948
t64	0.984370928340955	0.984370928340955
t65	0.074928138142532	0.074928138142532
