taxon	fad	lad
t3	7.08708646997974	2.33128366527376
t4	5.3903248507091	4.67257355834734
t5	2.31915780121345	2.31915780121345
t6	5.06058551501738	2.85098807838973
t7	5.01834422584218	5.01834422584218
t8	5.85922539433726	1.53051051214322
t9	4.25648985982875	0.152176686327023
t10	1.08781032237326	1.08781032237326
t13	3.12712482647709	3.12712482647709
t14	3.8959527997962	3.8959527997962
t15	4.06340104047811	0.0883198748390654
t16	4.65896365346863	0.272474917311964
t17	5.06558274275676	5.06558274275676
t18	1.13178354579352	0.100509627256718
t19	3.60881260679008	0.7577256382991
t20	5.98183592875251	5.98183592875251
t21	2.42054343727562	2.42054343727562
t23	0.776914792707778	0.776914792707778
