taxon	fad	lad
t1	9.31362275965512	1.80448683910629
t2	8.05282674691686	1.58751776731268
t4	2.4404969034503	2.4404969034503
t5	2.45182463357383	2.45182463357383
t7	4.99526715795967	2.64302465896663
t8	6.37973053371517	0.732947608850466
t9	4.21922679032104	0.570268045669424
t10	5.51584958932409	2.36428722082599
t12	6.69032331482261	4.43341776033927
t15	4.73734268770818	4.56432484766466
t16	7.06612020975142	0.876496854269377
t17	0.085315792116095	0.085315792116095
t18	5.01227924906603	3.1495134345779
t19	3.28946850292152	2.13151021734889
t20	4.74281418862843	4.74281418862843
t21	3.85573211589957	1.54062922539262
t22	2.71886498396361	0.219338601584102
t24	1.20457361683463	1.20457361683463
t25	2.94557869696233	2.94557869696233
t27	4.0211600377158	4.0211600377158
t28	2.721845086074	0.0270789464623977
t29	1.0786259990858	0.515193737357103
t31	0.440160719282776	0.0485477785044406
