taxon	fad	lad
t1	8.78879187162966	2.57655329084988
t4	3.91109683879144	1.94226168579536
t5	2.74376604236539	2.74376604236539
t6	0.613391881015376	0.613391881015376
t7	8.4591659967436	1.61138999365106
t9	3.90681071711788	3.90681071711788
t14	4.8150187328534	0.981075704990454
t15	3.44001151396859	2.25677416590629
t17	6.0173547380089	4.67114757936887
t18	4.11261757900758	1.87310908209973
t19	2.83069455439476	1.5092614439217
t20	3.62479051209508	3.62479051209508
