taxon	max_age	min_age
t1	2.795511627369	0
t2	9.27331213312777	6.50827038018853
t3	7.01593441059773	7.01593441059773
t5	1.87118655640562	0
t9	4.2722413124974	0
t10	4.85536427755707	0
t11	0.253648328963877	0
t12	2.56210369252748	1.86142998476661
t13	2.7542504358854	2.7542504358854
t14	2.17397991148964	1.79581078046765
t15	0.572909427960356	0
