taxon	max_age	min_age
t1	6.06965267423884	0.737589192641128
t2	8.03137032937055	0.0896216429051826
t3	6.922392402681	1.28233726706394
t4	4.33276230137288	1.20853552587167
t5	2.35335112906933	2.35335112906933
t6	0.000406562128889121	0.000406562128889121
t8	3.22457979401368	1.23568666601348
t12	4.79106462486621	4.79106462486621
t13	7.95078756610959	7.95078756610959
t15	0.802746805056644	0.305838244476121
t16	4.77424313255697	3.35497574116559
t17	5.41824950272527	5.41824950272527
