taxon	max_age	min_age
t1	9.75965443638541	0
t2	6.03460291358398	0
t3	8.60730116326332	0
t5	3.44906677610958	3.44906677610958
t6	5.95409377626221	0
t7	7.2905670447716	0
t10	0.628796831887879	0
t11	6.70405550524816	6.70405550524816
t13	2.97906395633045	0
t15	4.22120968574843	0
t16	6.26367234534785	6.26367234534785
t17	3.0856827101501	0
