taxon	fad	lad
t1	9.24738363207628	1.19976259175134
t2	6.49560974125787	3.26679182399134
t4	5.35583842374729	5.35583842374729
t5	0.945108007184444	0.145058585806964
t6	0.805353624900732	0.759811687404717
t8	8.92705987421981	3.92202714091254
t9	6.15286691683741	4.96170900740728
t10	5.29968258217982	3.24783389215431
t11	4.81513033346442	2.95196296993501
t13	2.90053270951818	1.74517198968988
t14	3.57838862128115	3.57838862128115
t15	2.30913459785006	2.30913459785006
t16	5.05589371552398	2.80125107007722
t17	0.359022411998705	0.359022411998705
t18	4.79044063364335	0.687767404332405
t20	1.40758858772513	1.40758858772513
t21	3.68406140679911	3.68406140679911
