taxon	fad	lad
t1	9.58203605376184	5.66367957258681
t2	8.99901780068232	2.63937003048121
t3	8.15294007721502	4.6909632200839
t5	5.96387450748082	4.32987318073358
t6	6.81927694025096	6.81927694025096
t7	0.448555642037995	0.448555642037995
t8	7.3584140848608	7.3584140848608
t9	5.61289416731296	5.61289416731296
t10	6.28250307358807	2.21558821952136
t11	4.78089534786762	4.78089534786762
t13	7.56103531663627	1.48166048250205
t20	5.10347658150607	0.381962265991266
t21	5.97743264814464	5.97743264814464
t22	5.64857212003188	1.41856290426445
t24	1.91830971468895	1.91830971468895
t25	5.80455934153016	0.535330743086414
t28	5.83553035544488	1.02945138529266
t29	1.69360942753715	1.69360942753715
t31	6.41240508250717	1.39256629230254
