taxon	max_age	min_age
t1	5.05108845137747	0
t2	6.9922358187378	6.9922358187378
t3	8.3821940332719	1.02246588262692
t4	5.64911458383657	4.60856222777415
t7	5.77899136941832	0
t10	4.06086539548129	3.63370820578426
t12	4.01558479639157	0
t15	3.16706337642755	0
t17	3.95630170940447	1.66400116131046
t18	2.97410073749032	0
t19	3.78009457375297	0
t21	0.818921969592598	0
