taxon	max_age	min_age
t1	9.9874384701252	5.05214188275925
t2	6.37417772174166	6.37417772174166
t3	4.82632806268828	0
t4	6.18655612452753	0
t5	8.18350805662403	2.94347490603722
t6	4.92280001466737	4.92280001466737
t7	3.85974732560644	0
t8	5.13246651304384	2.59467694395724
t9	2.36119158451373	2.36119158451373
t11	3.78900121499474	0
t13	5.04409526570448	0
t14	4.28040489273683	4.28040489273683
t15	1.15948812905777	0
t16	0.618717423409926	0
t17	1.51725425687555	0
t21	2.18791426411766	0
