taxon	max_age	min_age
t1	27.9548038868234	23.4898128267378
t2	21.9239148902555	21.9239148902555
t3	20.0099080460925	5.37555753619854
t6	15.5897518210059	15.5897518210059
t7	18.0370753633796	18.0370753633796
t8	7.84261457240408	0.899863155887655
t9	12.4043000805116	12.4043000805116
t14	19.0610004380912	19.0610004380912
t24	8.28301911330568	8.28301911330568
t26	11.8376493362701	11.8376493362701
t27	8.13778944900867	8.13778944900867
t32	5.34140960232019	5.34140960232019
t37	11.758747010787	11.758747010787
t44	0.689106520833526	0.689106520833526
t46	8.10855507596218	8.10855507596218
t47	0.316540975482976	0.316540975482976
t48	1.34153860929032	1.34153860929032
t49	5.48156046490281	5.48156046490281
t50	4.57688629363903	4.57688629363903
t54	1.76433563583349	1.76433563583349
t58	4.31377975184947	4.31377975184947
t62	3.3650926581329	3.3650926581329
t63	1.53789972823188	1.53789972823188
t64	1.69954368978391	1.69954368978391
t65	0.00869837412883712	0.00869837412883712
t74	2.85798107029973	0.318295489991776
t76	0.880155032476029	0.880155032476029
