taxon	max_age	min_age
t1	29.2125694693277	15.2599741566175
t4	11.4978565057184	11.4978565057184
t5	9.78374210348913	9.78374210348913
t6	12.8549597780807	9.94192316621825
t8	8.44271321775	8.44271321775
t16	12.8871010244197	0.232187840606812
t19	7.38106102176294	3.84018722880915
t20	7.21687663616274	7.21687663616274
t23	2.6626745992231	2.6626745992231
t27	12.0702797498815	10.8867388589568
t30	4.5016383817792	1.57793774403538
t32	8.88042514868707	8.88042514868707
t37	4.44516461338026	4.44516461338026
t38	6.04646659163464	0.261153492719398
t40	1.01670442078988	0.372621599812181
t41	5.01228060873569	5.01228060873569
t42	2.18597536250603	2.18597536250603
t45	3.67862917827809	3.67862917827809
t48	6.75854707561716	5.681508848968
t53	4.28012681773836	0.478526066271311
t61	10.7389457631879	10.7389457631879
t64	3.35699772508671	3.35699772508671
t71	13.2838175343318	2.61697854835136
t75	7.96688198598839	7.46305027621309
t79	1.09611300729543	1.09611300729543
t80	6.15869198743881	4.99751731459008
t81	2.87714576646071	2.87714576646071
t82	0.763759792494209	0.763759792494209
t83	2.06961795592728	2.06961795592728
t85	0.0463203057120971	0.0463203057120971
t90	1.76765139869559	1.76765139869559
t95	9.34432720759492	9.34432720759492
t100	0.28073861224637	0.28073861224637
t101	2.23173915369496	2.23173915369496
t103	3.4594232335479	3.4594232335479
t105	5.53155556188957	5.53155556188957
t106	3.8128606986587	3.8128606986587
t108	0.194109917719103	0.194109917719103
t111	1.49783514500923	1.49783514500923
t118	0.348629478371887	0.348629478371887
t119	0.858960840644723	0.858960840644723
t129	6.95526681625733	6.95526681625733
t141	0.773420706562202	0.773420706562202
t142	4.39290755440757	4.39290755440757
t143	3.53030324600376	3.10547898210324
t146	3.35152628171628	1.97752918853795
t149	1.59379592487539	1.59379592487539
t150	0.403444996333974	0.403444996333974
t152	2.45814166575019	1.25755803271477
t155	0.292315943103922	0.292315943103922
t162	2.06681201863694	2.06681201863694
t164	3.69791936734879	3.69791936734879
t166	9.72328814770471	9.72328814770471
t167	0.288936955637393	0.288936955637393
t178	2.32856451395601	2.32856451395601
t183	1.7881043085825	1.7881043085825
t184	4.3757627963941	4.3757627963941
t186	1.37666308923173	1.37666308923173
t202	8.00784626485292	2.83694380869601
t203	2.36563472975106	2.36563472975106
t212	3.10777510654483	3.10777510654483
t219	1.58202278303619	0.00468490055467186
t223	0.426936121042765	0.426936121042765
