taxon	fad	lad
t1	12.1603890698879	6.08878714412927
t2	10.6027512566973	10.1890388899124
t3	7.37297709614439	7.37297709614439
t5	1.09442574920659	0.846608019303599
t6	8.42374745487956	0.391532125590697
t7	9.64860588650596	0.0170840530878991
t8	8.77284410719797	7.40394195541466
t10	11.699941634749	6.64104690019935
t13	9.66015383024875	9.66015383024875
t17	0.769860752289162	0.729646034381954
t18	2.76809111268038	2.76809111268038
t19	2.8266044352937	2.20809271442277
