taxon	max_age	min_age
t1	26.7563976133475	26.3243798405775
t2	25.52041121712	24.4870367017636
t4	25.9801768753651	25.9801768753651
t5	22.9809258427922	22.9809258427922
t6	23.1156763384224	15.7099407655359
t7	14.5956211111791	10.481796402311
t9	8.6941387347519	8.6941387347519
t10	20.3550589349735	20.3550589349735
t11	17.7352304095087	16.0809838932782
t12	16.5883058174241	16.5883058174241
t13	14.3748006970788	8.90445505231384
t14	1.01547334497818	1.01547334497818
t16	7.19069528578845	0.0294504722117921
t17	7.07470565253426	2.80738838943521
t18	6.16578333005546	0.142088044453015
t20	3.41013839501347	3.41013839501347
t21	3.4688679343716	3.4688679343716
t22	4.42702014605254	4.42702014605254
t23	4.08718843323603	4.08718843323603
t25	2.20800961613914	2.20800961613914
t27	6.3596889943627	6.3596889943627
t28	4.29331928283624	2.28843696396122
t29	0.933771694134318	0.797137781149786
t31	4.04209385468629	3.79272374032201
t34	3.04750493827331	3.04750493827331
t35	1.2845755770595	0.637304140726553
t36	5.3483893282108	4.60510633985375
t37	3.81982429939637	0.952639000116189
t41	0.397474222421089	0.397474222421089
t45	1.52278932770334	1.29778699045621
