taxon	max_age	min_age
t1	29.2154016143953	15.2280794844963
t2	22.913443132346	19.4366080250552
t3	19.6080012177879	11.6583659337288
t4	18.9714600165619	13.20565498702
t5	19.4074879494427	15.8259067434281
t6	15.3621560206471	15.3621560206471
t9	8.38190382747284	7.48413125298601
t10	18.9584016635933	13.7353755773275
t12	7.99275600221457	2.91748546554845
t13	6.69131962004595	3.14425005013633
t14	5.98887566142399	3.121672409174
t16	3.47807307955513	3.47807307955513
t17	0.311956210122215	0.311956210122215
t19	3.14626016157021	3.14626016157021
t29	0.171170626839505	0.171170626839505
t34	3.03369219949595	3.03369219949595
t37	1.15350828313912	1.15350828313912
t38	0.411910346417969	0.411910346417969
t40	0.615843751218904	0.615843751218904
