taxon	fad	lad
t1	17.7079116304715	0.510790677789508
t2	13.7997177714689	0.662427715819586
t3	10.9799060453133	10.9799060453133
t5	13.098663012719	10.2010591582432
t6	6.80805612475609	6.80805612475609
t7	10.8850499083144	0.965107808830219
t8	12.5739844250286	9.33632906367524
t10	2.20303024761699	0.246407116911712
t12	11.3603973739168	11.3603973739168
t13	11.6058300683266	0.205038344053413
t15	6.35523968906493	6.35523968906493
t17	10.1377733187528	0.163635085362252
t20	4.68700378895256	1.80884120437457
