taxon	fad	lad
t1	16.3658574566404	12.7089928093373
t4	15.7168648919508	11.0906035052105
t6	16.7928104134339	16.7686774442655
t8	15.8536683004723	15.8536683004723
t10	15.2955028980583	14.0153905942649
t14	15.0065399230813	0.0657225425820016
t15	13.9749491402208	1.40324130496161
t16	15.6280961480104	7.38569802192918
t18	5.0469074142833	3.30769463836993
t19	4.15235224159992	2.24942899133947
t20	8.96642183462438	1.90832330238581
t21	13.0242471286319	13.0242471286319
t22	7.59319601215047	7.59319601215047
t23	3.68405549046109	1.95745859019915
t24	3.93928824140968	1.24572026473795
t25	12.8345407399979	3.35242285207068
t26	2.11180513508071	2.11180513508071
t27	11.6072478746273	9.78905888334654
t28	9.44709057154764	7.63133536880224
t29	7.61729569398142	7.61729569398142
t30	10.2396777574372	6.32888127567185
t33	11.4987834284619	8.62014535728344
t36	5.69366877236227	3.18505215732188
t37	8.78616143509915	8.78616143509915
t39	5.88446242866448	1.31113904673981
t41	3.41318096368641	2.02751151465257
t42	5.49843766484535	5.49843766484535
t44	6.11553288051453	6.11553288051453
t45	2.91434287740134	0.554613593912055
t46	6.37100753104164	6.37100753104164
t47	2.4453781210728	0.312093486162279
t49	2.03451144601935	0.00344885140442486
