taxon	fad	lad
t1	17.831095730265	17.831095730265
t2	16.6633273505071	4.44241266180258
t3	13.7764485746127	13.7764485746127
t5	15.6323820640201	5.9789268761127
t6	11.740924492813	1.13048894188368
t8	9.53524286225185	9.53524286225185
t10	10.0922270725473	2.72156283338271
t11	8.19508448168794	4.66587446886382
t13	10.0808337407929	7.15868319367877
t14	10.5608614355182	10.5608614355182
t15	10.1886588196168	2.41782186620384
t16	9.93512567072987	9.93512567072987
t18	2.72914218602867	2.72914218602867
