taxon	fad	lad
t1	19.4327885269498	15.6886467758104
t2	18.2586554807064	17.9864877676355
t3	18.15125621312	7.66765098517565
t4	15.8887801382324	15.8887801382324
t6	2.2070822805506	2.2070822805506
t7	8.15734048497109	0.47990789463643
t8	5.75600270814783	5.5255946413562
t9	16.3779181582838	13.3114737411325
t10	9.76466428310351	9.76466428310351
t11	7.90288068476445	2.42347722653478
t12	14.0816661131329	4.31852838824422
t13	14.3496551262291	14.3496551262291
t15	9.73496600010341	0.654276072339549
t16	7.29001065263567	0.282565981250098
t17	1.04814168802893	1.04814168802893
t19	17.1845137896771	8.88514366143575
t20	5.87047915169583	5.87047915169583
t21	3.35586456855285	1.11997727733253
t23	11.7220034227301	7.77561613640384
t26	11.9401218600274	7.41389563206907
t27	10.4807418524538	9.26258618961415
t28	2.87067095045828	2.87067095045828
t29	4.22993874104442	2.19828938992442
t30	4.69759733631854	0.625930938372914
t32	8.83084809505059	8.83084809505059
t36	5.20361290870981	5.20361290870981
t37	11.2676612273535	5.50771590076225
t39	10.6155275277176	9.91029431608851
t41	2.24016467095694	2.24016467095694
t44	11.7958137723646	1.14093113739433
t45	8.44147400133555	3.61071357976334
t47	0.0471750506523989	0.0471750506523989
t48	0.712917813036853	0.679600114332668
t49	2.35021633983707	2.35021633983707
t51	9.85707200127258	0.650986206841917
t52	8.71871144387853	8.71871144387853
t54	4.00689039505059	0.337053333874842
t57	0.888037143270378	0.888037143270378
t58	2.36254979606254	2.36254979606254
