taxon	fad	lad
t1	17.1334525633762	16.1359411013782
t2	14.7016864012929	8.30229039400286
t3	9.21251272232248	3.65789820369342
t4	10.4036127336141	10.4036127336141
t5	14.1479711770453	2.65599662029957
t6	13.7646666972824	13.7646666972824
t7	11.6873550697796	3.97537775864967
t8	12.4746477465098	1.1736720538661
t9	12.7483692800121	12.7483692800121
t10	8.30884561161807	0.50483950741382
t11	8.9422964411982	1.5630094356465
t12	14.5061191049306	14.2774710573468
t13	14.6700738051563	13.6781620753586
t14	10.2653487333565	10.2653487333565
t16	10.5432463340306	10.5432463340306
t18	8.78245984338356	2.72026924762228
t21	7.68872790001615	2.3009658293523
t22	6.73328087062967	2.18367676593789
t23	6.77528639500296	5.83428497133524
t25	15.6090942260334	1.1480497182399
t26	13.0964442072124	8.37399582468581
t27	12.4814997118826	7.37397817943833
t29	9.94632697131483	9.09052323017267
t31	12.1061395019809	12.1061395019809
t32	11.8979368732057	11.8979368732057
t34	8.17942975198339	8.17942975198339
t37	9.42886497420532	9.42886497420532
t39	9.44315016796914	4.80028775751416
t41	10.533046067951	4.6164137474992
t43	4.82839247430745	4.82839247430745
t44	10.1121488130051	8.6639921702775
t45	10.3475208465075	10.3475208465075
t46	8.48949179293437	1.97591416185016
t49	9.6936211185577	0.448342365597124
t50	9.39149447864019	9.39149447864019
t51	8.67905108558018	0.389376904162553
t52	4.34331411516063	3.2688415122955
t53	10.1001140138003	10.1001140138003
t54	1.78981125917116	1.78981125917116
t55	3.06939825876037	1.28060374567753
t56	7.89305027180023	4.9856493521949
t57	7.53007871500764	7.53007871500764
t58	2.73974987145617	2.73974987145617
t61	2.66612430649177	1.51061001935031
t62	10.366624303191	0.824561514356144
t64	5.73602308287017	1.75765601171562
t65	5.92017090724311	5.05414000738289
t66	3.60475370152758	3.60475370152758
t68	1.4949342724523	1.06313357555833
t70	3.34258552905867	3.34258552905867
t72	10.6146565689871	4.96458902876066
t73	8.25808480956614	8.25808480956614
t74	8.0402080756377	1.26035976964836
t76	6.76859308700595	6.76859308700595
t77	2.40982425237144	2.40982425237144
t79	2.33247995032069	0.737844585721163
t84	0.418955586413542	0.225488657315573
