taxon	max_age	min_age
t1	13.1946435449341	11.8723065373957
t2	11.5379808965143	9.88542885187437
t3	11.0486950525206	6.03085677890875
t4	11.4859047296637	4.49113443650934
t5	9.6887999854328	3.43141326810572
t6	8.96352184982737	6.18582700129088
t9	0.198004366753146	0.198004366753146
t10	4.16309614163861	4.16309614163861
t11	0.0501440692425312	0.0501440692425312
t12	0.509644438405871	0.509644438405871
t13	1.40693009413111	0.0233238581852007
t14	7.73112389840655	2.53385339062233
