taxon	max_age	min_age
t1	16.7921821106601	11.8652710301892
t2	18.9495028491804	13.4683176690149
t3	15.6910160113173	13.1844389135065
t5	9.70987894099782	9.42221255655666
t6	8.78125353522411	2.91049914818144
t7	16.8093657491664	0.233389863010053
t8	16.8709359541102	0.619166525737654
t9	15.452630477352	0.3259477486551
t10	10.213314441661	8.10877058904121
t11	4.69587778913567	4.69587778913567
t13	11.9782494858038	11.9782494858038
t14	14.9662867481634	9.16468622314779
t15	9.2707725155754	5.42036772466234
t17	10.6393135661965	10.0224802872871
t19	0.376302687510712	0.376302687510712
t23	14.390657241282	8.94103621608923
t24	12.2277230167484	5.72708320711205
t27	8.41312176888729	8.41312176888729
t28	3.15569392361401	0.660896782152403
t30	4.11691825142657	2.97032476950342
t31	14.9055485633791	14.8583992683918
t32	10.7961002659241	10.7961002659241
t33	5.21267093324791	0.775970246850147
t34	5.79890375796763	0.258388413663056
t35	10.4881633783891	4.49296535803172
t36	12.8369271604279	2.06704751687227
t37	8.59380499813608	7.69237302534096
t38	5.87903079593081	5.87903079593081
t39	10.4717251311168	9.46395521459974
t41	10.0905325937458	10.0905325937458
t42	8.92260796488487	8.92260796488487
t44	6.53244121050633	5.73725795579003
t46	10.3045055375189	8.48068286288661
t47	11.639360259142	3.53219475300203
t48	6.79322053444983	0.218190986472305
t49	2.166184938982	2.03722568772472
t52	3.09863547950176	2.98535111099415
t54	5.32855302519576	1.40194204346117
t55	5.6060396936222	4.38425507804345
t58	12.4430764031995	1.82853003111022
t59	9.61185574749678	8.0280649994271
t60	0.617619070199648	0.00659891743215013
t62	12.2028701561049	8.70524552211139
t63	8.88907837066965	3.60891760937218
t64	7.57757402171113	0.0617511882768085
t66	4.60037486849241	0.267056284965157
t67	2.65989379578718	2.65989379578718
t70	5.00299714288286	5.00299714288286
t71	0.218416658953871	0.218416658953871
t74	9.81888040556519	9.81888040556519
t82	0.531515024843248	0.531515024843248
t83	1.83598303077147	1.83598303077147
t87	7.53190980160036	7.37030599254201
t88	10.3941303865659	1.51053877310542
t89	8.27828539663316	2.72565360444437
t90	5.7742043749712	1.77828023633675
t96	4.31673491779179	1.38522358476946
t100	6.05164861226915	2.37961892145135
