taxon	fad	lad
t1	19.2244140151888	14.1747647061019
t2	13.391531691323	1.09783030156529
t3	9.57932233389887	7.52248420974315
t5	12.1318040731106	9.64944751052096
t6	11.4219313770369	11.4219313770369
t7	2.73271202519016	0.386943885938155
t9	8.60100285059574	7.0716786065088
t12	12.3070632739304	12.3070632739304
t13	13.8578596520409	4.69981005200816
t15	11.8820529360054	10.5660860076276
t16	10.0928770293009	0.857990885029629
t17	4.19082267967433	1.10835058751276
t18	5.4699190093185	0.180031085526718
t19	7.67641935239054	6.77810582849947
t20	0.522520839336913	0.276100651651486
t21	10.8843436385828	10.8843436385828
t22	9.11442031645176	5.19152741974023
t23	5.96148263380554	5.96148263380554
t24	9.8553556368276	6.4916670736605
t26	0.359667367437019	0.359667367437019
t27	1.78772030334482	1.78772030334482
t28	0.56339667008617	0.0559746612240737
t33	8.8721712841081	1.19350700650237
t36	8.68736346061899	7.6865220112937
t37	8.03857699134075	1.904621494807
