taxon	max_age	min_age
t1	19.3105696436639	17.8251860383898
t2	12.3147763188415	2.56147590117014
t3	11.9435893450215	7.43278136655128
t4	11.4965048511182	11.4965048511182
t5	10.5307815883647	5.3994707980811
t6	7.2293957797108	7.2293957797108
t7	9.07310239495535	7.57669248608698
t10	8.40142497945834	4.02388166543447
t11	8.4535042563482	2.25245805299495
t14	9.84405768809053	8.72037337245875
t16	5.79805017559388	0.279779738850635
t17	0.588339030474305	0.588339030474305
t18	3.37770827810456	3.37770827810456
t20	7.31460229130641	1.45886159860265
