taxon	fad	lad
t1	19.0788688929752	18.9848607390498
t2	15.9612908496503	5.18727185219549
t3	14.8216480126855	5.09542174383202
t5	12.5766192582894	12.5766192582894
t6	11.1632952316306	4.84948392156465
t7	8.4737405770429	3.35902722887468
t9	8.94678998923137	0.160418882919117
t10	7.78330221135902	7.12496640381682
t12	10.2640563554367	0.485961837566681
t14	3.02465539504864	1.63042151293186
t15	5.14373579094452	5.14373579094452
t16	3.74250292006054	3.00723586856493
