taxon	max_age	min_age
t1	14.7128309867241	0.466008741440717
t2	17.1564525419291	0.987125008862318
t4	16.6070157615227	0.442003038676486
t5	4.2324164317744	4.2324164317744
t8	1.00469485885513	1.00469485885513
t9	12.6508255267572	7.81368200517723
t10	9.19775583087214	5.65546788667697
t11	0.843729774573635	0.843729774573635
t14	15.9558620531759	15.9558620531759
t15	12.5351779241214	10.2576904387623
t16	11.3584105103591	11.3584105103591
t17	14.4869094134447	1.50348587513189
t18	11.5663623027831	7.53184983826898
t19	4.55726743186503	0.254488269081566
t21	8.19275508844101	8.19275508844101
t26	11.5760034266532	2.07039695150709
t28	2.05984872683901	1.95648551681408
t33	9.90681025938435	2.92878971656413
t34	10.8415688933912	0.405732483384238
t35	11.1755891694378	2.50064031486507
t36	13.7626780897812	4.98719192727755
t38	6.83963037183032	6.83963037183032
t39	5.64973653698694	3.0388603881099
t40	1.89121625017307	1.89121625017307
t41	4.71122352629557	1.93675117493918
t42	9.69451022404112	6.07635999492579
t45	1.39501613320049	1.39501613320049
t47	7.2921459246917	1.2916783364676
t48	5.8965976746773	5.8965976746773
t49	3.74962264151733	2.30595786690823
t50	3.16267656675454	1.46118663919693
t53	1.95742348950784	1.92136723931282
t55	5.07873612792518	1.68078480852137
t56	10.6845032146849	2.65912091508197
t57	11.7978433839388	10.7450503818723
t58	7.37633918587778	7.37633918587778
t60	8.74420208396693	0.733010827309631
t61	8.50416278623153	1.55195599126772
t62	1.94927247278179	1.41716577615376
t64	4.1721951954043	4.1721951954043
t65	11.7742330535756	2.85373081353656
t66	10.0393946040051	5.38952246683227
t68	0.064349017359433	0.064349017359433
t69	0.59778580148943	0.26986061612693
t70	8.04638793347876	8.04638793347876
t71	8.14123115772902	5.40239013536422
t72	8.84268196723885	8.84268196723885
t73	9.34162293016996	6.30485091745857
t74	2.90932774148646	2.90932774148646
t75	1.97687446070566	1.97687446070566
t76	5.17360616445149	5.17360616445149
t77	2.66470702430955	1.42172005139625
t78	4.63536761840958	4.63536761840958
t80	9.83826968747215	9.83826968747215
t81	7.73685442623971	5.48947897614268
t82	4.04409983094311	0.56676520878943
t84	7.63864550058062	7.63864550058062
t87	3.56083870392091	2.05096579019912
t88	0.781618793920984	0.781618793920984
t89	2.60123574589064	0.87115093533982
t91	7.28267022986029	1.07957061505974
