taxon	fad	lad
t2	17.7866701858328	8.43877855122794
t3	16.6424388227686	0.561128896395431
t4	11.2376259221653	3.10934962290012
t5	0.14759432489236	0.14759432489236
t7	12.9811111946794	0.483458138993015
t10	8.17008998853965	2.59497320761229
t15	4.70244753069282	4.34790276159251
t16	3.27453042024521	1.39642673020534
t17	2.7996277256775	2.7996277256775
t20	1.37269388635846	1.37269388635846
t21	2.46517697815186	2.46517697815186
t22	6.17761639638679	6.17761639638679
t26	0.775850737458398	0.775850737458398
t27	6.26246771372677	5.99686400428874
