taxon	max_age	min_age
t1	19.859226925361	11.2738229573715
t2	12.3902751087844	10.9340596014336
t4	15.6414834785591	2.41583939115353
t6	11.2828510593848	11.2828510593848
t7	6.90284783384697	6.90284783384697
t8	10.3573548828221	10.3573548828221
t9	7.77327551446363	2.51953101692343
t10	15.6821043484479	6.68735686985585
t11	13.1458117189819	9.73409753900347
t12	12.8314168441873	7.6203390527994
t13	11.7411897638152	0.904461508660429
t15	1.00005728327531	1.00005728327531
t17	6.82913632296027	6.76839688574364
t18	7.68400118013306	7.68400118013306
t21	11.4963080569947	7.49223133665086
t23	3.28454265133562	2.45792163764211
t24	5.38423683409107	0.0793487759173281
t27	9.49430857526766	1.691915892197
t32	9.26532622332632	1.65085521940189
t33	1.12022745657421	1.12022745657421
t34	0.497891582239092	0.497891582239092
t35	12.6088428999397	12.2738267354637
t36	3.14680961020721	0.995073329775643
t37	12.1182753571507	12.1182753571507
t38	6.24357624367496	0.61508213695495
t39	9.91550668424511	9.91550668424511
t42	4.21217667950094	4.21217667950094
t44	4.749430361485	2.89410425905934
t45	10.9225650184608	1.30412191316527
t46	6.06145379578362	6.06145379578362
t47	10.127777532984	1.90022989834553
