taxon	fad	lad
t2	16.716093756491	2.43480703124336
t3	15.895041291885	15.895041291885
t6	12.1241482843313	9.62393585669538
t8	9.69078258120302	3.75807752059376
t9	11.4930972653346	8.19692698095342
t10	11.6680532756265	11.2189782269428
t11	9.11513874594912	0.236665328934411
t12	14.5328847098361	14.5328847098361
t13	10.8806874113251	1.69405317958925
t14	12.5309593631523	12.5309593631523
t15	12.2488629548052	0.406401771734654
t17	2.82800966147098	2.82800966147098
t18	10.1937615399483	10.1937615399483
t19	6.92718734929034	6.92718734929034
t23	1.92040965678313	1.92040965678313
t25	9.73120545482093	3.91335658256759
t28	11.7744464738678	9.26341605712016
t32	0.212184864278367	0.194962215152799
t34	0.214877212557052	0.214877212557052
t35	0.85605077791579	0.85605077791579
t36	3.78268362807423	3.78268362807423
t37	0.485944794282755	0.485944794282755
t38	2.5929691970349	2.5929691970349
