taxon	fad	lad
t1	17.9793294534708	2.74496055409307
t2	13.9561127909278	13.9561127909278
t4	10.5970555561865	9.49656884831284
t6	14.2317968750938	13.2542465631484
t7	12.0510493451088	12.0510493451088
t8	11.8640189944817	4.65033415642167
t10	16.0517923583058	14.8466525719488
t12	10.6496526467987	0.289342650147567
t13	12.0857821656516	10.3553205607584
t14	12.5858338658479	3.02858777697596
t16	1.37492877548068	1.37492877548068
t17	11.0413209571863	0.884326322670979
t22	10.4481528982693	1.79736796833508
t24	0.138554724242347	0.138554724242347
t26	8.0823749587954	7.46910709779918
t27	4.57089737277347	4.08818863862373
t28	5.1182640755823	5.1182640755823
t29	8.27694588678304	8.27694588678304
t32	5.17677438099941	5.17677438099941
t33	3.97959836772839	0.719367734748676
t35	1.55536283138021	1.0229352393128
