taxon	fad	lad
t2	16.6425373627042	16.5767034178768
t3	14.6375996464818	3.24804864846706
t4	10.997177602152	4.19001374628597
t5	14.4817714091748	12.6321908126632
t7	14.6083040075701	9.39259022438619
t8	6.00532674041436	4.80300897387958
t10	6.97847780453174	2.07465832116378
t11	13.7462554908886	13.7462554908886
t12	11.7592279016132	7.959503037355
t13	8.96046701533417	0.842230700573545
t16	13.6343941432106	7.48674398406462
t17	9.46648151309131	0.924347338154259
t19	10.9895800169451	6.70732585639281
t21	11.8287051029826	11.8287051029826
t22	10.8056909788184	10.8056909788184
t23	9.25672843404021	0.670305675229233
t24	9.65827660653384	0.505341341421428
t27	13.8591817182292	2.61327034204937
t28	12.9824631105305	10.4519056471485
t29	9.4219794356186	9.39830083389916
t30	5.03247698894713	5.03247698894713
t32	6.1311861480634	0.241581218368818
t33	3.37970525231715	0.186822745091753
t35	8.88936869569643	8.88936869569643
t36	0.907120826345331	0.907120826345331
t38	9.76384675724235	1.56051574349983
t40	3.18728261875196	3.18728261875196
t41	12.2934585145524	0.68473174644857
t42	10.7053035032846	10.7053035032846
t44	8.50792844953697	2.41767021408432
t45	6.67665416118729	5.00125300533179
t48	10.4304676139256	7.90899144081156
t52	8.94341531967172	8.94341531967172
t54	0.889240614773399	0.146255635697884
t55	9.91622786138676	1.32970527691615
t60	8.67991143731616	8.67991143731616
t62	0.0578231460185172	0.0578231460185172
t63	11.6406895805748	1.40434636681004
t66	8.20105005825297	8.20105005825297
t67	6.13526499639202	2.35311155534943
t68	4.42092671597535	4.42092671597535
