taxon	fad	lad
t1	19.7384986281395	13.832132126545
t2	16.1716389391538	16.1716389391538
t3	14.3975963929332	13.7968193154446
t4	10.9597491973306	10.9597491973306
t5	14.5016121619444	12.4523087144271
t7	7.9277347201177	5.9563838195891
t8	12.0913915733348	12.0913915733348
t10	12.7442262516384	11.0618559403683
t11	14.2612809348336	10.8788593161956
t12	6.42887424918834	6.42887424918834
t13	7.45723033878108	7.17829378214249
t15	12.9161910077345	12.9161910077345
t17	15.2904398791004	2.35992166660974
t18	13.6568300044083	6.19633673738
t20	0.944581627036964	0.944581627036964
t21	7.87529377486228	7.16871906291365
t24	7.48669993907286	2.18058132918696
t25	9.26729060741353	9.26729060741353
t26	8.54694906980085	1.73423941322644
t27	4.99060999266559	1.46586953340818
t28	0.863520348631731	0.0869531456389936
t29	2.24133068809792	1.67975381017588
t31	10.8202466513028	3.75549490676104
t32	8.81890452011904	8.81890452011904
t33	7.75671836440335	4.9460669677397
t34	5.30906494785773	3.90132120249644
t36	7.76389941335464	0.622864785680537
t37	8.62600454838947	7.63044270035674
t38	9.03477375594176	1.14031542521858
t39	6.09052741993669	5.24048380492084
t41	10.0344497676597	3.18674152756811
t42	1.05826771693295	1.05826771693295
t44	10.5864175600763	10.5864175600763
t45	6.74789157588364	6.45685595973414
t46	5.31554151772637	4.17034672243325
t47	5.86985849196768	0.565146714867513
t48	2.09344955068255	0.939600592480847
t49	6.92399244870227	1.96130133704657
t50	0.0986709132586228	0.0986709132586228
t51	5.99413085697928	3.62150725796343
t52	0.31105556302948	0.252763390809289
t55	6.1586308671907	5.92414316701131
t56	0.457990412109062	0.457990412109062
t59	3.50797828589088	2.56751641421081
