taxon	max_age	min_age
t1	18.5226347933834	18.5226347933834
t2	14.974300795357	9.35230564302403
t3	15.0571971000682	9.2948342357742
t5	9.13493949711052	8.62591426921117
t6	1.35662310683	0.393972080504994
t7	11.5693787950832	10.0701729378783
t8	16.8879600679963	13.9643307235553
t9	9.64953065328986	9.36284517038058
t10	4.29358296655503	4.29358296655503
t12	10.6034948335795	10.6034948335795
t14	13.8283753837387	9.1966650519696
t16	12.1867807063475	9.42132819535976
t17	5.3627868155557	2.66462940603923
t19	10.4374589119861	10.4374589119861
t20	4.66873021721587	4.66873021721587
t21	4.88633276916145	1.78964357915006
t23	12.2139520179874	0.825367677314578
t24	10.5737225809887	10.5737225809887
t25	7.59839534139283	4.56519142880437
t26	9.8947973603431	9.8947973603431
t27	12.0058291524041	11.9119847602238
t28	10.4430613603088	10.4430613603088
t29	6.64085970766756	3.12934743628893
t30	10.9374998534145	10.9374998534145
t31	9.4689787413658	9.4689787413658
t32	3.52398596559497	0.40209724578542
t33	7.87186816565429	7.87186816565429
t34	9.11878317155802	0.0291180618769822
t36	11.1883525541235	2.0619318486843
t37	2.43555516623989	0.526998519572466
t38	9.72173383493199	2.54226290842697
t40	7.69132660344526	1.53298674442845
t41	8.48870934564158	8.48870934564158
t43	10.3051570728569	10.3051570728569
t44	10.2067555192083	7.52110202782429
t50	5.88675290735081	1.21112548599291
t51	11.7384682749751	11.7384682749751
t52	5.66368649070137	4.17305719359481
t53	1.16809369907152	1.16809369907152
t54	1.50247448120752	0.714296259264042
t55	0.977397968057819	0.910264715577217
t56	0.878657586422715	0.878657586422715
t59	1.17199134134462	0.206284763418282
t61	0.501102318937342	0.501102318937342
t62	3.38852948805519	2.52410283763785
t63	8.97142236161088	8.19826942442959
t64	10.6033654114745	10.6033654114745
t65	7.0674317871043	4.26507333580493
t66	9.95291056344632	5.76891265129398
t67	8.74798723356294	5.0005033832462
t68	9.52864403586416	2.26407712310845
t69	4.8919414834597	1.73905825559375
t72	0.388922160113879	0.388922160113879
t73	7.5227477843343	1.05406459103243
t74	9.79620969741234	9.79620969741234
t75	4.24376313224235	0.966365762276439
t76	3.41874369672353	3.41874369672353
t77	3.31662318584003	3.31662318584003
t78	0.410865313290362	0.410865313290362
t81	0.119959201570154	0.119959201570154
t85	0.557543966101832	0.499448121328879
t86	0.219204650019368	0.219204650019368
