taxon	first_age	last_age
t1	28.125304725642	14.612243862418
t2	21.5257185979793	16.263487727495
t4	16.1636927036574	11.0099634774973
t5	17.5211377763912	0
t8	14.0425212519516	7.70081834593181
t9	11.9707297800106	9.89984047996424
t10	6.30350932167541	0
t11	11.4081577472475	7.1444890367112
t12	6.71860025716309	0
t13	10.4486590517104	10.4486590517104
t14	4.42544098462157	4.42544098462157
