taxon	fad	lad
t1	7.95482457625937	4.86570037329827
t2	4.95174905237578	0.632455724618406
t3	5.0631353201813	1.41093664846612
t4	1.67924950943577	1.67924950943577
t5	1.75300330331029	1.75300330331029
t7	1.52785054122078	0.0592917652612464
t8	1.65066204294392	0.1867432337958
t11	0.6926953842298	0.607095741441746
t12	0.47303131576099	0.47303131576099
t13	0.778121799175308	0.778121799175308
t17	0.221185106536083	0.221185106536083
t18	0.125992109926491	0.125992109926491
