taxon	fad	lad
t1	8.08614972756502	6.77183033676144
t2	8.00502369335542	8.00502369335542
t4	3.70454768147794	1.68627846369029
t5	7.45357596069785	7.11955575958105
t6	8.02684397282917	7.344613982385
t7	2.09640362776142	2.09640362776142
t9	6.07096921511451	6.07096921511451
t11	2.96890708035828	1.93699684925416
t12	5.87337611695505	2.82233558359567
t13	3.19065912092184	1.32876373826193
t14	1.19445760266915	1.19445760266915
t19	1.84492850747026	1.84492850747026
