taxon	fad	lad
t1	9.56173895392567	0.276906512147418
t2	7.04338842875757	2.76836506350741
t3	7.30318995978424	0.273422740246087
t4	5.12566474295933	0.598571917908647
t6	5.1803869306743	1.69339868041052
t8	2.23717535320297	2.23717535320297
t9	4.19600638587581	0.696164726108158
t10	6.39852513374933	6.39852513374933
t11	4.6263663481047	4.6263663481047
t12	0.440965304971593	0.440965304971593
t15	1.96976246390374	1.48328000524895
t18	0.935636077032115	0.935636077032115
