taxon	max_age	min_age
t1	18.5480315983295	18.5480315983295
t2	15.0984439596692	13.1728796835416
t3	12.1940005138834	7.17500039718382
t4	13.9043528231019	13.9043528231019
t5	8.44825877384382	8.44825877384382
t6	3.2728256095017	1.21087968402452
t8	5.47080388935632	3.22651872504113
t9	10.8676927353262	10.810169140157
t11	10.1782349000139	10.1782349000139
t12	10.4170762476003	8.66285720453174
t14	3.03798866939073	0.363104079152627
t15	2.47882770827227	2.47882770827227
t19	3.23209053989966	3.23209053989966
t20	7.20609043351916	6.22890514724808
t21	7.64201133539967	7.64201133539967
t22	7.82363136915945	7.82363136915945
t27	0.542415669770595	0.542415669770595
t28	5.80471396905975	0.391242634585925
t29	8.13025145569999	6.67049986088831
t31	1.54416717525395	0.684698406467721
