taxon	max_age	min_age
t1	19.6956464136019	10.9004967710479
t2	9.53615642194736	2.49623795107009
t3	5.02332430092473	3.82875179696676
t5	5.28345557487188	5.28345557487188
t9	1.02284503844403	1.02284503844403
t10	4.55716052775615	2.87692954975241
t11	4.12301194635459	1.35844999899618
t12	5.12614236897623	4.0394843947734
t13	1.53992228108916	1.53992228108916
t18	1.75763098852587	1.75763098852587
t19	0.0955669175697516	0.0955669175697516
t20	0.780353261078627	0.780353261078627
t21	4.0152484120471	2.21248801220234
t24	2.52035096839804	0.925660144495701
t28	0.575746459456806	0.575746459456806
t33	0.41543203296369	0.41543203296369
t34	1.03729489800204	1.03729489800204
