taxon	max_age	min_age
t1	15.852329582116	13.1606989355295
t2	16.2774278007606	14.9468171673191
t3	15.9935012940938	7.19211553188677
t4	9.05171180962064	9.05171180962064
t5	9.69156790863168	8.62022754143369
t7	17.9736019765928	17.8666408589764
t8	13.6651121655638	13.6651121655638
t9	13.1054479279192	13.1054479279192
t10	9.39951319599934	9.39951319599934
t11	9.64066503626293	0.788102358665171
t15	9.95918894264539	9.21112317669828
t16	8.96043545425282	5.56736442468765
t17	14.0832237574741	2.57851310062561
t18	12.1518814614598	12.0512371095453
t19	8.93441781134	1.88625574572004
t20	8.48328630569186	8.48328630569186
t21	8.34063190646872	4.20274746436986
t24	4.87959307764128	4.87959307764128
t27	0.746171152202535	0.746171152202535
t28	0.236376804356517	0.236376804356517
t29	3.36475721136766	3.36475721136766
t30	9.88785104733493	9.88785104733493
t32	4.25808754297938	3.87499800742016
t33	10.5563156992514	4.6420840286815
t35	3.71234365018838	3.71234365018838
t37	9.11416880984446	9.11416880984446
t38	4.488759075926	3.43143101410444
t39	4.39257320393822	2.13415226891219
t40	3.68712105527464	3.44517981372718
t44	3.72786781448806	3.72786781448806
t45	7.80208382901207	3.65461520389469
t46	3.53555465495961	3.53555465495961
t48	4.73840349061487	0.662409002142137
t50	1.70586125469748	1.63382038949971
t51	3.02524237452624	3.02524237452624
t52	3.43547574936134	3.43547574936134
t53	1.0544468365094	1.0544468365094
t55	11.0424260983819	8.82233757239624
t58	11.3577140000787	11.3577140000787
t59	1.86742404008007	1.64616107930857
t63	7.71283713542389	7.71283713542389
t69	2.46477360696545	2.10824304119697
t71	4.39481699346768	4.39481699346768
t72	3.6437842830289	3.6437842830289
t73	1.57795232912651	1.57795232912651
t76	1.80129717968119	1.80129717968119
t77	8.04497119194517	6.68753920588642
t78	8.28550105138371	7.60516495707144
t79	4.94914721728374	4.94914721728374
t85	1.31537224219447	1.31537224219447
t88	1.66144248503075	1.51703772540019
t91	3.99531252632927	0.951338358661936
t92	1.65761002420666	1.65761002420666
t94	3.59100253899726	0.342244070596003
t98	4.23422631042532	3.59546282748682
t100	1.28985398517059	0.354942042129803
t102	1.57567859653949	1.57567859653949
t108	4.09165477326237	1.62364283109835
t109	0.677299886699927	0.324114022417852
t110	0.810889635426165	0.810889635426165
t112	1.6531760883557	1.6531760883557
t121	3.30179166846445	1.03107792002659
t122	0.208501624626706	0.208501624626706
t126	2.70232955389513	1.55011443351253
