taxon	fad	lad
t1	18.3708012616262	7.20655721479968
t2	17.3839883087203	16.5462077455595
t3	14.8965360722577	10.5663881422872
t4	13.6762681120369	12.2880948470418
t5	10.79737142152	10.7734431746262
t8	16.8867793479746	16.8867793479746
t10	15.0850756178375	12.5673145893036
t11	14.3228458437972	1.0163305764372
t13	10.1113637254325	5.15490452135665
t14	10.2183774034232	8.9955660155714
t15	12.8139160787578	11.0919184622557
t16	7.70683676996217	7.70683676996217
t19	9.66101613486182	4.7804170474168
t20	8.7703330496782	5.43928697255654
t21	8.2992955993885	2.13394848823042
t22	5.65285926990795	3.60242892983643
t23	3.92425353447586	3.38110774874676
t24	2.80541778461986	0.264763298885057
t26	10.6073702822191	10.1642216908214
t29	5.55696690128215	0.24615933763414
t30	10.9008349915247	7.7652246460917
t33	6.88675819580929	0.610614691390765
t36	6.55566094363593	4.43734693508067
t38	0.238686370239513	0.238686370239513
t41	3.33058161145489	3.33058161145489
t42	3.30442942024818	3.30442942024818
t43	4.42799674642109	3.3449093754729
t44	4.27405594378052	4.15422039476556
t50	7.0300237132919	5.30580864214499
t51	1.84071268277028	0.0636936756388238
t55	9.9961294872853	9.64036950247167
t56	5.12776800020158	4.98950849496941
t58	3.74623515532216	3.63800381497984
t59	2.68996276404976	2.3242854681762
t60	0.718542913234185	0.718542913234185
t61	2.7070345151951	2.7070345151951
t63	3.09747199183023	1.2695838647243
t66	3.04718278648966	1.10436903514437
t67	1.24214072988043	0.874600572260224
t68	0.338531460692405	0.338531460692405
t69	5.77058514301227	5.77058514301227
t71	2.54767276175039	1.20640364614345
t76	0.34925708744661	0.34925708744661
t77	2.80349414451387	1.71010050267941
t78	2.89916741769136	2.89916741769136
t81	2.0688820163333	1.48520203644728
t84	1.12292589923943	0.744473361502745
t90	9.78949140783825	5.70683750006259
t91	4.50369890877828	4.50369890877828
t92	3.82574860189994	3.82574860189994
t93	1.44609901851038	0.0473915672115517
t97	7.51773681828557	3.20717399049077
t101	3.79171365196216	2.42989011053948
t104	0.118809654010633	0.118809654010633
t106	5.09045037738922	1.14652987344195
t107	5.45238212014062	3.8898687056231
t108	0.345690961798024	0.345690961798024
t109	5.15083646208697	0.358915072767392
t110	2.61484123090613	2.42563911813953
t112	4.7341744590255	4.67142963201576
t115	1.86901182996806	1.16249519839959
t118	1.05241598778845	1.05241598778845
t121	3.31814949501016	3.31814949501016
t135	2.27963814555397	1.33447757344733
