taxon	max_age	min_age
t1	9.45706313976465	7.51197212461447
t2	19.4049105979502	18.9357149026667
t3	14.7670422262981	13.2186926266337
t4	14.5314166587626	6.27795273635326
t5	6.17056817667507	6.17056817667507
t6	8.5791764793567	0.723857904605445
t7	14.3411129680768	11.7965586902797
t8	8.45234937884844	0.44664238537252
t9	1.85841501185769	1.85841501185769
t10	5.83255883271849	3.81522642258908
t11	8.68068194266405	8.68068194266405
t15	12.7983061426362	9.82803352220052
t16	12.7042730556534	8.36056826216129
t17	13.0214327760394	9.489996278073
t18	8.12412713206218	8.12412713206218
t21	4.25506065508359	4.25506065508359
t23	2.82396570772485	0.111527235007806
t25	3.57926683076924	3.57926683076924
t30	13.9980167481279	8.2180485614325
t32	6.63874389125372	4.84758869732137
t33	0.0860505415821677	0.0182089741726337
t34	1.59383532185052	1.59383532185052
t41	4.38918579823744	4.38918579823744
t42	2.99102052790861	2.21831319669535
t43	0.8396898124061	0.596628279829222
t44	1.67330811935261	1.67330811935261
t45	1.51885684204041	1.51885684204041
t47	2.91997969039918	2.91997969039918
t49	11.9603592002497	9.60542935697529
t51	2.18782761911612	1.13345740873839
t55	1.49918864642793	1.49918864642793
t59	2.84885163669869	2.84885163669869
t61	1.06987264945609	1.06987264945609
t63	10.4810256684855	6.01224527354612
t67	0.884657911826306	0.884657911826306
t68	0.142765904056564	0.142765904056564
