taxon	fad	lad
t1	19.6636353836708	9.9229240697562
t2	14.9066222989628	4.46832103440686
t5	12.8245819195046	12.8245819195046
t6	12.9341434753835	10.3805100472047
t7	11.2712860143499	7.96448185793816
t8	8.03809356008727	8.03809356008727
t9	6.51513736914604	6.51513736914604
t10	6.19987055878847	2.77048240036015
t11	5.74016378399183	3.34301656522076
t12	2.88188966662891	0.279797405219117
t13	1.91623684307827	1.91623684307827
t16	6.81207992673849	3.51698337815388
t17	8.38787968349732	7.66109420686739
t20	10.1497720946892	3.70997494313553
t21	10.6000110098707	10.6000110098707
t23	6.59473467429693	6.59473467429693
t24	7.63709458940843	2.50183117026305
t25	10.5013773842312	10.5013773842312
t28	3.68095560391943	3.62340159951598
t29	1.90211830287378	1.90211830287378
t31	2.7883263623104	2.7883263623104
t32	0.119205511686307	0.119205511686307
t35	2.2898098127184	2.2898098127184
t36	7.7646970014439	7.7646970014439
t37	7.39852362424402	0.365632760222411
t38	2.04834879247235	2.04834879247235
t41	6.23444210893668	6.0815113268449
t45	0.872232511963336	0.872232511963336
t46	5.67511111059664	5.67511111059664
t48	2.60958262014821	2.60958262014821
t49	3.12264405107434	3.12264405107434
t51	6.77071435484905	6.77071435484905
t52	0.0618688916877588	0.0618688916877588
t54	5.38751408841923	2.90822027059859
t55	8.56176986611454	7.88721354309786
t58	0.963249889101171	0.963249889101171
t60	8.642750672653	7.40674210243393
t61	8.52051077460908	8.52051077460908
t62	7.19609069998724	4.55909308724023
t64	0.182215326857719	0.0300861979719542
t66	0.0112679485773128	0.0112679485773128
t69	5.47755335577583	5.13055099449561
t75	0.535588461589406	0.535588461589406
t79	5.46160864323766	1.01438663114251
t81	0.337254643765718	0.337254643765718
t82	1.21339394269553	1.21339394269553
t83	0.786697027059244	0.786697027059244
t85	1.22736696560857	0.413730779020455
t86	7.08174041219859	6.51303456049296
t87	4.61247645581632	4.61247645581632
t90	8.40337965194494	7.9136250496319
t92	5.4640185403393	5.4640185403393
t95	1.60409987827246	1.60409987827246
t96	1.51573970674319	0.495491810249398
t98	2.44006205403269	2.44006205403269
t99	1.30004603934497	1.30004603934497
t102	0.405808447194513	0.405808447194513
t104	2.95587728485226	2.95587728485226
t110	0.18901506642829	0.18901506642829
t114	2.4546034454282	0.487464277406623
