taxon	fad	lad
t1	19.3254541000351	0.0255014068612205
t2	13.4691782702078	3.12239427655508
t4	7.33446377099692	7.33446377099692
t6	6.19906564168522	5.97645287172138
t8	14.6737492862006	6.19250818842129
t9	12.1876021585439	12.1876021585439
t10	1.92199026326312	1.74944274374568
t12	6.71725868638495	5.38885749536778
t13	2.14710517356839	0.00394788296318183
t15	4.52698928850282	3.75594780705759
t17	7.88897047115883	6.66134946500034
t18	9.34819342540717	0.964189423484715
t19	6.0305329739832	4.65039378514222
t21	6.62046757625815	5.1827241224768
t23	4.5462593574557	4.5462593574557
t26	3.5539108664396	0.805987753965223
t29	2.089818386829	0.515589252892731
t31	4.16602308390659	3.54141088817886
t32	5.30309680637992	5.30309680637992
t33	1.52256051705574	1.52256051705574
t34	0.513249256866533	0.513249256866533
t40	5.15140576304711	5.15140576304711
