taxon	max_age	min_age
t1	16.708497818646	12.3460034103226
t2	14.1103309323056	9.1229055527522
t3	11.2171392155065	11.2171392155065
t4	10.8333369946603	10.8333369946603
t5	10.3512635845295	10.3512635845295
t6	12.2080901771236	12.2080901771236
t7	13.1327856333906	11.3473314405709
t8	9.15322304923058	4.73821684951898
t9	4.15519940868501	4.15519940868501
t10	5.31802120044067	4.82476308196043
t13	8.52202177329877	3.89048879700997
t14	6.94638555215223	2.88302412448467
t15	6.37534818578684	5.04605443926746
t16	8.87428347112694	1.22563276739413
t17	8.05808948136137	7.10949148300306
t21	2.26772547054112	0.394161050087394
t22	3.41800422814747	3.41800422814747
t23	6.43092632710439	3.92851377647219
t24	7.33457576144753	7.33457576144753
t26	2.60272624727855	2.60272624727855
t27	0.330560225263852	0.249781430900711
t28	0.753751432640051	0.753751432640051
t29	6.3433254337113	6.3433254337113
t31	3.69699036238807	3.69699036238807
t32	0.958985166222899	0.0664181571787097
t34	5.96727725169289	4.31343185611047
t38	1.6633561084557	1.6633561084557
t40	6.25550326889518	1.94756373383919
t41	1.78063778926058	0.342940215695638
t44	2.39013667065644	0.155457574898939
t45	1.0141045199631	1.0141045199631
t46	2.27691115851218	0.345233769243109
t53	2.77242337782827	1.42746004769312
t57	0.355281933954455	0.355281933954455
t63	1.3573924370112	1.3573924370112
t65	0.129417904312181	0.129417904312181
t71	0.86049438385075	0.86049438385075
