taxon	max_age	min_age
t1	16.9652637535449	6.20277831025248
t2	14.8009433551935	14.8009433551935
t3	16.5268572279958	15.4696146010506
t4	8.59411125576764	7.65312817608336
t6	4.66838824150826	3.38264257390415
t7	11.9712872488781	11.3212725593754
t8	8.72814654346738	8.57839721694771
t10	16.6375849116368	1.45032392572076
t11	14.6399272401456	13.909324127723
t13	2.6502704504727	2.6502704504727
t16	2.52707386574253	2.52707386574253
t18	10.1912411440854	0.253560229409416
t19	10.9644661295115	0.861433516277621
t21	8.63818094715315	8.09107159690149
t22	11.4430417764864	11.4430417764864
t26	12.1324028602757	1.05344455880514
t27	8.50535319087897	6.47498758800483
t29	7.13847631871827	7.13847631871827
t30	2.29427267188748	0.385075522089203
t31	2.19458137987078	2.19458137987078
t38	0.837750433317773	0.837750433317773
t39	1.23081977075687	1.23081977075687
t40	8.77608105758043	0.891304616838088
t41	3.55329248150797	3.55329248150797
t42	1.97176918386743	1.97176918386743
t45	10.3263787171594	7.14423341604683
t46	1.73274502622479	1.73274502622479
t47	2.5663214090676	0.823299123355337
t49	3.0019270494332	1.6776793191582
t51	4.07228248510869	4.07228248510869
t52	4.50243102858823	4.50243102858823
t53	3.2611666092685	2.59885061694047
t59	0.111495002691218	0.111495002691218
t60	0.402293469964736	0.402293469964736
t62	3.53880330172043	3.53880330172043
t64	5.47177926792373	1.79342664947376
t68	0.104440920091648	0.104440920091648
t70	4.58644151418522	2.3826229840305
t71	2.75865563952226	2.75865563952226
t72	0.953075455352817	0.953075455352817
t75	2.910721008081	0.0759025581078951
t76	0.0321154369560084	0.0321154369560084
t77	3.47132287958915	3.47132287958915
t80	2.52780764083316	2.52780764083316
t82	7.61690456610365	7.61690456610365
t87	1.14006079450857	0.422162900805287
t95	2.89584241386718	2.89584241386718
t101	4.00730838764107	1.49985967720887
t102	4.23454444806321	3.15789795897199
t105	0.803131985342588	0.803131985342588
t108	2.02416230689383	2.02416230689383
t109	0.796827732444012	0.796827732444012
t112	1.29370763176397	1.29370763176397
