taxon	fad	lad
t1	19.8754107874508	12.158108696932
t2	16.8067171627814	8.89237031708942
t3	14.4095809697022	2.43831135854258
t4	11.1658204550082	4.23217507742134
t5	11.1056737853438	8.01574473006129
t6	11.305853942738	11.305853942738
t10	6.84297232686071	0.15158661466619
t11	2.42491710897719	0.627312492245782
t14	15.5047086386892	10.1179283303266
t16	8.39339829972887	3.05086829163527
t18	9.79879159108542	6.42009548750829
t19	4.87527434001473	4.83648825500267
t26	1.65183078416257	1.65183078416257
t28	1.04760437748461	1.04760437748461
t30	1.03531111464088	0.234867113619394
t31	7.3820821140449	7.3820821140449
t32	1.7221018685055	0.0908490616164599
t35	1.17765273286462	0.715294312736084
t37	4.2361297129113	4.2361297129113
t38	7.08182475792705	5.22601707946349
t39	3.83141295019721	1.37073374164785
t41	2.8166503700658	2.8166503700658
t42	8.26285892847363	2.22275414738553
t45	4.68301058267759	4.68301058267759
t46	6.08331705571324	0.951662484365791
t47	4.55811209421409	1.01154396515145
t50	5.99814635198133	5.99814635198133
t53	5.56356016128277	1.63978158092112
t54	3.24627376465741	2.32333034581188
t55	2.0241137723589	2.0241137723589
t58	1.81377575251813	1.59064555059726
t59	6.95799815618538	6.95799815618538
t60	5.65123959438766	4.31016801695541
t62	3.49533723329366	3.49533723329366
t66	1.8244955431329	0.174132058424934
t68	3.12192801490609	0.296957145526996
t69	1.25641135534243	1.25641135534243
t72	0.705256436928462	0.705256436928462
t74	1.65951007533007	1.65951007533007
t75	1.84723332770022	1.56381117595253
