taxon	fad	lad
t1	19.5680052541742	16.6357659214467
t2	17.1319064910332	17.1319064910332
t3	18.3831708735601	17.264207515102
t5	11.9478732941291	3.04919457984948
t6	12.4281370163802	12.4281370163802
t7	11.4519171598178	11.4519171598178
t10	0.742733800528963	0.742733800528963
t11	0.34621592452827	0.34621592452827
t12	13.4997515703727	13.0714297827508
t13	3.04701156156478	3.04701156156478
t14	1.83866564047553	1.83866564047553
