taxon	max_age	min_age
t1	28.1709019762153	16.1455101213583
t2	25.7599139785217	10.6335084146723
t3	12.3817037257657	12.3817037257657
t4	7.96071463702118	0.525869269699594
t5	6.89500600381936	6.89500600381936
t7	9.21371848028996	9.21371848028996
t8	7.52902293883187	4.74021373015164
t9	7.06685538610921	0.338963982809698
t11	5.17220640917476	4.23643271646008
t13	1.97648124962077	0.104696210849045
t14	8.5560268494229	1.41737429285875
t15	3.56930291675048	3.56930291675048
t17	3.21410831623543	3.21410831623543
t19	6.23168167438668	1.45333150733853
t20	2.94931688236059	0.462150383402481
t21	1.81153157474803	1.81153157474803
t23	5.08239471484242	4.31042525128016
t24	2.28162566914676	2.28162566914676
t27	6.35484107646982	6.35484107646982
t28	4.24674607119961	2.31242859353129
t30	0.139224209648933	0.139224209648933
t33	3.23355858681461	0.121600821881866
