taxon	max_age	min_age
t1	22.2453803138662	16.3174645682323
t2	20.8147818754283	15.9169267093626
t4	9.76799714330245	6.66617193941792
t7	4.67526135113126	2.52341936420685
t9	2.81757183235203	0
t10	7.03008002411579	7.03008002411579
t12	0.628293479937419	0
t13	0.323600950965925	0
t15	0.754473185476613	0
t19	0.297770306656211	0
t20	1.28551465974693	0
t22	0.939712041694818	0
