taxon	fad	lad
t1	29.4117224089836	29.2033094956884
t2	23.0324673702016	20.6366979319441
t3	27.5114045753077	21.849508488529
t5	27.0678664540089	27.0678664540089
t6	26.609360788328	26.1936709300304
t8	18.6783313779237	7.40160537410278
t9	24.0965931658276	24.0965931658276
t11	11.0151012710501	5.95623087506377
t12	13.6352328763696	6.03549533334742
t13	8.29647476733614	4.16148287517314
t16	3.99953569978454	3.99953569978454
t17	2.94985607027986	0.361889635631442
t20	7.95151355797916	5.26525492603113
t21	4.29557990884001	1.67683567225249
t22	5.54494659226721	5.54494659226721
t23	4.19543299812933	0.241838470581481
t24	3.36729225044434	3.35743804735427
t25	2.23444722724786	1.50362591076503
t26	2.20478757963207	2.20478757963207
t28	4.13172914954944	3.19687134118551
t33	6.01548514655074	6.01548514655074
t34	5.24080673318696	2.86133971888809
t35	3.64512178710733	0.145980853054233
t36	3.43810011141384	3.43810011141384
t39	2.92193330440763	0.294326780841207
t41	3.85209753085975	0.790968454637273
t43	1.64376425431252	1.64376425431252
t47	2.3212329970709	2.3212329970709
t48	0.193264398062055	0.193264398062055
t50	2.74475898101423	2.41715653154187
t51	2.69812128070675	2.69812128070675
t53	2.97486543231287	2.97486543231287
t57	0.238558640470913	0.238558640470913
t60	0.955684562511106	0.955684562511106
t62	0.444737626379602	0.444737626379602
