taxon	first_age	last_age
t1	6.55931385730883	3.96907936331425
t2	6.99392246387417	6.63899346780095
t3	6.82204405855108	1.15494771385008
t4	6.66744882814239	0
t6	5.5021083043492	2.99224640909019
t7	4.63201455767558	1.74335769072439
t9	1.29366205601747	0
t10	1.05631377342207	0.90181707604904
t11	4.5953653217245	4.52415150162018
t14	2.06185829247576	0
t15	1.921433433786	1.72791212038777
t16	1.12294604135492	0
