taxon	first_age	last_age
t1	13.0151584194233	5.22177510027553
t2	10.6669817049724	6.10145142315875
t3	5.07165733569103	0
t5	11.2601770249628	8.51996722759434
t6	11.234257508994	10.5820164782167
t7	9.40314658744797	7.74318586611229
t8	6.32201938555071	0
t9	7.87400441070803	0
t11	8.07072030978034	8.07072030978034
t12	7.98541062721692	7.98541062721692
t13	5.14023389492549	0
t14	2.51233751687898	0
t15	1.37408751087058	0
t16	0.144871018754184	0
t17	4.28238571524544	2.82058246186284
