taxon	first_age	last_age
t1	12.2838940520607	8.61353468026176
t2	10.3176830072414	2.9039004892279
t3	9.87969607866863	7.80491736600749
t4	4.15662171588324	4.15662171588324
t5	8.81751796714506	7.30383421126738
t9	9.4800956241803	8.81591280729546
