taxon	first_age	last_age
t1	8.38565799717641	8.04837483218015
t2	6.71087971144835	0
t3	4.41734820105502	4.41734820105502
t4	3.08741135101321	0
t5	0.198630647277806	0
t6	3.74270358247106	0
