taxon	first_age	last_age
t1	13.5572622292708	0
t3	12.2197872855447	7.63312091957976
t4	10.3573931663728	10.3573931663728
t7	12.1527283695082	12.1527283695082
t8	7.29823918016038	7.29823918016038
t9	7.16583942975284	6.12853908682029
t10	6.60726407807618	6.60726407807618
t14	11.2839099724362	11.2839099724362
t15	11.8896055244708	11.8896055244708
t16	9.8675072055289	0
t17	9.47689373600576	5.44633792984989
