taxon	first_age	last_age
t1	11.1198829634128	9.90100398088663
t2	8.34602871156053	4.04922434238063
t3	9.48138210997117	9.48138210997117
t4	8.46590245601826	4.48734761197634
t5	8.6761385355242	4.18938122909296
t6	7.77700484788989	4.26780080637683
t9	7.80060757743949	3.55102661519108
