taxon	first_age	last_age
t1	9.12822710743928	3.94181890318122
t2	8.37975438563323	0
t3	4.47471978544881	0
t4	6.3179661918318	2.54596734459964
t5	0.567918204412155	0
t6	0.270819658516103	0
