taxon	first_age	last_age
t1	12.4556657674362	8.4342141940281
t2	9.12418667644423	2.97664418471834
t3	4.08834622453176	2.74741276396972
t4	6.56510291784711	1.18194200464669
t5	5.98410366570392	4.44253059183416
t7	0.929168510267159	0.698076927315196
t8	0.497292016299909	0
t9	0.125209850251904	0
