taxon	first_age	last_age
t1	6.91270797500374	0
t4	3.13547833502156	0
t5	8.20185144701729	6.66749327144133
t6	2.6176943769705	2.20391540164644
t7	0.207316027922049	0
