taxon	first_age	last_age
t1	11.4569238462814	9.07664903094307
t2	4.24365694936555	4.24365694936555
t3	9.0797399534165	9.0797399534165
t5	3.62751044830727	3.62751044830727
t6	7.22520584650807	5.27688040590931
t7	5.52448148137335	0
t9	2.74512130594121	0
t11	2.1963233790868	2.1963233790868
t12	2.32720991851545	2.32720991851545
t13	1.60645611632569	0
