taxon	first_age	last_age
t1	4.75393177420098	0
t2	5.11201134501891	0
t3	2.43611825424899	0
t4	2.18248879399933	1.8813156693328
t5	1.38022125856216	0
