taxon	first_age	last_age
t1	9.19326522180054	0
t2	9.10200633585157	1.41050867042867
t3	4.17350898043064	0
t4	2.94004694927633	1.51985578395358
t5	1.45904768381102	0.832747958585433
t6	7.45813915064551	0
t7	7.46599871629969	7.12702524381079
t8	1.8570390594379	1.8570390594379
t9	4.93825588750331	4.07773941154659
