taxon	first_age	last_age
t1	11.2821263149996	3.95942295239924
t2	10.5816507600804	8.44701598915231
t3	7.18659762688281	4.39413103513532
t4	9.74047655253224	2.44516361986753
t5	6.2001449291627	0
t6	2.93823993759152	2.93823993759152
t7	1.46090112547382	0
t8	4.81651146450569	0
t9	3.25633736810645	0
t11	3.69616987005581	1.77185509633696
t13	1.14660902220889	0
t14	0.944507770390176	0
t18	0.0358281420867534	0
