taxon	first_age	last_age
t1	7.45532613352654	6.55609283341872
t2	8.1151868670283	6.4222005731278
t3	8.07585884789693	0
t4	5.01948811730561	4.01609834737442
t5	1.39287270084027	0
t6	0.13923829175021	0
