taxon	first_age	last_age
t1	8.02181346000686	0
t2	4.08244011711319	2.51975193374731
t3	0.237292309970651	0
t4	2.60815080956193	0
t5	0.0925952764145652	0
