taxon	first_age	last_age
t1	11.6433855491368	11.6433855491368
t2	11.9104360878481	4.92957948552194
t3	9.25346872665224	8.14800900570992
t6	5.44895381624887	4.40659621009117
t7	4.37251560445839	0
t8	3.91545604553073	3.54262679924223
t9	0.945320068795445	0
