taxon	first_age	last_age
t1	5.29339274341546	0
t2	3.78353470413982	0
t3	0.653150877586753	0
t4	1.40573306130079	0
t5	1.86470135505681	0
t6	1.85283124276111	1.85283124276111
t7	0.497826024293617	0
