taxon	first_age	last_age
t1	13.0370332250463	3.01562171120316
t2	12.425996888129	0
t4	11.3104168590754	9.76552661521614
t5	2.17827856351999	1.5129357745059
t6	8.63327745393841	5.6480135611279
t7	10.2620409210296	3.35900835098447
t8	1.44791572495527	0
t9	9.57908186249606	0
t10	7.78169141508498	5.84079347807443
t11	9.15363456462923	7.95496252138081
t12	0.620982778297071	0
t13	7.28377651244212	7.28377651244212
t14	5.88843115987556	3.30552049914229
t15	1.3487790818113	0
