taxon	first_age	last_age
t1	12.6717082659892	0
t2	9.95156648929336	6.33085371259433
t3	9.35810831100041	0
t4	9.64327823327935	2.70550239466751
t5	9.32357151392765	0
t6	2.2802665154049	0
