taxon	first_age	last_age
t1	8.02263648680641	0
t2	4.2944731689766	0
t3	3.7914023225396	1.41081986510587
t4	1.10062966976553	1.10062966976553
t5	2.75916609108342	2.75916609108342
