taxon	first_age	last_age
t1	4.86779161877685	0
t2	4.39452584086037	0
t3	3.82603799374872	0
t5	2.14149927589878	0
t7	2.0181816324198	2.0181816324198
t8	2.45788434862435	2.45788434862435
