taxon	first_age	last_age
t1	11.1060655339525	7.27119008472601
t2	6.80190716609808	6.52901859259837
t3	6.74306632933152	4.84308474572418
t4	5.85737828122126	0
t5	5.35359283188431	5.35359283188431
t6	3.89977223536279	0
