taxon	first_age	last_age
t1	5.54954507864296	0
t2	2.70217243967543	0
t3	0.625520967490226	0
t4	1.04104154887021	0
t6	0.185683713868858	0
