taxon	first_age	last_age
t2	7.40172371828726	5.23294428806646
t4	6.7180114470887	0
t5	4.95654261292144	0
t6	4.95326086267013	0
t7	6.117167667398	5.78823773027497
