taxon	first_age	last_age
t1	7.54027111922347	1.61583730312891
t2	5.2763806551048	0
t4	4.30706409572099	0
t5	1.19773318822611	0
t6	0.725649016452002	0
