taxon	first_age	last_age
t1	7.08476290806821	6.03031026783937
t3	7.16249884055683	0
t4	7.85493218806533	6.70863209804102
t5	7.58191245829819	3.3225122000518
t6	7.53829188980632	0
t7	6.66759387655078	4.628251356426
t8	3.56258385695175	0
t9	5.23396218448089	2.35770555845445
t10	4.93810494222911	0
t11	1.66376751185836	0
t12	2.91431832074161	0
t14	2.9359676185056	2.9359676185056
t16	0.0106268937544982	0
t18	1.97862036136953	0
