taxon	first_age	last_age
t1	13.229220011211	4.95446679279287
t2	9.2683755506652	4.45859106778262
t3	8.64214742558249	7.43505910504824
t4	6.22180884991875	6.22180884991875
t5	4.7685263467815	0
