taxon	first_age	last_age
t1	10.6577738877913	0
t2	7.30259667228195	0
t3	6.81119110517472	0
t4	4.45944068883794	0
t6	5.49553597891639	4.92501068574183
t8	0.615593937730388	0
