taxon	first_age	last_age
t1	9.55518265571844	9.55518265571844
t2	7.7884374423376	0
t3	4.97729511761449	0
t4	1.97841162126089	0
t5	1.17673180262722	0
