taxon	first_age	last_age
t1	8.88304299766419	7.78457512120271
t2	10.5784419798401	9.77368643414416
t3	9.56653853329074	4.18050045141541
t4	7.41686771304835	7.41686771304835
t5	8.21106906902712	8.21106906902712
