taxon	first_age	last_age
t1	10.8117598787514	6.42480946177893
t2	10.5751918598429	6.73450456309903
t3	7.41844171949273	0
t4	7.21037951459744	5.70698936747224
t5	6.90366331916197	0
t6	3.94549764648153	2.27374647097255
t7	5.80337012002037	5.80337012002037
t8	3.11265643354889	3.11265643354889
t9	3.35840033783488	3.35840033783488
t11	1.68929066949735	0
t12	1.00533408181722	1.00533408181722
