taxon	first_age	last_age
t1	13.5928777499844	12.07085803531
t2	12.2534675422416	2.60351542790994
t3	8.89244223130527	6.79435316941327
t5	4.91840713337234	4.91840713337234
t6	4.06779821496261	4.06779821496261
t8	11.3226650007082	7.0777944420995
t10	4.77597011332292	4.77597011332292
t12	3.91098980041938	3.91098980041938
t14	1.26308774484612	0
t15	0.894134724322566	0
