taxon	first_age	last_age
t1	8.00235347295235	0
t2	10.0317338227306	0
t3	7.36997924404176	0
t5	3.26238776132378	0
t6	4.04083882961714	0
t7	0.397960287075517	0
t8	0.157829689989144	0
t9	4.6449455859584	4.6449455859584
