taxon	first_age	last_age
t1	5.03427330299731	0
t2	2.27949886429675	0
t3	0.25766539025457	0
t4	4.94982470171985	0
t5	2.64823921511453	1.83516751231205
t6	3.4074382328857	3.4074382328857
