taxon	first_age	last_age
t1	1.39584187335614	0
t2	2.62713112469899	0.91344663197506
t3	0.3825277953084	0
t4	3.0969038850426	0
t5	1.56599213468946	0
