taxon	first_age	last_age
t1	6.66778608973065	0
t2	7.11616987930607	0
t4	2.63891693373346	0
t6	1.71014263448504	0
t9	1.30832419596327	0
t10	0.526687627711972	0
t11	0.309723784206325	0
