taxon	first_age	last_age
t1	11.327587722173	5.82259407605563
t2	9.6668090974298	0
t3	6.06714995297595	0
t4	7.31598407886595	0
t5	7.62213252315668	0.605680092262011
t6	8.63955699765036	7.0409537465223
t7	6.41736048462989	0
t9	7.51106058058621	3.22171974730077
t10	8.06608674221786	8.06608674221786
t12	7.53230872490862	1.66259309946246
t13	8.1008437019146	0
t14	3.3064586355485	3.3064586355485
t16	3.25179186974364	2.48648779430354
t17	2.89237699044617	0
