taxon	first_age	last_age
t1	5.10358757426486	0
t2	3.9654494334891	0
t3	0.670894327096871	0
t4	2.76005422048737	0
t5	0.522429265534563	0
