taxon	first_age	last_age
t1	7.0307615969059	7.0307615969059
t2	5.3880407232562	0
t3	6.31322708278903	5.74606194770967
t4	4.31042406510907	0
t5	0.737394551415863	0
