taxon	first_age	last_age
t1	12.7230660092775	0
t2	10.5636456330877	3.91247624007162
t3	10.8649126678552	3.75253304513643
t4	10.7975901670243	3.1099296945791
t5	9.86511544448901	0
t6	9.29430493480316	0
t7	2.92800452673787	0
t8	6.01520772544808	4.55215201675891
t9	2.15369821232748	1.11367427331247
t10	3.53167893790866	3.53167893790866
t11	5.75094974337041	5.75094974337041
t12	5.16822068173263	0
t13	0.317396621862155	0
