taxon	first_age	last_age
t1	12.326676249212	1.94102306937099
t2	8.09502200437194	1.69794672878174
t4	2.12794377011199	0
t5	5.71994825821275	0
t7	2.31111946743509	0
t8	2.88439126545103	0
