taxon	first_age	last_age
t2	7.41895726796081	6.776860592224
t3	6.6011160258517	5.32387759825724
t4	6.70228221317951	2.05178976526257
t5	5.73002344035114	0
t6	6.15189320524221	5.43914688098123
t7	5.55826290434096	4.0898492313237
