taxon	first_age	last_age
t1	3.12791293622796	2.0793136152623
t2	3.10774470543949	0
t3	2.31806734413353	0
t4	1.39143742018443	0
t5	0.142275739819295	0
t6	2.95319043895804	2.71083476587359
t7	0.639406507457558	0
