taxon	first_age	last_age
t1	9.23294279368004	0
t2	8.17669344253683	6.47727237800877
t3	7.05833322463748	6.83625758600379
t4	4.86319357553077	0
t5	6.50665852102345	4.95596539263706
t6	6.98106716035825	0.963643969138751
t7	2.85636432408476	1.77129722474823
