taxon	first_age	last_age
t1	5.08760506125865	0
t2	4.3385249534973	0
t3	3.08610597128721	0
t4	0.0382737047200914	0
t5	3.86393561521082	0
t9	3.483350058581	0
