taxon	first_age	last_age
t1	9.47456126517243	3.18195267227418
t2	7.92282544837171	1.95948196790982
t3	6.8763843088604	6.8763843088604
t4	6.000293984184	1.5593005539773
t5	4.6317184072168	0
t8	4.91464640464632	4.00779313935566
t9	4.22476295121186	3.74462916745083
t11	0.261236585476867	0
