taxon	first_age	last_age
t1	13.0598163645199	7.74141177968796
t2	8.83220739214532	8.83220739214532
t4	8.9393472522281	6.03112499397229
t6	7.691814422686	2.95144254027121
t7	5.91876556154832	5.91876556154832
t8	4.58343887727018	0.876325060485637
t9	8.12848384305174	5.38958949971073
t10	6.00900835293699	0
t11	3.37627045307888	1.33029073341132
t12	2.5116879566424	1.10535320170914
t13	0.777539110315866	0
t14	1.29971901273311	0
t15	1.05529809493223	0
