taxon	first_age	last_age
t1	9.00109080775805	4.81476683983373
t2	8.24012470636525	0
t3	2.53553326654779	1.98953965196853
t4	2.42058974449487	2.40624490726247
t5	0.982874307582733	0
