taxon	first_age	last_age
t1	2.46352079681369	2.46352079681369
t2	4.46075758546221	0
t3	3.14779752371881	0
t4	0.925318324572366	0
t6	3.38239097265113	0
t7	1.33474617113408	1.11132871554336
t8	0.190023605086579	0
