taxon	first_age	last_age
t1	10.056883115202	0
t2	9.41544464538154	3.60571646244323
t4	2.95821253902336	2.3446494357794
t5	4.28777148790502	0
t6	2.19410381248116	0
