taxon	first_age	last_age
t1	5.76937500196675	0
t2	2.40699356757328	0
t3	0.507407743630178	0
t4	2.63468268060863	2.63468268060863
t5	0.521239432967523	0
t6	0.280566242630996	0
t8	0.798472216237732	0
