taxon	first_age	last_age
t1	11.5461736289085	0
t2	9.78549116685726	8.37361402807734
t3	9.40462912445541	0
t4	7.509039154214	0
t7	9.36597180310449	0
t10	1.45365026439968	0
