taxon	first_age	last_age
t1	12.0802705200041	0
t2	10.9746847831208	10.9007362811026
t3	11.7464124266252	8.75626614449137
t6	5.92087743021182	5.92087743021182
t7	4.53871882955828	4.53871882955828
t8	2.6503532604316	0
t10	0.0199681504829243	0
