taxon	first_age	last_age
t1	14.8067169602121	11.325528040584
t2	14.6231464148463	7.21483129526119
t3	11.8354017812144	7.60725625234804
t4	10.6540581502099	0
t5	9.69122918729849	0
t6	10.9864395160935	0
t7	8.40055497542824	0
t9	11.0532627180571	7.82546979370003
