taxon	first_age	last_age
t1	12.4822060251315	7.77270977379851
t2	9.23924433121428	0
t3	9.24672671736532	3.99311906639764
t4	7.19881163476698	0
t5	6.48606208321405	4.29781568484587
t6	3.3920998991942	0
