taxon	first_age	last_age
t1	7.20948767739778	0
t2	9.46091648481165	0
t3	1.3807915673044	0
t4	0.1957078785387	0
t5	0.442676665254613	0
