taxon	first_age	last_age
t1	4.79870937774943	0
t2	4.2642620639766	1.4214954820568
t3	2.22173497276131	1.85702814085435
t4	0.959214761347821	0
t5	2.19788944996105	0
