taxon	first_age	last_age
t1	10.8627104312845	7.08685202729028
t2	7.84859702865594	4.83447955169198
t3	6.36864110199603	5.82516825545281
t4	4.26725100542949	0
t5	2.0056578377409	2.0056578377409
t6	5.96797459326545	0
t7	4.57370673936594	4.57370673936594
