taxon	first_age	last_age
t1	10.6618697769778	9.81415759089036
t2	9.29543847071382	2.26133033735054
t4	8.37905545086236	8.11330878753841
t5	8.21656597909588	5.70972050431714
t6	8.1358145565116	0
