taxon	first_age	last_age
t1	7.67267176685762	7.58881024464759
t2	7.78138437149873	5.95016669646654
t4	6.82100755701875	0
t5	6.76854596032387	0
t6	2.57675225517743	0
t7	0.92412755686664	0
t9	0.210168985142207	0
t10	6.37814135958131	6.37814135958131
t11	5.20088391869025	0
t13	2.20823974253606	0
t14	2.0775563712064	2.0775563712064
