taxon	first_age	last_age
t1	5.95732657922347	0
t2	4.30599450346179	0
t3	4.3992636651901	0
t5	2.80626069237946	0
t6	1.52227982222979	0
