taxon	first_age	last_age
t1	8.22118135008974	0
t2	5.54125571091041	0
t3	4.1884150389612	0
t4	4.77846002713239	0
t5	3.5110953691721	0
