taxon	first_age	last_age
t1	5.88885907526478	5.88885907526478
t2	4.39169150887623	0
t3	1.02074089512619	0
t4	2.62064867067571	0
t5	0.484587072853152	0
