taxon	first_age	last_age
t1	12.9098633897301	8.41995227342691
t2	9.67156669299986	0
t3	5.46524761184491	0
t5	4.3669625694423	0
t6	4.0094052408348	0
