taxon	first_age	last_age
t1	6.34433624443669	0
t2	2.42180468621479	2.42180468621479
t3	3.93772487223808	3.93772487223808
t4	2.25417586311737	0.5874459202671
t5	1.84328233322579	0
