taxon	first_age	last_age
t1	10.7631665561574	0
t2	8.65075495549832	7.6711056130232
t4	4.5753341718251	0
t5	3.57988031564904	0
t6	1.73317275206109	0
