taxon	first_age	last_age
t1	7.13842675472112	6.43571644639818
t2	4.99306126642004	0
t3	4.27847222532035	0
t4	3.4992328536772	0
t5	1.60604717537495	0
