taxon	first_age	last_age
t1	10.8026188757464	0
t2	10.874716460024	8.4470168900647
t4	10.2621274277875	10.2621274277875
t5	5.75705332021458	0
t8	1.83825041289953	0
t9	0.197113436306392	0
t10	0.290315064739556	0
