taxon	first_age	last_age
t1	12.3897310449653	12.3467484150657
t2	10.1447651452031	9.48139479355498
t3	7.94531552611778	0
t4	7.68259494334161	3.42691396593058
t5	5.42095581626129	0
t6	4.99994574997955	0
t7	3.98583981152998	3.3560030766697
t8	2.80636437522451	0
