taxon	first_age	last_age
t1	9.92441795004266	6.04615990607902
t2	9.92044211118738	9.92044211118738
t3	9.61128160120603	4.18641178054805
t4	8.2750241440096	4.49916032365191
t5	4.87136021091501	2.72722000673589
t6	5.4057495482312	3.87294463786104
