taxon	first_age	last_age
t1	14.683237943828	2.58447899610499
t2	10.6247110421226	0
t3	6.89116885912503	6.89116885912503
t4	9.16012818774268	7.94551363844518
t5	7.47741466096652	0
t6	5.04600092627846	0
t7	4.66739205112697	0
t8	0.503319982205284	0
t9	1.36918062476379	0
t10	2.30910146080394	0
t13	2.2141732018084	0
