taxon	first_age	last_age
t1	5.8080583003091	0
t2	5.78843413509009	0
t3	1.03900953586327	0
t4	4.38079545507615	4.38079545507615
t5	3.10357169454495	0
t6	0.833655447191551	0
t7	0.138598451711485	0
