taxon	first_age	last_age
t1	2.05866808341186	0
t2	3.53984614892601	2.76875608741445
t3	3.5014615231714	3.5014615231714
t4	2.84533675315268	0
t6	3.5865063065136	2.81549282556549
t8	3.31406743195807	2.63463258668674
