taxon	first_age	last_age
t1	5.20511896397876	1.69973995444528
t2	2.09581100972259	0
t3	1.90764669559374	0
t4	0.0412623525866191	0
t5	0.799384335963221	0.148246694928959
