taxon	first_age	last_age
t1	13.1783990242857	2.89604076506231
t2	13.0599327668358	12.3202671512268
t3	10.7628502666503	3.26474519676439
t4	8.1871393985297	4.02218185837722
t5	7.23312381024245	1.47049976231709
