taxon	first_age	last_age
t1	4.9645360397826	3.49640755499304
t2	3.95700265497995	3.40170724164207
t3	3.80088346156791	3.35655137289617
t4	3.56682691969533	2.18486354888411
t5	2.96849689436785	0
