taxon	first_age	last_age
t1	8.04504765215143	6.32390693468741
t3	7.25095335339125	0
t4	3.25441378587316	3.25441378587316
t5	6.25277416148567	4.46342479019037
t6	5.92289301642598	2.63675476546685
t9	1.13137579978967	0
