taxon	first_age	last_age
t1	13.5622940673678	1.39658977493825
t2	3.31477789085109	0
t3	0.813544141590292	0
t4	2.03715684585249	0
t5	2.33714765685975	0
