taxon	first_age	last_age
t1	5.82503998567108	5.82503998567108
t2	6.43381926614597	0
t4	5.14391825656987	0
t7	5.80456622358392	2.95114641512962
t8	1.31995851629232	0
