taxon	first_age	last_age
t1	5.79077335723942	0
t2	1.28686907630615	1.28686907630615
t3	3.53398314798763	0
t4	1.61406671909635	1.61406671909635
t5	0.630244762012633	0
t6	1.04222833036008	1.04222833036008
