taxon	first_age	last_age
t1	12.4428375159003	0
t2	4.7534526710572	4.7534526710572
t3	4.97900297734288	4.23758990075365
t4	2.64981458960352	0.856304211025403
t6	1.41064810537582	0
t7	2.04803072915215	0
t8	2.20853069467071	0
t10	1.30521206449563	0
t11	0.0907905632844059	0
t14	0.31126704558166	0
t15	0.688397003263024	0
t18	0.275943348922846	0
