taxon	first_age	last_age
t1	7.15613102657895	0
t2	4.53019482761748	0
t4	2.98078660449416	0
t5	0.738557648294146	0
t6	4.77358757704462	2.96080629201792
t7	1.23190962636108	0
t8	0.110825013649373	0
t9	2.87021827915418	0
t10	2.84657509471239	0
