taxon	first_age	last_age
t1	9.70818298158986	0
t2	7.17043611384627	6.93886566371883
t3	4.5536617956076	1.98192298264025
t4	3.22583020646196	0
t5	0.520768681490551	0
t6	5.2245909371908	5.2245909371908
t7	3.38445446992357	0
t8	1.08056842597783	0
t9	4.72601483773445	0
t10	3.54806971747332	3.35293807897229
