taxon	first_age	last_age
t1	10.1664992851165	2.73374986466549
t2	11.6907865826386	0
t3	7.01794242116397	0
t5	0.682233822333357	0
t6	0.368683181565217	0
