taxon	first_age	last_age
t1	8.24695019144033	8.12828622304592
t2	6.93663216261881	3.83606135069283
t3	4.54817677551619	0
t4	2.98078974962591	0.331263396211456
t5	4.39565506954732	4.39565506954732
t7	2.55575163256415	0
t8	1.37785064637967	0
t9	0.131936708970064	0
t10	1.59227004567404	0
