taxon	first_age	last_age
t1	6.14584946996993	0
t2	5.65374363530632	5.65374363530632
t3	3.87820383337662	0
t5	2.1922862851273	0
t6	3.66697655028888	0
