taxon	first_age	last_age
t1	4.25794643815342	4.25794643815342
t2	6.97011311714482	0
t4	2.14130673121495	0
t5	2.55575821267614	0
t7	0.264647374633928	0
t8	3.52466239585514	0
t9	3.54144281075959	0
t10	2.9341350521532	0
t11	1.9071327536547	0
t12	2.44549190566104	0.799164733107318
