taxon	first_age	last_age
t1	9.97275952179617	0
t2	9.07081451406643	0
t3	6.75080465197644	0
t4	1.17652195248353	1.17652195248353
t6	5.37298266220067	3.30732026650046
