taxon	first_age	last_age
t1	10.4347792381356	6.44327964999916
t2	9.08984367984408	0
t3	4.02463283849109	0
t4	5.36254799994541	3.4873176194311
t5	6.1484701300169	0
t6	4.91026560785938	0
t7	6.10589348968177	6.10589348968177
