taxon	first_age	last_age
t1	10.9916038276059	8.02375183193269
t2	11.4582510335134	4.48513134843708
t4	8.13560882612158	4.79356433364847
t5	4.02503910300921	0
t6	1.15017984004787	1.15017984004787
