taxon	first_age	last_age
t1	14.5888062780697	0
t2	14.2554185441433	10.7620717404205
t3	7.83037097883885	5.62597639161501
t4	5.41184530358522	0
t5	4.49160604917004	1.71961210699471
t7	0.0660988161625049	0
