taxon	first_age	last_age
t1	13.5705586003477	0
t2	12.5521125147334	6.95687028304182
t3	12.1808128766181	9.35807644853323
t4	10.9991135026359	5.11195684038636
t6	4.8769639651912	0
t7	10.1694734936737	9.4838004967327
t8	9.79776205918379	2.71126619946413
