taxon	first_age	last_age
t1	13.4792976578314	0
t2	5.37167051479748	0
t3	5.59231510816099	0
t4	4.75292663396226	2.08350849282367
t5	2.62032346387385	0
t6	0.955889429024715	0
t7	2.42610541815638	2.42610541815638
t8	1.44337582370842	0
