taxon	first_age	last_age
t1	12.666811170254	7.16741973487151
t2	10.5455701180533	4.52209001295688
t3	8.19230335317417	0
t4	5.59349015308349	4.75621441826038
t5	4.92189908480144	0
t6	2.44925857498197	0
t7	3.31584227663358	0
t8	0.565696466373412	0
