taxon	first_age	last_age
t1	7.80738225240661	3.32719266365344
t2	7.15089247425663	3.70455168465936
t3	5.24091857194508	0
t4	3.45110776652413	0
t5	0.392076925271247	0
