taxon	first_age	last_age
t1	7.46140261325159	0
t2	4.10730651352041	0.890063668940019
t3	2.09401085704604	0
t4	1.65958764792102	1.65958764792102
t7	0.311829418930655	0
