taxon	first_age	last_age
t1	11.9520795042717	8.17480579334438
t2	11.4574241147937	9.21354893817873
t3	3.06418991141865	2.12624992976741
t5	3.90945764415525	0
t6	1.92547890296619	1.92547890296619
t8	1.10864140600891	0
