taxon	first_age	last_age
t1	13.2441788443115	9.03570307493151
t2	9.13406775188727	5.20275036406407
t3	9.62191159698238	8.02798837875991
t4	8.07001843631127	0
t5	6.74410163409223	4.4620443736506
