taxon	first_age	last_age
t2	3.01926329278534	2.75361954802215
t3	0.957879098460566	0
t4	3.83869998634232	3.83869998634232
t6	3.93813323865374	0.605587847024346
t7	2.29657048863103	1.5105262892302
t8	4.64666443019992	4.64666443019992
t9	2.83479839648234	2.44154557679115
t11	3.12185012102048	0
t12	3.18992228172439	2.07399813252818
