taxon	first_age	last_age
t1	12.7329247131339	0
t2	7.33997701230976	1.67379774283592
t3	7.8355816531604	0
t4	6.69977562395909	0
t6	1.17831976630411	0
t9	2.46570008534039	0
