taxon	first_age	last_age
t1	6.10922597656823	0
t2	5.24761231201478	1.90125824899702
t3	3.25230874816629	1.41792966627003
t5	2.95780764194493	0
t6	0.441139301373101	0
t7	1.53740311953615	0.955183364372107
