taxon	first_age	last_age
t1	7.24861522630325	0
t2	5.28341276956368	5.28341276956368
t3	4.85699258938785	0
t4	1.92196999331814	0
t5	0.425703779502319	0
t6	0.0295213603652504	0
t7	3.86270999884661	0.735366992770834
t8	0.775048355195426	0
t9	2.78625342173375	0
t11	2.49930713130758	0
