taxon	first_age	last_age
t1	7.15481497197118	0
t2	6.6097515540946	2.73559527052688
t3	5.39594025500658	4.60322830343412
t4	4.72879331439799	0
t5	6.1570423521684	3.94637280544991
t8	6.1582305099699	2.90506882998038
t9	4.5632180206556	4.42184571307558
t10	2.35596652549121	0
t11	4.57016613958705	3.71161169263907
t13	0.326841216315113	0
