taxon	first_age	last_age
t1	5.69213927209585	0
t2	4.46349960411093	0
t3	3.89425504775594	0
t4	2.98019009114398	2.80639121350475
t5	2.86798778726065	0
