taxon	first_age	last_age
t1	8.0576340260874	0
t2	5.34269396872207	4.16724044165197
t3	2.36180094834632	2.36180094834632
t4	4.05734210596213	0
t5	0.7529702945425	0
