taxon	first_age	last_age
t1	3.62599403835534	0
t2	3.96700189202109	3.96700189202109
t3	2.84850335592841	1.53329352473163
t5	2.16070631500415	2.16070631500415
t6	1.93647538465901	0
