taxon	first_age	last_age
t1	8.58018242897982	0
t2	3.81096242813572	0
t3	6.28655684243657	0
t4	2.35598151352328	0
t5	1.39957721204881	0
t6	5.56594523854219	0
t7	5.47505634139864	0
t8	5.69478959059955	5.69478959059955
