taxon	first_age	last_age
t1	8.53437213177565	6.62531051068908
t2	10.8117740669871	0
t4	3.10937654012144	0
t5	2.14013710272633	0
t6	0.309396907339417	0
