taxon	first_age	last_age
t1	9.66824633766474	0
t2	3.91647589649419	0
t3	0.978837151621715	0
t4	1.41485681253694	0
t5	1.72431922670707	0
