taxon	first_age	last_age
t1	4.52902001846329	4.06637229921568
t3	7.37210551521584	0
t4	4.868704635105	4.868704635105
t5	3.87048754452713	0
t6	1.54845728804041	0
t7	0.523260814754086	0
t8	0.86867689728269	0
t9	1.38229737634545	0
