taxon	first_age	last_age
t1	9.06204376897424	9.06204376897424
t2	7.15674364190672	0
t3	7.27351708292404	0
t4	7.4250985040196	6.89726058206949
t5	2.61652084859205	0
