taxon	first_age	last_age
t1	9.81791636046597	9.81791636046597
t3	6.18506608432793	6.18506608432793
t4	11.3169230232557	5.37925078956556
t6	8.55071795774361	4.72202050451835
t7	4.30334033253091	4.30334033253091
t8	9.48798540874133	9.48798540874133
