taxon	first_age	last_age
t1	12.7320471321803	0
t2	11.536253799881	0
t3	10.6628079853271	8.33466178879581
t4	2.78342065203471	0
t5	8.67838340491271	5.09426819814601
t6	7.12276685015153	5.43122146164204
t7	7.04421739030393	5.13360284814311
