taxon	first_age	last_age
t1	12.6526447480228	0
t2	2.86835324003814	2.86835324003814
t3	2.57045274069764	0
t4	2.07789565402893	0
t5	0.19433589223163	0
