taxon	first_age	last_age
t1	12.8113161457655	7.85985485243096
t2	10.9335963794233	5.9844641976255
t3	9.39984396259159	8.98662957325631
t4	5.07076436693999	0.916747414156633
t5	3.94510024085863	3.21363036977164
