taxon	first_age	last_age
t2	5.64150193047861	5.64150193047861
t3	5.02753572709374	0
t5	4.52867740330978	4.52867740330978
t7	1.86695036806641	0
t8	3.77412181824244	3.77412181824244
t9	1.97038004632073	0
