taxon	first_age	last_age
t3	2.70239208869965	0
t4	2.75885792624348	2.75885792624348
t5	2.82748353349117	0
t6	1.22065512019718	0
t8	0.495682392900806	0
