taxon	first_age	last_age
t1	5.6983107918247	4.96749217769834
t2	4.50680978864627	4.31021349584365
t3	4.52540321867554	0
t4	1.93945095801454	0
t5	0.783535869348528	0
t6	1.08921196010217	0
