taxon	first_age	last_age
t1	3.4980352803103	1.28270828254893
t2	3.13279379896341	0
t4	1.622926099542	0
t6	1.43123644339405	0.484904327902456
t7	2.61226093223175	0
t8	0.129481090505168	0
t9	1.22440330663076	0
t10	2.09820535626096	1.09767059461848
t11	0.901341087343005	0
