taxon	first_age	last_age
t1	3.19213318710296	0
t2	1.06709320771038	0
t3	0.308245594161936	0
t4	0.542071928660058	0
t5	0.13873193900988	0
t6	0.63017719176265	0
