taxon	first_age	last_age
t1	9.09006911456848	0
t2	6.59962534431818	6.08630606203354
t3	5.56849437049021	0.806975593325811
t4	3.64517361263725	1.03217162131237
t5	2.82665919467667	1.42060862599451
