taxon	first_age	last_age
t1	13.6610251276725	8.46717544281377
t2	12.8775045678801	0
t3	10.7210273324799	0
t4	4.11806901822919	0
t5	4.20702805694546	0
t7	4.0752060247944	1.57705409974675
t8	4.51744083191947	0
t9	4.35984801052555	0
t10	3.7664691551909	1.45741342281448
t11	3.40324981143352	0
t12	1.40031885338165	0
t13	0.786097134958682	0
