taxon	first_age	last_age
t1	3.88054788516842	0
t2	3.90593683747599	0
t3	1.23163820345484	0
t4	1.22520983294453	0
t5	1.55738351754421	1.2634459417815
