taxon	first_age	last_age
t1	10.9934676359131	6.74681073090888
t2	11.8111153588859	0
t3	11.3471413348756	0
t4	6.19605828233377	4.99169710286485
t7	9.03170263810682	7.63235387698745
t9	5.79649733888231	5.79649733888231
t10	8.3348418945407	6.29233091788526
