taxon	first_age	last_age
t1	4.31336588075675	0
t2	4.55152868959483	0
t3	3.3469619884018	0
t4	1.92729576953684	0
t5	3.28690468327843	0
