taxon	first_age	last_age
t1	6.91291553158342	3.92927460488741
t2	7.57511733384615	6.2263533366879
t3	7.46647221402884	3.3098123463153
t4	5.99119201054955	5.28472875925352
t5	4.06496914351743	4.06496914351743
t7	4.81759147226655	3.23672687332352
