taxon	first_age	last_age
t1	9.80953516597966	0
t2	8.96134164711768	5.49660225604696
t3	7.53555874761181	7.53555874761181
t4	5.7673434926429	5.09722156334304
t5	3.25079494094592	0
t6	7.85331715960013	0
t9	0.800973271479636	0
