taxon	first_age	last_age
t1	8.89348092126615	0
t2	6.66506249158707	6.66506249158707
t3	2.97033543885721	2.23884410399388
t4	3.39926579850109	0
t5	3.78413408922999	2.56704949650887
t6	3.40019349320785	0.979011598901582
t7	3.80259186275454	3.80259186275454
