taxon	first_age	last_age
t1	8.61265608170443	2.65099030913432
t2	9.73156444843716	4.73241158483045
t3	8.94612481856554	8.68059272475545
t4	4.33944063396835	2.90653620827522
t5	4.25265279333502	2.42111389091744
t6	8.40415330522871	5.27727148896381
t7	2.16823173161142	2.16823173161142
t8	7.24060777581267	7.09757511511924
t9	5.304865324489	0.746342876243265
t10	5.08850193895066	0
t11	0.136879293192612	0
t12	2.6771134935661	0
t13	2.40658915910766	0
t14	0.165637807578019	0
