taxon	first_age	last_age
t1	6.86109899453608	0
t2	7.38525844401901	0
t3	7.02875889948223	7.02875889948223
t4	6.16226724071047	0
t5	6.02531378510471	6.02531378510471
t6	4.58415129503507	0
