taxon	first_age	last_age
t1	10.8712723983802	10.4389482133477
t2	11.061927015304	0.885711428443434
t3	10.0985961809551	0
t4	4.83800253160453	0
t5	3.60104322159237	2.57176049648386
t6	3.81837361279812	0
t7	2.72995491540754	2.72995491540754
t8	0.690009187308192	0
t9	10.220253893852	0
t10	1.42369882624967	0
t11	3.09399148815197	0
t12	5.1488958529925	0
t13	5.89933362974943	2.63074812481175
t14	6.14515840369249	0
t15	4.53377638953253	4.53377638953253
t16	0.815775829922304	0
t18	1.66349291973644	0
