taxon	first_age	last_age
t1	10.4495851337824	0
t2	5.65263513327824	0
t3	5.368295788762	0.952181415493579
t4	2.24670530313286	0
t6	3.66026103147538	1.74032873078452
t7	3.90238512376148	2.5006907730425
t8	3.49651789102708	1.65657712080757
t9	2.69078138664545	0
t10	3.12919990825278	3.01050214649852
