taxon	first_age	last_age
t1	11.4313625592892	0
t2	11.9541741339056	11.9541741339056
t3	9.9615343576899	4.85391816029567
t4	10.1398067493821	9.72868603215797
t5	9.19631675387691	0
t6	8.99492512858014	0
t7	1.53837461105197	0
