taxon	first_age	last_age
t1	9.28912255005726	0
t2	2.91364692629028	2.91364692629028
t4	2.52566410941634	0
t6	1.60522728702768	0
t7	0.625290391247425	0
t9	3.07969691114596	0
t10	2.05968524755671	0
t11	1.89683191466802	0
t12	0.816677623880391	0
t13	2.82872173837467	0
t14	2.69163444238654	0
t17	4.75028177142873	1.96327851296458
t18	2.94489645167795	0
t19	0.0637675749281659	0
t22	3.28246310883935	0.894530602459762
