taxon	first_age	last_age
t1	5.99436726413456	0
t2	1.16955475247923	0
t3	0.936875928830653	0
t4	1.0947747461585	0
t5	1.49050893555064	0
