taxon	first_age	last_age
t3	2.09144095855886	0
t4	0.513493004650163	0
t5	2.9430619412099	0
t6	3.94736408592835	3.55628281820594
t8	4.55162438181163	4.55162438181163
