taxon	first_age	last_age
t1	9.61118440111151	0
t2	10.0976098953602	6.17188898661473
t3	6.81761470794522	6.23933468663283
t4	6.17861980296564	0
t5	5.33294045918935	0
t6	0.468822479222059	0
