taxon	first_age	last_age
t1	5.99503832709282	0
t2	2.18093268606347	0
t3	0.761800653681207	0.555413123374492
t4	1.92483088919533	0
t5	2.06451896028477	0
