taxon	first_age	last_age
t1	4.52849470839809	3.72183812257255
t2	4.55975454107931	4.32290919391998
t6	4.75969468857605	0
t9	1.47432036174115	0
t12	0.829162467355091	0
