taxon	first_age	last_age
t1	5.13098051296068	2.73102634526554
t2	1.16168751712202	0.868626253537533
t3	1.39620664101257	0
t4	3.18347574813198	0
t5	1.2020046311107	0
t6	0.649774485445809	0
