taxon	first_age	last_age
t1	9.93340222300979	1.97878065844808
t2	5.11121718673714	4.61250396043432
t3	8.32667003075617	0.512663189390466
t4	3.65497115494309	3.65048514997811
t5	5.11952587240411	0
t6	6.39725018897296	3.48053469828247
t7	1.87598217232535	0
t8	2.28577052671515	0.332852556734045
t9	6.19306175103974	0.941290817530611
t10	5.643676536673	0
t11	4.65528952444645	1.59574899889773
t12	1.45864897964589	0
t13	3.82003748886576	0
t14	3.65039408342838	0
t15	2.75460385100855	0
