taxon	first_age	last_age
t1	6.3652068070257	0
t2	3.17485067815693	3.17485067815693
t3	3.03790565148574	0
t4	2.87868144477701	2.38257945021435
t5	2.39382138877208	0.816155163989555
t6	2.72218281231153	0
t7	0.985196103580257	0
t9	1.6147424470109	0
t11	0.385612416293356	0
