taxon	first_age	last_age
t1	13.7173849279522	4.52843722175664
t2	6.02796018922338	2.81156091838732
t3	2.90260374352525	0
t4	7.05177902577753	3.28300158099853
t6	4.2246030161128	4.2246030161128
