taxon	first_age	last_age
t1	4.33045959917042	0
t2	5.24593340138451	0
t3	0.738862352506292	0
t4	4.26409362559722	0
t5	0.524264382770735	0
