taxon	first_age	last_age
t2	1.48851670403391	0
t3	1.77350076020295	0
t4	1.82475749519303	0
t6	1.70457464386635	0
t7	0.511338858906193	0
