taxon	first_age	last_age
t1	12.5681399073785	9.36477862162157
t2	10.085851319908	8.48884725690188
t3	9.2974726580818	5.10407496820758
t4	9.73417158942972	0
t6	7.79488714032679	4.74621139638241
t7	6.54246692920159	0
t8	0.281692459307722	0
t9	8.07441582497466	7.9759296105165
t10	7.82592530719499	6.45307317919416
t11	9.74848759862898	4.32007330278227
t12	4.53044403192906	0
t13	0.418439681848737	0.418439681848737
t14	1.96474518122909	1.08618343160935
t17	1.23121084834711	0
