taxon	first_age	last_age
t1	9.83175607757465	0
t2	9.59948331543137	2.46198560278406
t3	9.53843672240429	7.06605245631924
t7	7.0015400731168	0
t8	1.74747653460453	0
t9	0.13205601508189	0
