taxon	first_age	last_age
t1	11.4810266702118	0
t2	9.83818398488084	9.83818398488084
t3	8.19617741693473	0
t4	1.56597907110743	0
t5	2.23586188422595	0
