taxon	first_age	last_age
t1	4.86009437331589	0
t2	2.22552165674966	1.1552601928851
t3	1.16056291356695	0
t4	0.953870543172159	0
t5	0.307704532460408	0
