taxon	first_age	last_age
t1	11.2438676165081	2.40943846584044
t2	10.2818649118748	3.95774770814615
t3	8.91097090818034	0.863770199795358
t5	8.76002751528595	0
t6	5.95238053530859	0
t7	5.95255379912943	0
t9	0.38823152994388	0
t10	1.92309318496386	0
t11	5.24183403336174	2.52615796637132
t12	5.74561683158861	4.92536558975393
