taxon	first_age	last_age
t1	13.1507745402658	9.80588408994351
t2	12.1510831837271	8.81505393195785
t3	9.97504441045378	6.0221478042687
t4	9.58282586228348	4.7722954216353
t5	9.21213572726583	6.1857415705066
t6	6.14897741656665	4.60385921624761
t7	3.70625146005178	3.70625146005178
