taxon	first_age	last_age
t1	11.3031743531174	7.25521960367053
t2	7.91549454503935	0
t3	1.73216879405189	0
t4	1.99422722029854	0
t5	0.916159396308311	0.872637661407381
