taxon	first_age	last_age
t1	4.94410147628888	0
t2	5.04464167801082	0
t3	3.86919837192336	0
t4	3.52628611501178	2.37293554520104
t5	2.31931645671795	0
t6	2.48122501692872	0
t7	2.14054034397385	2.14054034397385
