taxon	first_age	last_age
t1	13.7480080542101	13.0136050209878
t2	12.2230691058242	10.5150006563567
t3	11.9211992643877	4.60010955507089
t4	9.5567920365204	5.36522266198951
t5	8.33405215974599	6.2922284529737
