taxon	first_age	last_age
t1	7.38038627580007	2.64968727957874
t2	6.9167074273357	0
t3	4.18643810608912	0
t4	3.83616147451512	0
t5	3.01713872882566	3.01713872882566
t6	2.79723786485177	0.363424062992088
