taxon	first_age	last_age
t1	7.90769842612145	3.28703373615674
t2	5.38410064085992	0
t4	2.80949035608871	0
t5	2.77058739927465	0
t6	2.53994653128142	2.53994653128142
