taxon	first_age	last_age
t1	14.6242697558654	0
t2	12.4528999511279	12.4528999511279
t3	8.95598850615654	8.12244740639821
t4	5.92615366193928	0
t5	4.49894638852807	3.19448386458068
t7	1.60275578371213	0
t8	1.30129054805779	0
t9	4.06675800826266	0
