taxon	first_age	last_age
t1	11.5462780062514	11.5462780062514
t2	11.5105909211013	0
t3	8.7918789158604	4.83263695786198
t4	11.7252861263942	11.7252861263942
t5	10.940854346328	5.04256262679605
t6	6.0899332080938	0
t7	6.21308990269098	0
t9	4.4722204133727	4.4722204133727
