taxon	first_age	last_age
t1	13.8532523704669	8.05645316241381
t2	13.0715411940378	12.311106628363
t3	7.62351939831607	6.37013825476493
t4	6.41887791552518	1.3917550667282
t5	6.01361922136054	0
t6	2.9022328046228	0
t7	3.46494218468165	0
