taxon	first_age	last_age
t1	7.55119462153419	0.323716712131939
t2	6.21343743966091	3.71473870946933
t3	3.46337119705034	3.24896259096779
t4	5.30964046254199	5.30964046254199
t5	3.43948441423187	3.43948441423187
t6	0.893068217744275	0
