taxon	first_age	last_age
t1	7.28947875908836	1.31363403284783
t2	2.94074987545987	2.89819903312405
t3	3.12246190454233	0
t4	1.70764654726116	1.70764654726116
t5	0.546479583305283	0
t6	2.71624487439841	0
