taxon	first_age	last_age
t1	13.937014698556	0
t2	8.90408029834863	0.910802421465696
t3	7.04464028187159	6.44041727983582
t4	5.05428097367206	3.14696937991312
t5	1.27557727367266	0
t6	2.25141315839081	0
