taxon	first_age	last_age
t1	12.948943840983	7.86372662079033
t2	8.29899965964484	6.07070614158465
t3	7.86550490182986	4.7728861013551
t4	4.2969348779938	2.44908038786752
t5	5.9180497534886	2.96502712158424
