taxon	first_age	last_age
t1	11.3323413440395	6.0388270491929
t2	8.54296688670448	6.57585858370895
t3	9.63894812974382	5.5310964671111
t4	8.271303067085	6.98652404942063
t5	7.95357100234379	7.95357100234379
t7	4.35200207847986	2.92371124876295
t8	3.9588067370552	1.90530835884352
