taxon	fad	lad
t1	18.4394407396515	0.738026721141452
t2	15.180553324376	4.86166846290447
t3	14.6626527002053	8.42090548506888
t5	11.527629921729	3.86765692276413
t6	10.1945908944007	5.43490398129651
t7	7.76159083997541	7.17033363163802
t8	2.60496962190873	2.60496962190873
t10	1.92685555981349	1.16426915610394
t13	11.3436961473131	0.853728101948114
t15	9.88540151193557	6.2978449418773
t16	8.78495802065376	2.89256776003475
t17	7.58765148978834	7.58765148978834
t18	5.0195398861977	3.90659763623402
t19	2.96182078229021	2.96182078229021
t20	3.34665441648942	3.34665441648942
t23	2.63510396565136	1.37608238010933
t27	1.26170310877729	0.65550673215138
t29	6.63547674560431	0.449739313593263
t30	6.71069780815916	6.71069780815916
t35	6.75071750078845	4.17735444638475
t36	4.9284740040817	4.79209172074925
t38	8.82064996477512	8.82064996477512
t39	6.69086329053141	0.110525696469917
t41	5.72402117988337	1.06886297227159
t42	4.74431230194246	4.74431230194246
t49	3.63465882858102	3.63465882858102
t53	7.03487902071403	6.16908185927894
t55	3.03219250972865	3.03219250972865
t65	3.57852427106972	0.98593057567216
t67	5.32230155303034	5.32230155303034
t69	2.28543097949738	2.28543097949738
t70	0.441886781741655	0.441886781741655
t71	0.225615578875288	0.225615578875288
t74	2.22449871301784	0.421122479721063
t77	1.30558691509201	1.30558691509201
t78	0.674577948886984	0.674577948886984
t88	3.95805438896221	2.18490284317685
t90	2.3892618532695	0.186806391312935
t93	1.19321393052548	1.19321393052548
t94	0.940395015775252	0.934407760251649
t101	2.78268555390471	0.916991007763979
t103	2.36371549859312	2.36371549859312
t110	0.917139649987789	0.917139649987789
t111	5.84862682645299	1.05758063200086
t112	3.01012016282928	3.01012016282928
t113	0.865564558263106	0.865564558263106
t119	0.600381521964124	0.600381521964124
t126	3.66680736844243	3.66680736844243
t133	2.99225235346443	2.93604470312333
t134	2.60334399722873	2.60334399722873
t138	2.71398614820449	2.65746904886374
t139	0.53541832952806	0.53541832952806
