taxon	fad	lad
t1	19.8952489548052	2.55399383787496
t2	16.6275792492712	16.6275792492712
t3	15.3894468584567	15.3894468584567
t5	10.3075231490353	3.84832861230278
t7	0.703952404749689	0.703952404749689
t8	11.0279773500353	11.0279773500353
t10	13.6399282922508	0.925352281782292
t11	10.3373544773635	5.38858976247021
t12	7.142131271811	7.07621415522116
t13	4.4584354576199	0.757934396978744
t14	4.13292485744277	4.13292485744277
t18	9.2705395493069	9.2705395493069
t19	8.8264336733181	8.8264336733181
t20	3.13471565581263	3.13471565581263
t22	11.5023687522891	8.76701247580968
t23	9.76896587245578	9.19891636770631
t24	6.66933719174315	6.66933719174315
t25	5.46876919775273	5.46876919775273
t26	3.2536635219851	3.2536635219851
t27	4.68741883611684	4.68741883611684
t30	1.38439620330098	0.46428662830753
t31	9.28208083858428	8.91520327177392
t33	7.29264489048717	7.29264489048717
t34	5.05936995344068	1.05707494440974
t35	1.85761573603978	1.85761573603978
t37	2.04813892669413	2.04813892669413
t38	8.25319059669357	0.94457991035582
t40	6.67553646836253	3.88293291277436
t41	10.7224640654641	10.5796426364772
t42	6.52666513096207	6.52666513096207
t43	7.89993418602154	6.39968526615953
t44	4.15836055086002	3.9319454806612
t47	3.84840059337273	2.2678360879521
t49	6.94085409035363	5.49875291166284
t50	7.00200069087582	7.00200069087582
t52	3.07404847687168	2.26352330634428
t53	0.184588508637578	0.00352219216586391
t54	11.2787993460572	10.7846621929858
t56	3.5223716414625	3.5223716414625
t57	3.21371403007488	3.21371403007488
t58	4.0586291828482	4.0586291828482
t59	2.01747581002644	2.01747581002644
t61	7.20172618183283	0.71410261410951
t62	6.65475907425819	6.65475907425819
t63	6.27801226537209	6.27801226537209
t65	6.42817961894478	4.1728997501036
t66	6.11218464447721	6.11218464447721
t67	2.73147954122224	2.73147954122224
t68	6.73895574158724	1.32500033887511
t69	0.702463130794971	0.702463130794971
t73	2.16359375615945	0.316275629339426
t74	0.7343136860272	0.7343136860272
t76	0.596493295968838	0.596493295968838
t79	6.89932028521173	6.89932028521173
t80	3.02069465932134	3.02069465932134
t84	2.73481566767287	2.73481566767287
t87	1.23139065100244	1.23139065100244
t88	0.133338733185461	0.133338733185461
t92	1.12714765201462	1.12714765201462
t95	1.04389460318829	1.04389460318829
t97	1.18213723044801	1.18213723044801
t98	1.81218372763476	0.102947644695092
t99	1.50744433346451	1.50744433346451
t100	1.3627466880113	0.968131993681698
t102	2.64731722861814	0.424574722971137
