taxon	max_age	min_age
t1	19.4527110690251	3.0583482857411
t2	18.1053492009071	7.39268163201648
t3	9.62145481077577	0.653216820380209
t4	7.62187595210759	6.85864159103272
t5	2.40689541886588	2.40689541886588
t6	12.1420268076494	12.1420268076494
t8	7.57913569332181	7.57913569332181
t10	4.20283279345431	4.20283279345431
t12	13.0888567520118	13.0888567520118
t13	5.36826737591509	5.36826737591509
t14	3.03863464148571	3.03863464148571
t15	2.49234556889026	0.334361545863757
