taxon	max_age	min_age
t1	19.1441951167455	3.99283005160461
t2	17.4340008913229	15.5330136925998
t5	12.7207343051399	12.7207343051399
t6	3.7133725473594	3.7133725473594
t8	12.5478768190936	10.2266812585861
t9	12.5728047029843	7.58226178561201
t10	11.8053050251404	6.53788429766089
t16	18.179330355226	13.6752084843218
t17	14.7397972841762	14.7397972841762
t20	7.26683082752365	2.55219837748022
t21	5.47866694369989	0.886563169514329
t23	4.37373614885019	4.37373614885019
t24	13.1259260128752	5.19457986955935
t28	0.597428765529873	0.597428765529873
t30	9.88653032718368	3.33263396542128
t31	9.05943246630041	7.81638550547733
t32	14.230964864856	14.230964864856
t33	9.39985622547715	9.08355180118819
t37	7.62788632406279	7.62788632406279
t38	9.18459760209378	9.16042762170956
t39	2.50727452375287	2.50727452375287
t42	7.29132084818458	1.69387153089014
t44	4.20128611379071	3.06662573010428
t45	13.054449975478	3.25485701061558
t46	11.2030773304209	6.69010974838981
t48	9.4582033108303	9.06972453904689
t49	1.96228549050237	0.794520933496909
t52	3.54142847293344	3.54142847293344
t55	6.05488521118669	6.05488521118669
t58	1.84207027633786	1.84207027633786
t62	10.0350058289274	6.97868359842042
t65	3.39986205400662	1.77419373289134
t67	0.565486710058927	0.565486710058927
t76	9.89558635004787	6.07801596397345
t82	10.3633698669417	3.72074927291782
t84	7.77433520708841	7.77433520708841
t85	5.1574340471726	3.54695856505493
t86	5.11113406507734	2.57392940474212
t90	4.25141845215041	4.25141845215041
t91	2.46104205499022	2.46104205499022
t92	8.66298751428792	8.09712573732248
t93	5.85641592566689	3.83098472201099
t94	2.75347908551584	2.75347908551584
t97	4.85707115869667	4.85707115869667
t98	3.2300194227946	3.01780394581479
t99	1.4867089276509	1.4867089276509
t100	1.2219940881442	1.16229548223426
t101	0.420333722408706	0.420333722408706
t104	3.58463539396118	3.58463539396118
t105	3.01066440026899	3.01066440026899
t107	0.369995756319078	0.369995756319078
t111	0.0176990840126159	0.0176990840126159
t115	1.0751049713747	1.0751049713747
t118	0.0593755687001973	0.0593755687001973
t119	0.314609273282084	0.314609273282084
