taxon	fad	lad
t1	19.2830619681627	11.2470790917804
t4	12.6578729213524	11.6438269969999
t5	13.0714517024656	5.1029926261375
t6	10.9359974137514	2.49223397244441
t7	10.026349220705	9.97844699606966
t8	7.73617538341077	0.946744562744058
t9	10.2648734659736	5.84116770137788
t10	1.11472523692722	1.11472523692722
t13	3.97233582908475	3.97233582908475
t14	9.26871718959471	7.7886185135999
t15	12.3380316447383	5.62846292239427
t16	6.69793460528475	5.37821741785032
t19	12.8762667239492	12.8762667239492
t21	2.22868943434009	2.22868943434009
t24	7.86756376810661	4.58129916570128
t27	0.452446854342405	0.452446854342405
t28	4.83391522371202	0.227044806368902
t29	10.4256126773332	0.953991562785824
t30	5.39561782446481	5.39561782446481
t35	4.48412160967442	4.48412160967442
t38	3.80191060616547	3.80191060616547
t42	12.1733072085755	7.24305867502955
t45	3.10529431445205	3.10529431445205
t47	0.545876286735712	0.480606386560279
t48	1.18866835317889	1.18866835317889
t50	5.46394806127333	1.54299217062373
t52	1.05763205423633	1.05763205423633
t55	1.68256659066682	1.68256659066682
t61	6.82043668270527	6.82043668270527
t63	3.01458322998202	0.0718072065727604
t66	4.70478338697093	4.70478338697093
t68	5.40275633941098	4.0333565974981
t69	4.42722305238529	0.878480705149705
t71	8.26136945275671	5.46916628730597
t73	8.11618572089173	1.42858583513727
t75	3.79214126212767	2.98212137915187
t76	1.08711844412351	1.08711844412351
t77	4.95933182095723	3.12382724159943
t79	2.23947078481645	2.23947078481645
t80	4.07088556171788	2.82148653548343
t85	4.83681216539538	4.83681216539538
t89	6.95280736300446	6.45103259621161
t90	5.98655875463976	5.98655875463976
t99	0.682427209544457	0.682427209544457
t101	0.220340760984858	0.220340760984858
t107	2.1361049922014	0.900849127752558
t109	0.451810715809305	0.0925272079089687
t110	1.10292185535916	1.10292185535916
t113	0.62439388080265	0.62439388080265
t114	3.60893407765066	1.2009143416194
t115	1.55410058679722	1.55410058679722
t116	0.582649580898803	0.582649580898803
t117	1.38295929602841	1.38295929602841
t118	1.00275243964606	1.00275243964606
t119	0.19320350329885	0.19320350329885
t122	0.172372969642087	0.172372969642087
