taxon	fad	lad
t1	19.9581475323066	10.9882024514807
t2	14.8888333115481	4.27415372116931
t3	14.6666896054949	4.79525849002798
t4	11.3376524267853	5.29478038059684
t6	7.97018663599843	7.97018663599843
t7	9.41052380216387	9.41052380216387
t9	5.27643613898539	1.68963562471548
t12	8.95840527033264	4.76181467267943
t17	4.38828644979973	4.38828644979973
t18	9.62486975574354	7.67520783372333
t19	2.99739871570848	1.01483290170016
t21	4.40432920223023	3.76568100827977
t24	3.18504884507006	3.18504884507006
t26	6.59825569247266	4.01649348059452
t27	9.99310794712112	9.99310794712112
t29	0.34124983489831	0.34124983489831
t30	5.4886579298556	5.4886579298556
t31	3.92402969789556	3.92402969789556
t32	2.35394645605516	2.35394645605516
t33	0.961560536673812	0.961560536673812
t34	4.83397830637824	4.83397830637824
t35	7.29549947075233	7.29549947075233
t36	4.2054534615331	0.734122830769689
t37	2.57164220458061	2.57164220458061
t38	5.10713606592663	1.36624662501512
t39	7.121469527126	2.31103425216929
t40	0.276067702781628	0.261251375761102
t44	4.56158626729407	1.40275885351288
t45	4.64782276667218	2.34396000713915
t52	3.37293755120467	3.06462180663867
t53	0.578586268660573	0.578586268660573
t54	0.598477228089077	0.598477228089077
t56	2.19885934637069	2.19885934637069
t59	0.236183324984939	0.236183324984939
t63	4.68369040100422	4.68369040100422
t66	1.31999674570733	1.31999674570733
t67	2.01337681785405	2.01337681785405
t69	2.93688362458987	2.93688362458987
t71	1.1579281623326	1.1579281623326
t74	0.529101540770935	0.475198634244528
t80	1.51490921105999	1.12649621703782
