taxon	max_age	min_age
t1	16.1472259208123	8.30534690654572
t2	15.2786555088295	15.2786555088295
t3	11.9250053681225	11.9250053681225
t4	9.48379571745783	5.69204784655805
t5	10.7203719419365	7.47179097468995
t7	10.0962349635451	5.09069554393481
t8	10.2303053165566	7.01299301256396
t10	4.38427331035443	4.38427331035443
t13	10.1832890654354	9.90739186769154
t15	6.75421659173334	6.75421659173334
t17	3.01773353069113	0.0547119479300022
t19	7.74910024984212	7.74910024984212
t21	6.95103382767497	0.153554107789695
t23	7.92945265668082	0.489615943165017
t24	2.8900594066726	2.8900594066726
t29	3.5279949470496	3.5279949470496
t30	2.19182678931716	2.19182678931716
t32	6.1492617821851	6.1492617821851
t33	5.86173656300706	0.351722133288487
t34	8.2659182977611	4.55554429603708
t36	1.50141823160486	1.50141823160486
t39	5.17805064436828	5.17805064436828
t41	5.95863467926121	5.95863467926121
t43	3.38703784930099	3.38703784930099
t45	4.24755953845363	1.41734439385373
t49	2.39021586035781	1.03517193635905
t52	1.90339443079801	1.11331263131636
t54	2.21926737820734	2.21926737820734
t58	1.39864465395728	0.755958121146946
t59	4.89079872469331	0.594761824405449
t62	0.167040669770305	0.167040669770305
t63	1.51561753794049	1.51561753794049
t65	1.19189249926665	1.19189249926665
t66	0.125368472051999	0.125368472051999
t68	5.84840143295616	5.84840143295616
t69	2.88224496209326	2.88224496209326
t73	2.25755800342583	1.18082108912143
t76	2.93139421533392	1.61343366991327
t77	0.33502288969694	0.33502288969694
t78	1.48001169584799	1.48001169584799
t81	3.20456624703394	3.20456624703394
t83	3.02799898007963	0.435925729657711
