taxon	fad	lad
t1	19.6748204231206	9.83240354703824
t2	16.2844698784411	11.6320548976591
t6	14.1621319135799	14.1621319135799
t9	8.02382039399884	1.89078751843297
t11	9.81962980413255	5.8360778728755
t12	3.35165829143309	3.35165829143309
t13	3.33637332599743	2.01364408303185
t14	7.82199608150327	5.36617262121989
t15	4.66865566300735	4.66865566300735
t16	7.18159377457737	7.18159377457737
t18	4.21941736706621	0.863694390357757
t19	1.49866151068589	1.49866151068589
t21	1.11044453806145	1.11044453806145
t24	4.28162465598829	4.28162465598829
t26	1.79956902011286	1.79956902011286
