taxon	fad	lad
t1	17.917412884223	17.917412884223
t2	15.556480656518	2.81070565437927
t3	12.3035658129537	4.35064123364416
t4	6.72815478051886	6.72815478051886
t11	7.10370665992484	0.874971332654663
t12	5.12871845425601	5.12871845425601
t16	7.2696391707339	5.7804239336454
t17	6.3541925635999	6.3541925635999
t21	5.16101823764727	0.566566517892291
t22	0.594273187675846	0.594273187675846
t23	4.10720516600586	2.8981398261674
t24	3.62988869726703	1.57999280693156
t25	4.61397181078424	3.78191710728785
t27	5.82684068191979	3.452006213329
t31	0.225325296395383	0.225325296395383
t32	0.401557303675368	0.401557303675368
t35	2.47717908606084	2.47717908606084
t37	2.18607172921888	0.954257913529798
t38	3.53760060359541	3.53760060359541
t39	0.602395113682778	0.106276261671354
t40	2.99213493598408	2.99213493598408
t41	0.095801496622439	0.095801496622439
t43	0.161951242236224	0.161951242236224
