taxon	fad	lad
t1	19.1022497808603	15.7182295552278
t2	18.4092408081265	2.81125288527924
t3	13.5399393636902	4.74490580574083
t5	11.2248969684824	11.2248969684824
t6	12.9763473649357	6.1686442971821
t10	9.80420884393843	8.00196244254154
t13	0.686325166613884	0.686325166613884
t14	14.6922270053377	14.6922270053377
t15	15.1256973172228	15.1256973172228
t17	10.8226920100043	7.57250335080206
t18	10.5110585610915	0.426521317205285
t19	5.20292597864854	5.20292597864854
t20	4.82812689441165	3.3591826335297
t21	3.54788921435888	3.54788921435888
t22	4.51434940243223	4.51434940243223
t23	0.273124385428559	0.273124385428559
t24	8.903097079471	7.39549252113972
t25	4.34565837059165	4.34565837059165
t26	10.0426649212167	10.0426649212167
t27	7.01852257477987	1.08917163437104
t28	9.02947793859729	1.62336663826564
t32	3.04298143354948	2.51619996179289
t35	4.16926915942375	2.26500369793419
t36	7.39660466951463	5.17283433202489
t37	2.52396208690794	2.52396208690794
t38	2.62517481817388	1.09091515427911
t44	4.44114227512328	4.44114227512328
t46	1.92520292503286	1.92520292503286
t47	3.48252042116121	3.48252042116121
t48	4.48970558393775	3.02658973544202
t49	3.63087962735447	3.63087962735447
t50	2.94484960579721	2.94484960579721
t52	1.7550088858464	1.7550088858464
t54	0.256336098265798	0.256336098265798
t57	3.92866554474475	3.92866554474475
t58	3.49725955757961	0.219517086173706
t61	4.42216286055578	2.53768594555391
t63	2.3285559402638	2.3285559402638
t66	3.27936156696427	1.8388726876715
t67	0.582954550427136	0.582954550427136
t68	1.73807280246818	1.73807280246818
t71	3.12698179027067	3.06210770218944
t76	0.206346512342733	0.153589623240375
t86	2.17306382792871	2.17306382792871
t88	1.59114816932463	1.59114816932463
t89	1.91754996765674	1.91754996765674
