taxon	max_age	min_age
t1	14.0824884986892	7.89898282755534
t3	15.6826720295012	8.79745765320746
t4	13.1831064926983	13.1831064926983
t6	9.93597882780194	9.85207577837268
t7	5.88666472267961	5.88666472267961
t8	7.55862622841913	7.55862622841913
t9	1.48875263683201	1.48875263683201
t11	8.86405701014934	8.86405701014934
t12	12.483786176554	10.6172852232962
t13	3.97304370062406	0.0101959596137711
t17	0.785931806316068	0.785931806316068
t18	1.43316679465448	1.43316679465448
t20	1.78462425443899	0.771997628199898
