taxon	min_age	max_age	status
t1	14.6623328155838	18.5083084361007	extinct
t1	7.33782694923381	10.7698207775441	extinct
t4	3.50117766934757	7.33782694923381	extant
t5	3.50117766934757	7.33782694923381	extant
t6	0	3.50117766934757	extant
t7	0	3.50117766934757	extant
t9	0	3.50117766934757	extant
t10	0	3.50117766934757	extant
t11	0	3.50117766934757	extant
t13	0	3.50117766934757	extant
t18	0	3.50117766934757	extant
t20	0	3.50117766934757	extant
