taxon	fad	lad
t1	4.55035177802314	2.22890734191887
t2	7.21077076094158	3.1503637067815
t3	3.54692365105923	3.54692365105923
t4	0.0851701320261657	0.0693708769881969
t5	8.01924447550761	0.930916291844721
t8	6.58121249526001	6.58121249526001
t13	4.62179588916738	0.960863413007969
t14	6.10230493891764	6.10230493891764
t15	2.54370033628663	2.18483859871249
t18	2.31009517727325	2.31009517727325
t20	0.302239458795743	0.10818276346858
t21	0.461255382798011	0.374795328256385
t23	0.592029613244037	0.592029613244037
