taxon	max_age	min_age
t1	7.81122455218186	0.666898450613397
t2	4.30491969149003	1.99826317843735
t3	9.09205706814446	9.09205706814446
t5	7.32557432096671	6.92859060743422
t7	3.51258589192329	3.51258589192329
t10	7.79640202711828	7.79640202711828
t11	1.0603218978536	1.0603218978536
t12	5.58883205087749	2.51829950867496
t13	5.50131448177433	0.203422270428415
t16	7.94787045084871	7.94787045084871
t20	2.99981998704212	2.16059551533149
