taxon	fad	lad
t2	4.34330401538997	1.95683367161239
t3	8.00789311609594	1.22359064715906
t4	7.60035631757246	0.485382962057617
t6	0.697088849402988	0.697088849402988
t7	4.58475548382604	0.0671590634349037
t8	5.06498139797984	2.31024934439296
t9	0.790515469485245	0.212809299527329
t10	1.62456949260009	1.62456949260009
t11	2.43209277882336	1.65700837330678
t12	0.227463073496569	0.227463073496569
t17	2.16872258959271	2.16872258959271
t18	1.93575659386488	0.737604893976675
t20	0.417675274315361	0.417675274315361
