taxon	max_age	min_age
t1	5.82463224432464	3.98644448824447
t2	8.94432771807742	5.96206393321263
t3	6.82387858235931	6.54900034496283
t4	4.46354629251191	4.46354629251191
t5	1.73462844942834	1.73462844942834
t6	1.53694906563233	1.53694906563233
t7	8.75493814220868	1.59820427200163
t8	6.85674000757278	6.85674000757278
t10	1.75794600410522	1.75794600410522
t14	1.84179198585339	1.48948370757091
t15	1.42917733143441	0.785053451241771
t17	2.84700747121947	2.54057621640795
t19	4.25623487185397	3.98115648432337
t20	2.84785723068969	2.84785723068969
t25	0.0500000836991532	0.0500000836991532
t26	6.38319391072107	2.22878908009824
t27	5.40648013532404	5.40648013532404
t29	2.19693781233568	1.70258738725392
t31	5.42915725160007	4.90881318111304
t32	6.8043243157968	6.8043243157968
t37	1.78049172154019	1.34286950687269
t38	0.0185068553254499	0.0185068553254499
