taxon	max_age	min_age
t1	7.61532949159133	0.336557405951332
t2	5.5713622926633	5.5713622926633
t3	6.22444112645269	6.22444112645269
t4	2.33589285970353	0.268296527843905
t5	5.85871672146038	0.142631036250572
t6	4.5627606072723	4.04080158677459
t7	1.27715328029216	1.27715328029216
t8	7.11992142567854	5.56314152045618
t13	7.98037651719799	3.83341192694794
t14	1.83505089095295	0.765765339502945
t15	1.29778545528907	0.0218921498607454
t16	5.68803623297272	5.68803623297272
