taxon	fad	lad
t1	8.44685913063586	8.44685913063586
t2	5.62008678118174	4.55113250432943
t3	5.7866376520381	5.7866376520381
t5	1.80881554443913	1.09869057961332
t7	6.39862363038645	4.36699946599386
t8	2.36330543375763	2.36330543375763
t10	3.27115498415413	2.63693733228278
t11	2.15986845368441	2.15986845368441
t13	0.840754016096348	0.840754016096348
t14	4.61758837376924	1.84581471252711
t15	0.215913012109583	0.215913012109583
t16	1.04097384468503	1.04097384468503
t18	0.759733128639979	0.759733128639979
