taxon	fad	lad
t1	8.04806037340313	3.09339727542956
t2	8.17184118619975	1.95453818981457
t3	5.94148261050699	5.94148261050699
t4	3.56019531827104	2.67445294171255
t6	5.40363179605978	5.40363179605978
t8	0.744198982865623	0.744198982865623
t12	2.53891711910135	2.53891711910135
t17	0.761681891810888	0.761681891810888
t21	0.297111451388201	0.297111451388201
t22	1.07640908834628	1.04172730932426
t23	1.54110211951299	1.54110211951299
