taxon	fad	lad
t1	3.28149099551828	0.995553743063825
t2	7.66731561113014	1.14381528773175
t4	6.3491936038993	6.3491936038993
t5	5.04144434032785	2.31217354710199
t6	0.148665956021645	0.148665956021645
t7	3.76670474197195	2.08145378789033
t10	1.21128386867111	1.21128386867111
t11	0.10620465191297	0.10620465191297
t13	0.722606691421641	0.722606691421641
t14	0.089606782917178	0.089606782917178
t16	1.30770637789448	1.30770637789448
