taxon	max_age	min_age
t3	6.3005577839598	1.53800293242876
t4	8.29369119715278	0.211326184084282
t6	4.68469062750771	4.68469062750771
t8	3.9498523489059	3.9498523489059
t9	3.51349058752908	2.02399522477271
t17	4.83204107727576	4.83204107727576
t18	2.64946982866617	2.64946982866617
t20	0.977349647109012	0.340905137769182
t23	1.58364395892227	0.428006091483972
t24	1.18125536128099	1.18125536128099
t27	0.284556034429142	0.284556034429142
