taxon	fad	lad
t1	8.46513940797498	8.46513940797498
t2	8.81849425537732	8.81849425537732
t3	7.14293003637678	0.23941308222491
t4	7.1758682876937	4.20258467284301
t6	0.213580389364722	0.213580389364722
t9	4.26940868675894	4.26940868675894
t10	4.10232959106099	3.40471453416368
t11	2.29456623242508	2.29456623242508
t22	1.46867509794322	0.62215491992322
t25	0.779470073355281	0.505471904621977
t29	0.968370425570269	0.968370425570269
