taxon	max_age	min_age
t1	1.38700150616256	0
t2	4.64344078257488	0
t3	7.61614201770172	7.61614201770172
t4	5.04258742572361	0
t5	0.212829923284218	0
t6	1.37221255742908	0
t8	5.92069186000964	5.92069186000964
t9	6.26433081737341	0
t10	1.32049434904957	0
t12	1.33709602237682	0
t13	3.84502710985113	3.84502710985113
t14	0.628812264763818	0
t20	3.11926624875656	0
t21	0.681061387857916	0
t25	0.155367090683491	0
