taxon	max_age	min_age
t1	8.25973217686017	0
t2	8.99420119245537	5.56561797901678
t4	4.77135881620473	0
t5	2.30694567381412	0
t8	5.45757885051239	4.16729926677936
t12	1.87496950904713	0
t13	0.846829334933073	0
t16	4.71160448832849	0
t17	1.10409617727803	1.10409617727803
t22	0.514376082746132	0
t23	0.637985399992164	0
t25	0.174176206163908	0
