taxon	max_age	min_age
t1	7.12381864291028	0
t2	7.40347426588247	7.40347426588247
t3	2.07715513707064	0
t4	1.9644907557223	0
t6	4.46872277566278	0
t7	5.93102087695067	0
t8	0.53952211498655	0
t11	6.47594159545213	4.35421452623317
t13	6.91726694334719	0
t15	2.77173527169499	2.77173527169499
t17	0.964936940055567	0
t19	1.39929947830514	0
