taxon	max_age	min_age
t1	7.60049641146358	0
t2	7.62214706557181	7.62214706557181
t3	2.32898860975781	0
t4	0.360465873115487	0
t5	7.76639055842415	6.55804435483371
t6	6.66216677724836	0
t7	6.75359058112298	3.54890157050393
t8	2.23061688597314	2.23061688597314
t9	1.54401049424015	0
t12	1.2889935979337	0
t13	1.51800737790457	0
