taxon	fad	lad
t1	8.69080063189697	0.701105840285008
t2	7.04332009486558	7.04332009486558
t3	6.54062320169313	1.49164732079198
t5	1.71192617329691	1.71192617329691
t8	5.18214767077863	5.18214767077863
t10	4.46712210611971	4.46712210611971
t14	6.26784788212453	0.879819838151
t19	1.7154714285317	1.7154714285317
t22	1.14631551682028	1.14631551682028
t24	1.04709625843723	0.723079166472552
t28	0.260863053501726	0.260863053501726
