taxon	max_age	min_age
t2	7.13940393651371	0
t3	6.06314311192018	0
t4	6.9125910716191	1.97955805416272
t5	8.99811656262326	0
t8	1.84523739063206	0
t10	2.58654685015705	0
t11	1.41832976576565	0
t12	1.512176707673	0
t15	3.41432262167399	0
t16	1.56056100294207	0
t18	2.92237334410393	0
t20	2.46897500620821	2.46897500620821
t23	0.730732613555123	0
t27	3.36861917757244	0
t29	3.1910545317714	0
t31	1.98082049288447	0
t38	0.0741279820014746	0
t41	0.499498113437225	0
t45	0.0901802068425326	0
