taxon	max_age	min_age
t1	4.61915378603693	4.61915378603693
t2	3.75881901123757	2.59405453058663
t3	5.4355026098911	5.19203198145569
t5	6.96780491461002	1.42785932116543
t6	5.76445787841926	2.41673295717881
t7	3.40290722258554	0
t8	1.36418867037557	0
t10	0.894306044329593	0
t11	1.08833350890828	0
t12	1.12648691302683	0
t13	1.30628498940878	0
t14	0.587061821587078	0
