taxon	max_age	min_age
t1	9.8705941807937	0
t3	5.71789104508285	0
t4	3.09100356918264	0
t5	1.51858286248213	0
t6	5.60328851307809	0
t7	7.51076336291901	0
t8	4.61295718391073	0
t9	4.53827138947789	0
t12	2.34239818617348	0
t14	1.3908216705926	0
t20	0.678790522668361	0
t23	0.815630335744952	0
t24	1.02172643989188	0
t28	1.8197642956476	0
