taxon	fad	lad
t2	5.00967831737183	3.53015635548912
t3	2.72024192439584	0.386181364079054
t4	7.17215847148175	2.18576090362535
t5	2.37104254800542	0.946596842517099
t8	1.91875869114609	1.91875869114609
t9	6.19392391072124	0.0999517507328704
t10	5.29623784681415	2.32393839176699
t11	5.92941604738329	0.40277254048075
t13	0.743311277464619	0.743311277464619
t15	2.54926185452459	2.54926185452459
t16	2.10012622008775	2.10012622008775
t17	0.60442786218424	0.60442786218424
