taxon	max_age	min_age
t1	8.42841121969108	8.42841121969108
t2	5.82519231955141	5.82519231955141
t3	4.54623275055871	0
t4	7.27040174814504	0
t5	3.0215047860116	0
t6	6.99294998572856	0
t8	5.83870612875846	3.23473520436612
t9	1.87166754013308	0
t10	2.13428867805855	0
t11	2.2386292162076	2.2386292162076
t14	1.99012931191194	0
t16	1.09400522662972	0
t18	0.353178540442938	0
t20	1.43677597669296	0
t21	1.5434075883379	0
t22	1.71742161240458	0.0101778420436336
