taxon	max_age	min_age
t2	6.68345329373355	4.23615139846707
t3	9.07588234756702	9.07588234756702
t4	8.23035599812379	0
t5	0.35283693353899	0
t6	6.36725541204934	0
t7	6.56996458239959	6.56996458239959
t8	1.8163194822854	0
t10	0.745223298677407	0
t11	0.407514032484727	0
t13	3.31978993167783	0
t16	6.60836798386033	0
t17	3.41219334478422	0
t19	4.40243639162159	0
t20	2.01999188880029	0
t21	0.0636152263260712	0
