taxon	fad	lad
t1	8.78129310285052	8.78129310285052
t3	8.17260552986224	2.51284174040657
t6	1.51289103119046	1.5101541054221
t7	9.05356253218645	1.47662998310737
t8	7.96103625322224	7.96103625322224
t10	5.95773313768695	1.20053111347503
t12	2.03076577092882	2.03076577092882
t15	7.09097446176422	7.09097446176422
t19	1.43341989794844	1.43341989794844
t20	1.61151015599074	1.61151015599074
t21	1.5467486108262	1.5467486108262
t23	5.65874593272733	0.97081842010491
t27	1.14800290063372	1.14800290063372
t28	0.0871318116880246	0.0871318116880246
t30	0.0683375591256414	0.0683375591256414
t32	2.61383021683923	2.61383021683923
t36	0.4381205926625	0.4381205926625
