taxon	max_age	min_age
t1	9.53826392964405	9.53826392964405
t2	6.34180634374587	0
t3	5.5429402096707	2.54513128013099
t4	5.82541235414096	3.57766855975686
t5	0.870505363306654	0
t6	7.09601922803788	0
t7	3.41396488855585	0
t8	6.58600314791195	0
t11	5.2834649385005	0
t13	0.786385751273812	0
t23	0.74193366802545	0
t24	0.83908807538301	0
t27	0.380641869204464	0
t31	0.493678266395863	0
