taxon	max_age	min_age
t1	7.81630567274988	7.81630567274988
t2	8.48290289488303	7.50762824484136
t4	7.89761828494424	7.89761828494424
t5	7.77775804976728	7.77775804976728
t7	4.35561667747046	4.35561667747046
t11	0.144195576492868	0.144195576492868
t12	5.3115105580137	5.3115105580137
t23	3.54786689331941	3.54786689331941
t24	2.31195841905243	2.31195841905243
t26	4.47204859330919	4.47204859330919
t28	1.16214312488375	1.16214312488375
t30	2.65023641312785	2.65023641312785
