taxon	max_age	min_age
t1	4.7359633806703	4.7359633806703
t2	6.98545737050387	0
t3	4.70301301279784	0
t4	4.63266928636857	4.63266928636857
t5	3.92792716891141	0
t6	1.88098545529293	0
t8	6.43883387023515	6.43883387023515
t9	1.57374610220844	0
t12	5.11969188928502	0
t13	2.70871172218117	2.70871172218117
t14	0.124157667873105	0
t15	0.919252419889173	0
t17	1.53768589317434	0
t19	1.08216734388747	0
t20	0.0728876984548243	0
