taxon	max_age	min_age
t2	6.06585020735591	6.06585020735591
t3	7.09819336887702	7.09819336887702
t4	5.91815918493661	5.91815918493661
t5	6.00021380934631	2.25321430716431
t9	0.370586614377187	0.212800206869231
t10	4.34283625867048	0.673925724670358
t11	4.00519563235173	4.00519563235173
t22	0.969599020235743	0.969599020235743
t28	1.62818406392113	1.62818406392113
t29	1.25302602803062	1.25302602803062
t41	1.61754008282244	1.61754008282244
t47	1.05243818007812	1.05243818007812
