taxon	max_age	min_age
t1	9.85452271066606	6.26378936227411
t2	4.96272139051302	4.96272139051302
t7	0.44098357575224	0.44098357575224
t8	1.56730744229279	1.56730744229279
t9	6.7991546617918	4.29470782761548
t10	3.97059473438731	3.97059473438731
t11	3.55599461570491	3.55599461570491
t14	1.2752947713733	1.2752947713733
t18	2.16230037571907	2.16230037571907
t21	1.74628532441377	1.74628532441377
t22	1.55840094183388	1.55840094183388
