taxon	max_age	min_age
t1	5.68163328854309	1.48656453340399
t2	4.56832588400091	0
t3	8.06616620199703	0
t4	4.62721908915776	1.09443286342609
t5	1.73989418542327	0
t8	2.24787792095201	0
t10	1.94785375050575	0
t11	0.7709776103418	0
t12	1.02419355676335	0
t14	2.10087629320518	0
t15	1.61629263728423	0
t16	0.599017166460049	0
