taxon	max_age	min_age
t2	8.13026675967324	8.13026675967324
t3	7.70133040141439	6.02746791565409
t5	4.42086562800236	4.42086562800236
t6	7.44800174311248	6.97782033063748
t7	3.74596850796182	3.74596850796182
t8	3.61876442412425	1.95576324908574
t12	2.47336051121244	2.47336051121244
t14	0.0429944694107185	0.0429944694107185
t17	3.54360991702173	3.54360991702173
t19	1.20422645730866	0.500025491024978
t22	0.0486680113846205	0.0486680113846205
