taxon	fad	lad
t1	7.47289049696952	7.47289049696952
t2	2.4943086070319	0.669699654293556
t4	6.78936970109741	1.00913720360647
t5	0.513974168958763	0.513974168958763
t9	1.55524551664378	1.55524551664378
t10	1.15645940845832	0.347814252026543
t11	0.195611817408349	0.195611817408349
t12	3.78075946397458	3.78075946397458
t16	3.53873495622493	2.94021779815621
t17	1.32104977965355	1.32104977965355
t23	0.326213044606584	0.326213044606584
