taxon	fad	lad
t1	9.10994003814218	1.21956343892144
t3	7.00147004148388	7.00147004148388
t4	5.83917625219647	2.5173906792802
t7	7.41653530733201	1.73083294523422
t8	6.79033306398515	0.0290010028434207
t10	1.78553273678695	1.78553273678695
t15	2.21498153742114	2.21498153742114
t16	1.31169981083595	1.31169981083595
t21	3.37024588536099	3.37024588536099
t24	0.0446692313573962	0.0446692313573962
t25	1.66875055257036	1.66875055257036
t26	2.66237575425299	2.66237575425299
t28	3.00335287087683	3.00335287087683
t29	1.24838826154556	1.24838826154556
