taxon	max_age	min_age
t2	4.62576323993886	4.62576323993886
t3	3.86105682569103	0
t5	4.71613927256958	0
t10	1.22823409992431	1.22823409992431
t11	1.8386138843624	0
t13	5.97030027543631	5.97030027543631
t14	0.0659134577049301	0
t16	3.31146153985793	3.11393329579882
t19	2.38198800674616	0
t20	0.277980648255998	0
t21	0.239955116715185	0
