taxon	max_age	min_age
t1	8.48552279000567	8.48552279000567
t4	8.04882690856357	8.04882690856357
t5	1.8063893264889	1.8063893264889
t7	2.17600264223295	2.17600264223295
t8	4.41413816037818	4.41413816037818
t10	4.63030160351969	1.34446316345908
t11	0.531309319582814	0.531309319582814
t13	5.24218960493858	3.08722416698987
t14	6.23011495972892	3.20728437098583
t20	1.01379342992085	1.01379342992085
t22	2.67957480490761	1.84397643045777
t26	3.97830520362935	0.673746322707727
t33	0.155849239391774	0.155849239391774
t35	2.47206164482791	2.47206164482791
t36	6.34445273193666	6.34445273193666
t38	2.85457762109771	2.04566636274292
t40	1.41063356645892	1.41063356645892
t42	1.7840849187618	1.7840849187618
