taxon	max_age	min_age
t2	0.98132127374314	0
t3	8.15265947882347	8.15265947882347
t5	2.6668950069772	0
t7	2.45452155982099	1.96668904813825
t8	4.41403004839158	0
t9	0.291750765986523	0
t10	1.78552720741078	0
t12	6.63226339708966	6.63226339708966
t13	3.45587051064825	0
t14	1.5831086234081	1.5831086234081
t19	0.51541843865439	0
t21	0.655529792999396	0
