taxon	max_age	min_age
t1	4.43215406126375	0
t3	0.899477600319933	0
t5	0.681275494777106	0
t6	4.11862173967304	0
t7	5.53703579962498	0
t8	2.95367917438513	2.95367917438513
t10	1.02826981730851	0
t11	4.41619178039013	0
t12	1.18195416512495	1.18195416512495
t15	2.29651224940024	0
t17	3.26853042979565	0
t21	1.12974237600652	0
t28	2.99320252598075	2.99320252598075
t29	0.341507325579531	0
t31	0.255558660974764	0
t35	1.15664011745236	0
t36	1.28873798164785	0
