taxon	fad	lad
t1	1.06275302399981	1.06275302399981
t6	5.68772202280677	5.68772202280677
t8	3.94769597181151	3.94769597181151
t9	4.77706868266356	4.77706868266356
t11	3.77235026014029	3.77235026014029
t14	0.775303201842297	0.775303201842297
t17	0.406410079623917	0.406410079623917
t20	2.83626987865402	2.83626987865402
t23	5.6527764853673	5.6527764853673
t25	1.50496649028828	1.50496649028828
t28	0.424425171646984	0.424425171646984
