taxon	fad	lad
t3	6.87376776098184	5.99954710195683
t6	1.71524609672723	1.71524609672723
t7	8.95197583681041	8.95197583681041
t8	6.30423209424601	6.2264788083686
t13	5.24565121729708	5.24565121729708
t16	0.483179224418265	0.483179224418265
t27	2.63932210102675	2.63932210102675
t28	1.73367416674801	1.73367416674801
t34	0.806388556735989	0.806388556735989
t39	2.150532416101	2.150532416101
t45	1.75393373965756	1.75393373965756
