taxon	max_age	min_age
t1	8.76608292106539	5.01738947166377
t2	4.59758051981529	1.58046372523612
t5	3.98056556204792	3.98056556204792
t6	6.25345403187045	6.25345403187045
t9	0.61212688028944	0.61212688028944
t10	0.113831616827232	0.113831616827232
t14	3.40970641431034	3.40970641431034
t19	3.28216585253769	0.50855565739268
t20	2.44120945701526	2.44120945701526
t34	3.39236066597186	3.39236066597186
t47	0.683489066429328	0.683489066429328
