taxon	fad	lad
t1	8.65162937901914	3.0728441523388
t4	5.68726412858986	5.68726412858986
t6	3.67758074893617	3.67758074893617
t10	3.70473946018512	0.585321177640624
t12	0.244114495815563	0.244114495815563
t17	2.08203218283825	2.08203218283825
t18	0.153017029400541	0.153017029400541
t19	0.370745045964373	0.370745045964373
t20	1.67834392468187	1.67834392468187
t21	3.75236529467522	3.75236529467522
t24	2.32218311464517	2.32218311464517
t31	0.736028446478501	0.736028446478501
t38	1.97589283041068	1.97589283041068
