taxon	fad	lad
t1	3.00513541422278	3.00513541422278
t2	4.33487380544345	4.33487380544345
t3	4.89874536665076	4.89874536665076
t5	6.25873239766942	6.25873239766942
t9	2.74767352382174	2.74767352382174
t16	0.00989179192814404	0.00989179192814404
t17	7.87701104500872	0.903031460556088
t18	5.34579848763333	1.99742747542736
t19	5.41800534143165	1.85627126225989
t23	0.552877700892338	0.0931021610253016
t29	4.44797407101738	4.44797407101738
t30	5.87416143158002	5.87416143158002
t50	1.92455047490808	1.92455047490808
