taxon	fad	lad
t1	4.23083640635014	4.23083640635014
t5	2.66049629783476	2.66049629783476
t7	7.52418740791799	0.244600906318235
t8	1.78223254682657	1.78223254682657
t17	5.33076463375107	5.33076463375107
t18	2.42705402693267	2.42705402693267
t19	3.40539015161361	3.40539015161361
t23	0.267341563237022	0.267341563237022
t35	2.82556843859888	2.0270114101376
t42	2.47895573507074	2.47895573507074
t48	3.66911222024377	0.0281198907878579
t54	1.74358400779333	1.74358400779333
t62	2.138326532607	2.138326532607
t65	0.553893167052326	0.553893167052326
t66	1.99424565738521	1.99424565738521
t67	1.77285627010376	1.77285627010376
t68	0.188196187557747	0.188196187557747
t69	0.248404445537266	0.248404445537266
t75	1.82916065381627	1.82916065381627
t78	2.70527588532664	2.70527588532664
