taxon	max_age	min_age
t1	3.87471363597305	3.42875782894037
t2	8.68428274489274	0.0603806089310837
t4	4.26929220721756	4.26929220721756
t7	2.24808944721113	2.10691719026953
t8	0.410111083234973	0.410111083234973
t9	0.140696105822975	0.0108103438243816
t10	0.686588803926618	0.531128031511615
t16	2.55740747233653	2.55740747233653
t17	0.438564288694987	0.438564288694987
t21	1.21555670481737	1.21555670481737
t23	0.57883792553244	0.57883792553244
t24	0.788018913828664	0.788018913828664
