taxon	max_age	min_age
t1	7.97630780842155	0
t4	4.16840331374837	4.16840331374837
t5	0.0549397094756081	0
t7	1.1235681633664	0
t8	2.99750735129088	0
t9	3.27278435716882	0
t10	2.46593998685933	2.46593998685933
t11	3.50377949952671	0
t12	0.711340337933496	0
t14	1.32209523783762	0
t16	1.22791784061477	0
t17	1.01568880990426	0
t18	0.15047061428738	0
t19	1.81138278628366	0
