taxon	max_age	min_age
t1	3.22541022080374	3.22541022080374
t2	7.29039994904088	0.329223124945633
t3	4.01090553122054	4.01090553122054
t5	4.30153768375095	2.47887853553719
t6	3.22041748320061	3.02513745987963
t10	3.02310855165845	2.10211592453942
t11	1.93416641476844	0.0257786199882055
t13	2.27910332560653	2.27910332560653
t17	0.814382419716527	0.814382419716527
t20	2.2014238193599	2.2014238193599
t21	0.876418592050502	0.876418592050502
t23	0.752054271190479	0.752054271190479
