taxon	max_age	min_age
t1	7.23684249097071	1.85117908277515
t2	0.904113551639091	0.570484641045402
t3	0.185330808787823	0.185330808787823
t4	1.95684777756272	0.345878031698247
t5	1.58101358139179	1.58101358139179
t8	2.55196666040742	0.498141249082725
t10	2.18075291626539	2.18075291626539
t14	1.02050060208001	0.819494487907576
t15	1.28892090761091	1.28892090761091
t21	1.49015380665513	1.49015380665513
t24	0.732110466980458	0.426578563499968
t28	0.578153536814924	0.578153536814924
