taxon	max_age	min_age
t1	5.08140826073229	5.08140826073229
t2	0.7538422101454	0
t4	1.78808432203312	0
t5	2.62418937221889	0
t7	2.62988089630414	0
t8	1.38821071624869	0
t9	2.4079099554102	0
t12	0.199986768571121	0
t13	0.470470987127827	0.470470987127827
t16	1.44873251451334	1.44873251451334
t17	1.25703675220738	0
t18	0.0667418014519363	0
