taxon	max_age	min_age
t1	7.13751865840287	0
t2	0.268906672325443	0
t3	0.38594623056516	0
t4	0.895325185724758	0
t8	3.4766982435749	0
t9	1.73094404479075	0
t10	0.488393317571498	0
t12	1.18375981032136	0
t13	2.46461669295722	2.46461669295722
t19	1.41558202624524	0
t20	1.21599600578247	0
t21	0.896083773859615	0
