taxon	max_age	min_age
t1	8.53260654956102	7.24916391665952
t2	3.58908061798296	1.37837217739107
t4	4.42092666680444	0
t5	1.83861118780423	0
t7	1.09650566657148	0
t8	1.10728011053894	0
t9	1.47476364935232	0.954430431584937
t12	0.343623575864152	0
t15	1.72644440999381	1.72644440999381
t16	1.58441259950281	0
t20	2.73102144413146	1.71593479669792
t22	2.94371935699579	0
