taxon	max_age	min_age
t1	9.47718286321407	0
t2	0.1665788552883	0
t4	4.21997994862817	0
t5	3.7834951841417	0
t6	4.48690246164967	0
t8	1.81324107315015	0
t10	2.86684875401472	0
t11	2.0879470218362	0
t12	1.7929708403633	0
t14	4.23881112356661	0
t24	0.662410443553858	0
t27	2.14116272202204	0
t29	1.53112744298221	0
