taxon	max_age	min_age
t1	3.39534808599146	0
t2	9.15407301012122	0
t3	2.42257568764794	2.42257568764794
t4	0.592189934807578	0
t6	2.9212849370065	2.9212849370065
t8	0.697924727079556	0
t11	3.69876055258173	3.38105301273523
t12	1.95444618984692	0
t16	0.973160762752155	0
t17	0.28018351693801	0
t18	0.929876653421404	0
