taxon	max_age	min_age
t1	9.3762796242671	0
t2	2.87378394285911	0
t4	0.312624404105286	0
t5	0.924519003054693	0
t6	0.832709667283211	0
t7	2.5266301073835	2.5266301073835
t9	1.23745887153946	0
t10	0.800255783912581	0
t13	0.258815550583876	0
t14	2.75150007714999	0
t16	3.5499991523102	0
