taxon	max_age	min_age
t1	9.74221334659694	3.2598942335156
t2	2.16264293229204	2.16264293229204
t6	1.82186150109298	1.82186150109298
t9	1.26478691474645	1.26478691474645
t12	1.49704918440086	1.49704918440086
t15	1.67513832050476	0.648294734499485
t17	0.232891700254727	0.232891700254727
t18	0.592908830825293	0.592908830825293
t19	0.0694828141272641	0.0694828141272641
t26	1.87970721485349	0.911089860333826
t27	0.389222303813826	0.389222303813826
