taxon	max_age	min_age
t1	9.38909015463044	4.48586048297963
t2	5.04339692722051	5.04339692722051
t3	4.93567095786016	4.37153435586411
t6	2.51429213604711	0
t7	3.02027399797369	0
t11	2.91080175262898	0
t13	2.17359716359559	0
t14	0.508337205304439	0
t19	1.85367839390939	1.85367839390939
t22	0.684694042437036	0
t24	0.255288563716942	0
