taxon	max_age	min_age
t1	9.78560606819824	7.34555056824318
t2	4.25122965546756	4.25122965546756
t4	6.43632792938948	6.43632792938948
t5	4.97825183840788	3.31357951380932
t6	2.55183939133456	2.55183939133456
t8	4.53248666267966	4.53248666267966
t9	0.265168397397922	0.265168397397922
t10	0.49510727994204	0.49510727994204
t12	2.61759910505834	0.235968944084975
t19	0.691120089111811	0.691120089111811
t21	0.109089444010388	0.109089444010388
