taxon	max_age	min_age
t1	5.2512879233572	5.2512879233572
t2	5.15289908988165	5.15289908988165
t4	0.265208219232804	0.265208219232804
t5	1.29497997799053	0.118436953311504
t6	1.85639719900867	1.85639719900867
t7	0.24122472258842	0.24122472258842
t8	0.33040953587979	0.33040953587979
t9	0.203723678995935	0.203723678995935
t13	0.076779236144974	0.076779236144974
t14	0.541263283721351	0.541263283721351
t16	0.392585971959498	0.392585971959498
