taxon	max_age	min_age
t2	9.45547155158889	1.25302629782869
t3	5.90483858687064	5.58211218226583
t4	5.73855906482151	0.710262946380196
t10	2.34970005950914	1.45942656734672
t14	1.32025964323801	1.32025964323801
t16	3.11638216923573	3.11638216923573
t18	0.206489876508977	0.206489876508977
t19	0.413151033494001	0.161991260270502
t21	1.77764772842691	0.87232885976996
t22	2.114491760038	0.736836589500811
t23	1.7952168468264	1.7952168468264
t31	0.00851607889910255	0.00851607889910255
