taxon	max_age	min_age
t1	7.17212113876239	0
t2	2.75673920303451	0
t3	2.03173496043885	0
t4	1.86506183560256	0
t6	1.02946058158848	0
t7	3.93186930693528	0
t8	2.8686360681849	2.8686360681849
t9	0.24510606003278	0
t17	2.0461241992285	2.0461241992285
t18	1.34625486918926	0
t20	0.117194769879701	0
t22	1.94313123605612	0
