taxon	fad	lad
t1	7.56112451679106	7.56112451679106
t2	9.94284744684895	9.94284744684895
t3	9.07850644085556	2.91025040902508
t4	4.66357599957879	0.295454642075169
t5	2.95756537340027	0.238702721382555
t6	3.17578032005922	0.242608782804806
t7	0.981989902243393	0.981989902243393
t9	0.909138144334657	0.909138144334657
t10	0.201520341789228	0.201520341789228
t11	0.104506324640605	0.104506324640605
t12	3.23631158493879	1.06192427916999
t19	0.836147416886851	0.836147416886851
