taxon	fad	lad
t1	8.6415984093522	5.63939936366572
t3	6.51943232750592	6.51943232750592
t5	6.20083630586194	5.3115923056021
t7	4.36432715376207	4.36432715376207
t8	0.0240406412173293	0.0240406412173293
t9	1.48560419866295	0.100994077976937
t10	2.90768185883718	0.706333074381117
t12	1.43486025222995	0.987475017161252
t15	0.153558313955761	0.153558313955761
t17	2.55855425669459	2.55855425669459
t18	0.0796586781261119	0.0796586781261119
t21	1.4405714341722	0.181996960746416
