taxon	fad	lad
t1	16.3013130117366	2.71295383700622
t3	11.8671327592191	11.8658838561091
t4	8.9748306038588	4.65629513018025
t5	6.02233176147751	3.55926726986873
t6	5.5238078205239	2.72555013012
t7	0.592386285171539	0.592386285171539
t8	2.17928574110722	2.17928574110722
t9	18.4281639437192	18.4281639437192
t11	11.1818701381492	6.8781874982049
t12	4.30636261570447	3.14429395812743
t13	5.27650744147898	5.27650744147898
t15	0.35567415077546	0.35567415077546
t16	2.31362449891326	1.23841845240386
t19	3.88543559257157	3.88543559257157
t22	0.154732194234494	0.154732194234494
t24	0.433608653590966	0.433608653590966
t26	3.90636523993117	0.397161181602751
t27	1.04311376151991	1.04311376151991
t28	1.09598391860359	1.09598391860359
t29	0.527622365685772	0.527622365685772
t31	1.94278005495185	1.94278005495185
t33	1.06944295920991	1.06944295920991
t38	1.32662091544037	1.32662091544037
t39	1.70001507721359	1.70001507721359
t42	2.36569113116927	2.36569113116927
t43	2.48260222176731	2.44801018123097
t44	1.49097472927782	0.407047790493198
t49	0.739253438675757	0.728276694095012
t50	1.5978618657737	1.31685491581997
