taxon	max_age	min_age
t3	15.1898918282344	0
t4	17.4777646411877	15.7679111745875
t8	11.8341713349128	0
t10	5.19975046654628	0
t11	0.91760985190464	0
t12	2.57628124194497	0
t15	1.54818797471279	0
t16	0.100925724655387	0
t17	0.258114351763368	0
t21	1.25457825539406	0
t22	0.0696693385307547	0
t25	0.456949660116472	0
t29	1.07765300896556	0
