taxon	max_age	min_age
t1	18.496533241123	18.496533241123
t2	8.74464694164713	7.85047072516153
t4	5.77523040148208	2.34245534873689
t5	8.63001565139142	8.63001565139142
t6	9.80505365582549	4.07156810503541
t10	5.23383565676293	1.2411167003297
t11	1.46163822120253	1.46163822120253
t12	3.57181367972677	3.57181367972677
t13	0.60360982120914	0.60360982120914
t14	2.12547695462093	2.12547695462093
t15	1.55119890700216	1.55119890700216
t16	3.25483673266811	1.20743846845868
t19	6.44562899372018	4.0697302880648
t20	0.758731970108826	0.758731970108826
t22	2.31204910091246	2.28943621471956
t25	0.914110292857238	0.914110292857238
t26	1.98469064833962	1.43881368931128
t28	0.333472328037079	0.333472328037079
t29	1.08349743979768	1.08349743979768
t31	0.40561471726388	0.309280906514726
