taxon	max_age	min_age
t1	10.5000832185783	10.5000832185783
t2	18.3206920217102	14.5503618163886
t4	17.0480588360875	17.0480588360875
t5	14.0960388681487	0.784569467057668
t6	12.4149715864382	9.30597028659101
t7	6.46085542862485	4.05819923387091
t8	12.6592171537946	12.6592171537946
t11	9.13182711194618	0.464833951211926
t12	5.08750504670983	4.00255575322554
t13	4.38654509229904	1.81055760286247
t14	0.063427425461029	0.063427425461029
t15	11.4876484107928	11.4876484107928
t16	2.30656283371278	0.764008508288647
t20	0.55470748437919	0.55470748437919
t21	12.961708782943	12.961708782943
t23	8.34155200025566	5.51503585331364
t25	0.157889962317313	0.157889962317313
t28	4.00655891445352	4.00655891445352
t29	4.0407063456222	4.0407063456222
t31	8.27783771742924	4.25485700886328
t32	9.29249584947984	9.29249584947984
t36	6.44711021495064	5.41010608747303
t38	3.75181371221959	1.18796510242741
t39	1.1301369985218	1.1301369985218
t40	2.71117329828306	2.71117329828306
t41	0.672261669125295	0.672261669125295
t43	1.28462767687607	1.28462767687607
t44	2.11995034213409	0.667122776762103
t50	2.77635764886853	2.54613091017968
t51	3.22336437776427	3.22336437776427
t52	0.961834607176499	0.961834607176499
t53	1.51979037296277	1.51979037296277
t55	1.85044526164715	1.85044526164715
t57	1.91183867533589	0.869754566608211
t59	2.88124879252512	1.03434609300492
t61	0.0553268577184483	0.0553268577184483
t62	0.23664247659606	0.23664247659606
t66	2.39092835681332	1.10740178255183
t67	0.416286323745474	0.0423576092018934
t72	1.62468180529148	1.62468180529148
