taxon	fad	lad
t2	16.6093212817644	6.97977694470661
t3	16.8670335177159	13.0826762646556
t6	13.6030477327241	2.63960162311908
t7	5.92752630009568	1.02081192265883
t9	1.20703066938885	1.20703066938885
t10	0.777144944068414	0.777144944068414
t12	11.8068510166474	3.1900075850803
t13	9.66694319121964	9.66694319121964
t14	7.5973166213013	5.9681928225767
t15	9.87380987931467	9.87380987931467
t17	7.62692710954439	7.18726278541974
t19	1.96991242908893	0.937316381742139
t22	5.41453482253624	2.68663019543661
t23	4.90528676893076	2.37938377929986
t25	7.1908125113306	2.63664899279844
t26	2.0409306298188	2.0409306298188
t27	5.20798748325981	1.07615719903182
t28	3.23799435180757	1.58362385100407
t30	3.88385907370262	3.88385907370262
t31	0.159086536735526	0.159086536735526
t35	2.9595593750588	2.16778221845497
t36	2.01574953888723	0.00831474229948981
t37	0.815527783655813	0.812310209213912
t38	6.13528524647581	3.39602053836503
t39	4.72740172132498	3.13751196057494
t40	4.94809189654563	1.25092662558877
t44	1.39905665424273	1.39905665424273
t47	2.06052572342136	2.06052572342136
t48	0.834035404456387	0.834035404456387
t52	1.7230582666558	0.554844146702017
t53	2.19584301667932	0.462396320211706
t54	0.136032962810191	0.136032962810191
t57	4.55557684138065	4.15628290303941
t58	5.08476382086562	1.13438400848854
t61	3.68356827106723	3.68356827106723
t63	4.95505478567116	1.73294686686013
t65	4.17232767414045	1.53390185265894
t67	0.97713013095456	0.97713013095456
t71	0.561838553521817	0.561838553521817
t72	2.3100293910637	2.3100293910637
t78	2.17136205208446	1.49392312955077
t81	1.37267321976341	1.37267321976341
t83	2.59627497180044	0.418498081924909
t85	2.34872154973714	2.00541914522914
t87	0.799131536998239	0.799131536998239
t88	1.28656477727083	1.28656477727083
t91	0.982170634596955	0.982170634596955
t99	0.96346679314701	0.96346679314701
t101	1.97604749583243	1.97604749583243
t104	1.55992088368195	1.24865138543936
t107	0.154063495474315	0.154063495474315
