taxon	max_age	min_age
t1	18.2957126914213	3.73060279490306
t3	12.3892183820565	0.464757386003324
t4	2.79279242805371	2.79279242805371
t5	3.92430525879043	3.92430525879043
t6	4.97558106872583	0.406568541511803
t7	3.40128031772246	2.29537671179195
t10	10.7371471737109	4.4715602829498
t12	7.16547221128585	0.886089113058738
t13	4.45604327047009	0.972062794750418
t14	6.17874562785574	6.17874562785574
t15	4.06744154388742	0.690831105630014
t16	4.92681174122731	3.80358881215698
t17	6.1080216039184	2.38836467716821
t20	4.80970052398313	1.53414766437749
t21	6.52323980547277	6.16447394501196
t22	7.13765583960406	0.448673346189533
t24	5.551523644678	5.551523644678
t25	4.21690059622515	4.21690059622515
t26	4.84629887936866	1.50944093637365
t27	2.57981487684513	2.57981487684513
t28	0.573128977733077	0.573128977733077
t32	4.75027521511929	1.16723058184998
t34	2.95724707220388	0.000804656800053039
t35	1.66323814187101	1.66323814187101
t38	7.57063893960605	2.78812763143754
t39	4.48512854536781	2.98029367673307
t40	1.87981809195538	0.0903833084842489
t42	0.882269368295489	0.882269368295489
t43	2.57836140042426	2.57836140042426
t45	1.76723410367254	1.76723410367254
t46	4.11028161414612	0.803156677584113
t47	2.67076183152485	2.43849507575023
t48	1.35335894188323	1.35335894188323
t49	5.45706893300758	5.45706893300758
t50	1.45840359137016	1.45840359137016
t52	0.231454847159231	0.231454847159231
t57	1.43373780278299	0.781721894684736
t59	0.770832868762554	0.0044437918051301
t65	0.019035681642869	0.019035681642869
t70	0.696361241029816	0.00106623830382802
t75	2.17160947454619	2.17160947454619
t76	0.416378577439961	0.416378577439961
t78	0.725206451242382	0.725206451242382
t79	6.07935536269687	1.07412917170364
t80	7.42476706000926	6.89921509490532
t87	1.50698166964723	1.50698166964723
t88	0.0953365065268237	0.0953365065268237
t90	0.0673016916072129	0.0673016916072129
t93	0.619681729100314	0.619681729100314
t98	1.02818687618185	1.02818687618185
t100	0.061971977968259	0.061971977968259
