taxon	fad	lad
t1	17.7691827652355	7.98619553471945
t2	12.1308668007149	3.02521680287521
t3	16.084474651143	12.9475885027702
t4	13.1135720776553	9.88421834257187
t5	10.1977708508212	10.1977708508212
t6	10.9210881554088	10.9210881554088
t7	5.36793309950043	0.602014953442463
t8	4.87314548981711	1.19859195952639
t13	1.63754683393521	1.63754683393521
t14	7.68918918612195	7.68918918612195
t16	2.58516795925329	2.58516795925329
t17	11.5947272136238	11.5947272136238
t18	6.74904790587926	0.00926067495987226
t20	2.92020887494776	2.92020887494776
t21	0.317230805172361	0.11427018943338
t23	12.1540174638428	0.386865883465532
t24	4.58454786944047	4.58454786944047
t26	0.103141841710041	0.103141841710041
t27	4.98627638483157	4.66326354443857
t28	3.80553771597981	3.80553771597981
t34	3.05701767427084	3.05701767427084
t35	1.09711734981355	1.09711734981355
t39	1.74170744658218	0.933218913991812
t40	2.22201187585623	1.30317021272909
t46	2.72069524254064	0.847111964232322
t51	0.227913049674928	0.227913049674928
t56	1.13246838501193	1.13246838501193
