taxon	max_age	min_age
t1	19.9991896232761	14.9545712004897
t3	12.3113322431539	0
t4	10.9011612619439	10.9011612619439
t5	5.15711396626142	3.67677760780113
t6	2.69928881449435	0
t7	2.11771131670755	0
t8	6.29471358123058	0
t9	3.47614469542334	0
t14	3.95487265013825	0
t15	1.35193470780283	0
t17	2.036392048391	2.036392048391
t18	1.60742006412719	0
t20	3.28200540730585	0
t21	4.11964723860025	0
t22	4.34210479182276	0
t23	4.27539450970563	0
t24	2.06351076499988	0
t26	0.981166029958615	0
