taxon	max_age	min_age
t1	17.6238823186765	17.0465527647023
t2	18.5415296693189	2.45541674101912
t3	4.1358780182657	0
t4	9.38257607687398	1.7911832779977
t5	1.19283750391939	0
t9	2.04688727726769	0
t10	2.94184168785418	0
t11	1.29566911154624	0
t12	8.4927086475629	0
t15	4.00524347921359	0
t16	0.31736566993882	0
t20	2.20002879935682	0
t22	1.00384885428927	0
t25	0.323527107899206	0
