taxon	max_age	min_age
t2	15.9191329654465	13.8874383179009
t3	10.3439437498042	9.59465210878741
t4	4.88736645845967	0
t5	6.81613959147868	0
t7	8.14782725181215	8.14782725181215
t9	8.91415765747292	8.91415765747292
t12	3.26423144396929	0
t15	3.50461916910226	0
t16	6.2835946504701	0
t18	0.113198659155607	0
t20	1.96268623099267	0
t21	3.16093131578655	0
t25	0.369938907095325	0
t26	4.42045730985288	0
t30	2.55916949492042	0
t32	1.01716937337001	0
t33	0.764170777933597	0
t34	0.48370377571586	0
