taxon	max_age	min_age
t1	19.523156673337	18.2010702462502
t2	11.3079123687759	11.3079123687759
t3	10.5300225468242	0
t5	6.11868108664739	6.11868108664739
t8	4.9182342619338	0
t10	5.15537668904989	3.1354506650699
t11	1.82334351166263	0
t12	3.22987327979438	0
t13	0.181280887181867	0
t14	0.95900709514466	0
t16	0.43828742041762	0
t17	3.97675368949239	0
t19	0.586453716692205	0
