taxon	fad	lad
t1	18.387640574947	9.16237375261328
t2	18.6226449708094	18.1744027125288
t4	11.8593159168605	3.37688072978193
t5	5.29560266459612	1.52316010877119
t7	13.4257943559175	11.8519197761334
t9	4.99069956845207	4.99069956845207
t10	0.648396114521496	0.648396114521496
t13	5.65076785234642	4.87590066936941
t14	11.6206575281656	1.60932489437009
t16	6.28173077993297	6.28173077993297
t17	3.47804667334886	0.929456063685091
t18	2.57626486796426	0.735198160107302
t20	1.06761869820533	1.06761869820533
t21	5.52962275604935	5.52962275604935
t22	8.34401306679814	8.34401306679814
t23	0.0551971093087467	0.0551971093087467
t26	0.122848597196246	0.122848597196246
t28	7.96837829243525	1.24232552224748
t29	2.64662156149726	2.19527547476906
t30	1.178984123162	0.972567890961042
t31	9.65126796707585	9.65126796707585
t32	3.39232264972743	0.432243154382824
t33	2.90681654570641	2.90681654570641
t34	1.78665375895712	1.06034851847222
t35	4.68686861494424	4.68686861494424
t36	0.741122329905309	0.741122329905309
t40	2.73455890056249	2.73455890056249
t44	6.70149308057083	2.31657650384356
t45	4.91994100619886	4.91994100619886
t46	5.22011358636254	1.03534482229887
t47	3.59916024255389	3.59916024255389
t50	3.8889761806658	3.41526926748515
t51	2.03932739271533	2.03932739271533
t52	0.598047488419326	0.598047488419326
t53	1.76361256403091	1.76361256403091
t55	2.12715156514835	1.92769099475832
t59	2.81297191901323	1.40823664294262
t60	2.28626216820992	2.28626216820992
t62	6.66206225114999	6.66206225114999
t63	3.86838575808145	3.86838575808145
t66	3.21229833999385	3.21229833999385
t67	2.26422286540443	2.26422286540443
t70	1.33616244351396	1.33616244351396
t72	0.540502253888672	0.540502253888672
t73	1.3040332146677	0.285760568585754
t76	5.11211248873857	0.907389984893516
t79	4.59059792545985	4.59059792545985
t80	1.90037622379349	1.90037622379349
t81	2.86561193548578	2.86561193548578
t82	1.67500822943139	1.67500822943139
t84	3.35843986131805	3.35843986131805
t85	2.40796761104651	0.493674613365904
