taxon	fad	lad
t1	19.1745870686829	0.634504670255527
t2	17.969032588445	17.969032588445
t3	14.8495665984871	2.84098671035575
t4	11.4619727465815	11.4619727465815
t5	3.81298725679046	3.81298725679046
t6	3.20558432368718	2.6354638847538
t8	14.5057346843205	13.595624037666
t9	7.85069460252932	6.33078251392902
t10	8.36129221459201	4.09692874503604
t11	0.783614934229977	0.783614934229977
t14	2.56344216715385	0.0817153002414912
t15	4.0465784816118	4.0465784816118
t16	8.96620085963026	0.797090894614946
t18	1.77862007825246	1.77862007825246
t20	1.36755033938292	1.36755033938292
t22	3.02104884640491	3.02104884640491
t23	2.29262192464941	1.34724594200409
t24	4.33099460991731	4.33099460991731
t25	5.31142272910283	0.430975622584164
t26	6.10685980057565	1.47004010435138
t27	1.35167752982372	1.35167752982372
t28	1.64861558688538	1.64861558688538
t31	0.64262815825435	0.64262815825435
t32	2.07839809345749	2.07839809345749
t33	1.94021007167552	1.94021007167552
t36	0.205782105111208	0.205782105111208
t37	0.556646227216291	0.556646227216291
t39	2.3742573410267	2.3742573410267
t46	0.444599519572183	0.444599519572183
