taxon	max_age	min_age
t1	18.7864029049761	10.2298331230075
t3	12.5610750541647	2.93012424950483
t4	11.664902305821	1.91494623226199
t5	8.99571008313872	2.46399063321278
t7	2.44130865492176	2.44130865492176
t9	4.49933965125564	4.49933965125564
t11	7.5671850826373	7.28078212248003
t12	4.6882579371995	3.09409369721338
t16	7.01437771452725	1.0672583946161
t17	2.44542763418408	0.155193161581472
t21	5.02891196304444	5.02891196304444
t22	3.21237538531556	0.0712970620193083
t23	3.27895645941026	3.27895645941026
t24	3.28192785350219	0.40462060799435
t27	0.55454781046614	0.0867417946167137
t28	1.30437802635244	1.30437802635244
t29	4.46376659412619	3.26259470205195
t30	1.55861960870818	0.753236270115231
t33	0.574520501980697	0.574520501980697
t38	1.78072405984766	0.249554727594226
t40	2.36741955515231	0.212886530275
t43	0.404103672629709	0.0869014265026813
t50	0.361364252018554	0.0287889373403019
