taxon	max_age	min_age
t1	16.6702413727431	14.2938286794159
t3	12.0700983601663	10.1029288877668
t5	14.7793479291362	14.7793479291362
t6	16.9177790176328	16.4126670115002
t9	9.53319270820117	0
t11	1.98101700834496	0
t13	4.66251972866	0
t14	6.85008934874729	6.85008934874729
t17	4.93772455201218	4.93772455201218
t18	3.51132635494967	0
t29	2.64798424804985	0
