taxon	max_age	min_age
t1	19.3180554301944	10.9536043613181
t2	12.4444453282057	10.3270710717197
t4	8.59798324916515	8.44072120886299
t5	12.7008823043944	8.17861924565871
t6	10.0856071178154	5.66283287765088
t7	11.119153596508	11.119153596508
t9	7.96152281990962	7.46126623437453
t10	12.5950418523526	9.19797765384564
t11	11.3428772775066	9.88385419033497
t12	9.63616531409593	0.247121763368373
t13	3.84344959952723	0.767082752251252
t15	6.23431457157003	0.424228238016504
t16	6.88680696414978	2.49997371839996
t17	7.14955927932442	7.14955927932442
t18	5.68357369851881	5.62191411782105
t21	4.66292359866419	2.20597710986145
t23	0.049273022530258	0.049273022530258
t25	0.136006703669743	0.136006703669743
t27	3.29600074371005	3.29600074371005
t28	0.343919130414708	0.343919130414708
t29	1.3805008213045	1.3805008213045
t30	1.56294982457215	0.568819261814081
t33	0.115023786916375	0.115023786916375
