taxon	max_age	min_age
t1	19.288785016397	1.27412863815221
t2	17.1012932954155	2.33454404417897
t3	17.0573592437058	7.72018656697886
t4	5.00887031846129	4.70944763573268
t5	5.94176943507561	5.82254497195179
t7	2.63568662574895	0.541439128701434
t8	2.25320268269387	2.25320268269387
t9	1.13561642901731	1.03335405197685
t10	16.3933659755263	14.5491691184559
t12	14.2599251000019	10.3712399205066
t13	3.68181833650539	0.495771460829967
t15	9.41973952525977	3.98018087047214
t17	2.52509433687514	2.52509433687514
t19	9.05417843152772	4.26440605403756
t21	0.871236171933734	0.871236171933734
t22	0.348888803295868	0.348888803295868
t23	0.553193840531087	0.553193840531087
t25	11.3636691631134	11.3636691631134
t26	2.6151723492216	0.915727660364993
t27	0.0546090284841689	0.0546090284841689
t29	9.94960992924051	8.74840357393095
t30	3.35306633967406	2.24001971078536
t31	7.58615661057449	0.28846966620651
t32	2.21958706759449	2.21958706759449
t33	1.68653579493506	1.4330404491116
t34	8.67995478576951	4.34438382290274
t35	5.82408298015066	5.82408298015066
t39	11.5812046977586	11.5812046977586
t40	0.922247394935749	0.922247394935749
t42	2.43249874566186	2.43249874566186
t45	1.15158137305241	0.847103690249579
t47	3.09760681227164	2.22381547026342
t48	5.07019661787008	5.07019661787008
t49	0.644379451472862	0.644379451472862
t53	0.154565792784101	0.154565792784101
t54	2.94361921483033	1.33286863439099
t55	2.00099701264858	0.231979105690634
t57	0.0945261408062308	0.0945261408062308
t59	2.15489880559969	2.04045973630625
t61	0.202949328714393	0.202949328714393
