taxon	max_age	min_age
t1	13.9961017624832	13.596820551053
t2	18.2082926021274	16.6613862738225
t5	13.7397272617071	8.10303870270605
t6	12.3977240394534	8.82750166214195
t7	9.28616556987656	7.0457205505748
t8	3.63400918714389	3.63400918714389
t9	4.07486850500748	1.20606757059963
t10	1.59296323756044	1.59296323756044
t11	3.19460640700894	0.238297558626137
t13	1.39346519338622	0.222013733281784
t14	2.89473678375503	2.89473678375503
t15	0.837740007444182	0.545043573036438
t16	0.381975421159549	0.381975421159549
t17	2.37762195951355	2.00797811955213
