taxon	fad	lad
t1	19.5943996170139	18.7084081663819
t2	18.4306096675276	11.5334603513418
t3	13.0113859173245	13.0113859173245
t5	8.71799086941704	4.31223749419229
t7	13.9185480986494	0.396248896088711
t8	12.5088577181148	12.0658000662504
t9	10.6844917404567	2.03122532188134
t10	8.64623848524638	2.00889843540643
t11	12.7161900991494	12.7161900991494
t13	7.56126664761213	7.22471617505789
t15	4.25216306322311	2.84372406295799
t16	3.13496125490865	0.612375928207964
t17	1.47877357445403	1.00854535159405
t18	0.119189977522264	0.119189977522264
t20	14.634559062737	14.634559062737
t21	7.64768851350351	1.59396110972454
t22	4.86621574695549	4.86621574695549
t23	2.3931931787277	0.437184256410504
t24	1.83754970066114	0.455583398955451
t25	3.8898013166917	3.40248148252901
t27	5.548126037281	1.14154113332253
t28	2.29450731268292	1.69094505553617
t29	3.67596420241501	1.88930982217335
t31	2.09682178809859	2.09682178809859
t33	1.96029995892669	0.0867978818575565
t34	0.998502069017871	0.998502069017871
t36	2.28012365532785	2.28012365532785
t38	12.481352779841	4.09683543606917
t40	2.12407146730642	1.868740071414
t43	2.83320866873153	0.42294515866125
t45	3.59571131368698	1.01332209222909
t53	5.65715018489113	4.54818497823266
t55	9.04294914873271	1.38687019691599
t57	4.75643029764313	3.64012748061934
t59	0.837183753865265	0.837183753865265
t62	1.37521816047725	1.37521816047725
t64	0.583971188995072	0.0425569514232365
t65	2.47478619431801	1.1347272664281
t66	5.27217506441445	5.27217506441445
t74	4.54372001447578	1.31461816020431
t75	1.77079968613631	0.921634074701586
t76	5.59111503099093	5.24066143582577
t78	2.3591329089093	1.85987874448253
t88	1.71519429008455	1.71519429008455
t90	0.350898400904125	0.350898400904125
t93	2.59537877022889	0.394630352807425
t94	3.71572375155984	0.739405504400409
t95	2.05425797886025	2.05425797886025
