taxon	fad	lad
t1	19.7318984055892	19.7318984055892
t2	19.7250441478952	10.9727456231413
t3	11.7084238848099	9.70106673595928
t4	6.05415221552435	4.28723614532531
t6	13.4331404844558	0.484738741345431
t7	8.2051733333658	0.450872002544298
t8	4.19231510458412	4.19231510458412
t9	1.29231235623035	1.29231235623035
t10	0.853185814451621	0.853185814451621
t11	4.00343671478175	4.00343671478175
t12	6.28437279870997	6.28437279870997
t14	2.12061470648796	2.05821343369674
t15	7.69897252214375	7.69897252214375
t16	6.69926745436362	2.20900866492697
t17	2.55692755889977	2.55692755889977
t21	4.796103570721	2.73433860040424
t22	3.71344897846006	0.796962552308489
t23	7.72141288668993	7.72141288668993
t24	4.48781488490779	2.39557860457153
t25	3.15330188438474	3.15330188438474
t26	0.633517445907039	0.633517445907039
t28	5.00284131184396	1.90698695878931
t29	2.07604487056005	1.35724886997695
t30	5.12949066803399	5.12949066803399
t31	4.55575060588865	0.20079177184968
t32	4.06960208004228	0.272406150178277
t34	2.63650903360211	2.63650903360211
t38	0.44305531058879	0.44305531058879
t39	2.57146823773935	0.980159386245823
t41	5.56567266804464	2.83267144448184
t42	4.96450827222419	4.05760039922882
t44	0.119611764656685	0.119611764656685
t45	3.66570366154933	1.01703636816679
t47	1.46973377836638	1.46973377836638
t48	0.665804650739283	0.665804650739283
t50	1.63122070473288	1.63122070473288
t54	8.16687578162266	0.695080491462019
t55	1.60516587376187	1.60516587376187
t56	2.42423356401117	2.42423356401117
t58	0.673727034167815	0.673727034167815
t59	3.21824714095349	3.21824714095349
t62	6.41559265065978	6.41559265065978
t63	3.57317554209369	3.57317554209369
t68	1.31502402313609	0.567707568372775
