taxon	fad	lad
t2	16.2889793718042	3.3282657663622
t3	17.4931425790365	17.4931425790365
t4	13.9778734667035	13.9778734667035
t5	2.51736753278605	2.37618644380204
t6	14.9079837646463	14.9079837646463
t7	14.4645169832845	14.4645169832845
t8	11.4361897648998	4.69517423934229
t9	14.3902037585826	13.4790274258443
t12	9.26300422455489	9.26300422455489
t14	0.522614923202671	0.522614923202671
t15	5.81485526464511	4.07547083289252
t17	5.54698828901727	5.54698828901727
t18	3.97140564228746	3.97140564228746
t19	1.92061063598196	0.432546110162111
t21	2.15864370138646	2.15864370138646
t22	0.0103653583106684	0.0103653583106684
t26	1.8113689729693	0.0366956321740588
t27	2.63226453892604	0.501862037824221
t29	1.97828768361956	1.00075561279095
t30	0.889482622991281	0.889482622991281
t33	4.795984859541	0.719520835433968
t34	3.69020371324612	0.898045707693115
t38	1.70263092059688	1.70263092059688
