taxon	first_age	last_age
t1	17.5643803297581	0
t2	15.7044492974552	11.0613667991732
t3	0.614321613032704	0
t4	14.3595764924901	3.42125678666841
t7	0.908566063101098	0
t10	5.14029166397005	0
t11	7.82916800168217	4.7376526061802
t12	4.9266857332665	0.557997123654506
t13	4.30582633018665	0
t14	2.00614082104707	0
t16	1.42262709521896	0
t18	1.73561639890267	0
t21	3.37702664038287	0
t22	3.11825414160555	0
t24	2.4741597085477	0
t25	1.65793952863658	0
t29	1.87452944878061	0
t31	1.2110036147193	0
