taxon	first_age	last_age
t2	17.8465976019628	8.03702496478927
t3	13.3593929269337	0
t4	9.42946490329398	9.42946490329398
t5	8.7563847464214	3.01805734400887
t8	9.55491501640446	0
t9	2.38321090229864	0
t10	5.7272662086428	0
t11	4.95657387704503	4.95657387704503
t12	1.7890254218431	0
t13	0.71830007390372	0
t15	4.969736084262	1.82578357832584
t18	3.79081825625219	3.79081825625219
t22	1.0918804297209	0
t24	0.64474948824644	0.64474948824644
