taxon	first_age	last_age
t1	16.6786206323664	16.6786206323664
t3	13.1123454439789	0
t4	8.13797161131709	8.13797161131709
t6	4.07696468439517	0
t7	6.52531338305296	0
t8	5.14984498542784	5.14984498542784
t9	6.60239917842697	2.70159428722312
t11	2.49680239269718	0
t14	3.53252191249497	0
t18	3.7556408087661	3.7556408087661
t20	5.20991491383093	0
t22	0.340183188808549	0
t25	0.333546227794475	0
t28	1.8339599387834	0
t32	0.685280586994129	0
t34	0.474363551068574	0
t35	1.14123611466924	0
