taxon	first_age	last_age
t1	28.9130306181808	27.2701401363721
t2	29.5551371461382	29.5551371461382
t3	25.8172407187521	20.1751724121167
t7	21.5923703321721	0
t8	22.5744959745398	22.5744959745398
t11	18.9982189856468	0
t12	2.06553974019507	0
t14	25.5086884150183	18.2245833677148
t17	4.87386031035505	0
t18	2.65604055615036	0
t19	0.460480872807409	0
t20	1.5672152341095	0
t25	2.24909037268558	0
t27	1.43261232034931	0
t29	0.562422340383115	0
t32	5.14478931727313	0
t35	0.438343161226648	0
