taxon	first_age	last_age
t1	8.3045109671851	0
t2	3.59480972881262	3.59480972881262
t3	5.52712894404261	0
t5	0.083259184277475	0
t6	3.20956459044802	0
t9	1.98443503589693	0
t11	0.915417571052906	0
t12	1.23760248995216	0
t15	0.141074052128669	0
t16	1.25397793557624	0
t18	0.164721274752736	0
t20	1.0592930213031	0
