taxon	first_age	last_age
t2	3.01614057785086	0
t3	3.28961121833923	0
t4	0.74317325995638	0
t5	2.3396120887598	2.3396120887598
t6	4.55306963707401	0
t7	0.293365889341805	0
t9	0.487932702047667	0
t11	0.339307286275632	0
t12	1.8715563986042	0
t14	0.179295449465904	0
t16	1.4319401900699	0
