taxon	first_age	last_age
t1	8.81967208813876	8.81967208813876
t3	1.89752969580086	0
t5	0.539085322598872	0
t6	0.125234274784097	0
t10	1.67794096200359	1.67794096200359
t11	2.70626761799408	0
t12	2.21717434095181	2.21717434095181
t17	2.6786238199649	0
t19	1.05174343116383	1.05174343116383
t20	1.23869419307539	0
t23	1.85226865562847	0
t24	0.496895120704011	0
t27	0.513141532783045	0
t34	1.44604048655812	0
