taxon	first_age	last_age
t1	4.05255878993066	0
t2	8.4491307748044	7.0253837676902
t3	2.33548201448193	2.33548201448193
t4	0.849430541361727	0
t5	0.261257884159432	0
t7	0.130641949008412	0
t8	1.94338552871997	0
t9	1.59183947449761	0
t10	1.30014708837661	0
t12	0.109253928222779	0
t13	0.293249166113505	0
