taxon	first_age	last_age
t1	4.98824771711311	0
t2	7.89408900526239	4.02212155423635
t5	0.597857626870832	0
t6	0.0255248108935007	0
t7	3.24342879655576	3.24342879655576
t10	0.480419877034713	0
t14	0.894330445504256	0
t16	0.804423549756542	0
t21	0.0548370972272529	0
t25	0.389364170719526	0
t26	0.460899936296356	0
