taxon	first_age	last_age
t1	7.97783985423545	0
t2	5.93235581243449	5.93235581243449
t4	5.29054784684373	3.00237553817772
t5	3.24785790890889	0
t6	1.48139379560533	0
t11	2.19059046593093	0
t12	1.5010532496593	1.5010532496593
t13	1.33008093191647	0
t18	1.52079437135248	0
t21	0.254676646220977	0
t30	0.0458535767475308	0
t31	0.376408276424264	0
t32	0.31921339917222	0
t33	1.07759888052465	0
t34	0.336446425452895	0
