taxon	first_age	last_age
t1	9.97958488917599	0
t2	6.93714965931875	6.93714965931875
t3	0.644633212010216	0
t4	1.4100209065503	0
t5	0.00284044345375989	0
t7	0.0190268188278768	0
t8	0.118409007616672	0
t9	1.845414372504	0
t10	1.92760042443089	0
t11	2.39191093001625	0
t12	0.854871196469892	0
t14	0.440883594537516	0
