taxon	fad	lad
t1	4.33592571442789	0.847783830961539
t2	7.05753667368191	3.43140045687089
t4	3.16899949698742	1.17341153704669
t5	3.19197925970364	0.0798339093861191
t6	1.66999789764355	1.66999789764355
t8	0.79429274244888	0.79429274244888
t9	5.47565448236944	1.38502316865961
t11	3.10671284459564	2.54115139381062
t14	4.48744901517388	1.6341110326049
t15	1.45772023434766	0.378471721629131
t16	0.564522178353812	0.564522178353812
t17	0.0996670369143278	0.0996670369143278
