taxon	fad	lad
t2	8.55471160418043	7.60691703452418
t4	4.11555987283363	1.12822938570786
t5	7.44754418038696	2.37059533028532
t6	4.48634222721704	4.48634222721704
t7	0.673363906807422	0.673363906807422
t8	1.89333115950307	1.57350065675077
t9	2.25382032891135	2.25382032891135
t11	2.98282336346894	0.247830178852588
t12	1.68471170082508	1.68471170082508
t13	0.191972278440076	0.191972278440076
t16	4.11944582000036	3.04736071488481
