taxon	fad	lad
t1	8.85988727794029	0.635657984845622
t4	5.45033832549963	1.07115648844428
t5	3.1545118545546	2.30953886526551
t6	1.92275921280819	1.92275921280819
t7	1.33806246971342	1.33806246971342
t8	3.29551998335472	3.29551998335472
t9	1.97724817091514	1.97724817091514
t11	0.656451633205808	0.495748726259674
t13	2.4207158716937	2.4207158716937
t14	2.8450942713448	1.41195598511558
t18	0.0668655391746373	0.0668655391746373
t27	0.200489244648855	0.200489244648855
