taxon	fad	lad
t1	9.02776131415248	5.9885551503348
t2	5.25592468857887	5.25592468857887
t3	5.99342071677822	5.99342071677822
t4	4.78983118159895	4.78983118159895
t5	4.19634703368624	1.43667158284896
t6	6.25588656797656	0.825958869348758
t7	3.81652224131481	3.22739460107022
t8	1.91989025992703	1.53719696864717
t9	1.88093827834702	1.47925148054022
t10	1.15882789265035	1.15882789265035
t11	0.468458762924085	0.468458762924085
t12	2.43534887060435	2.43534887060435
