taxon	fad	lad
t1	27.3912352023383	21.6609571763058
t2	23.2978535926128	17.5393702037787
t3	20.9603325544242	13.71592385881
t4	18.1584442132622	18.1584442132622
t5	11.1291227395945	11.1291227395945
t6	13.7546660693216	13.3644033826635
t7	9.65689032539181	9.65689032539181
t8	10.3448101604119	7.07636630230092
t9	9.55620765107147	9.55620765107147
t10	3.5105849278753	1.37814374059786
t11	8.90436739318344	8.90436739318344
t12	7.61061503473797	6.5480825017778
t13	1.59054680116835	1.59054680116835
