taxon	first_age	last_age
t2	27.0399299776182	26.4840983593444
t3	27.947244107271	14.9209541456552
t4	25.6815664102713	22.736075338326
t5	14.5989492109662	11.823287736723
t6	17.677698978126	17.677698978126
t7	16.7433071516291	8.04647151228992
t8	15.4660380531191	14.2389683371499
t9	15.3611782429927	15.3611782429927
t10	12.2575509955933	11.7086082980484
t13	14.6868602317849	12.9662762696181
t15	2.55227724639619	0
t18	10.9640460836431	1.31314447683526
t22	5.6967852360892	5.6967852360892
