taxon	max_age	min_age
t1	9.97785207202523	0
t2	5.38169238114419	0
t3	1.36675975994344	0
t5	0.376526929697949	0
t6	4.56868343990499	0
t7	2.33445169143752	0
t8	0.282821676149329	0
t9	3.06875905831717	2.09787368247911
t10	2.36403924389576	0
t11	0.545479477090085	0
t12	0.707767719554653	0
