taxon	max_age	min_age
t1	9.38406448327622	0
t2	6.63140685318823	0
t3	5.539601165865	5.539601165865
t4	2.63709420240623	0
t7	5.3352212430095	0
t8	4.75366377606342	0
t10	1.56318167359931	1.56318167359931
t13	0.9462983207367	0
t17	0.973341576798804	0
t19	4.24828322666064	4.24828322666064
t22	0.531927610290683	0.531927610290683
