taxon	fad	lad
t1	9.74795793487984	6.88395053156667
t2	5.61682960559694	2.85924275029564
t3	4.69081531380612	4.69081531380612
t6	3.54418775780483	0.356684940840692
t8	1.68575453324195	1.68575453324195
t11	4.58882270468852	4.58882270468852
t12	3.04524003735421	1.38228378155567
t13	3.56595141813698	3.56595141813698
t16	2.95446134208721	2.95446134208721
t17	0.570261879777702	0.570261879777702
t19	1.20710616405015	1.20710616405015
