taxon	fad	lad
t1	8.19349586032331	3.89090364276009
t2	4.23645203825806	4.23645203825806
t3	2.61051120691845	0.771401204611054
t7	2.91236886456773	2.35384503857707
t8	2.38945834724532	2.38945834724532
t9	2.19982680260685	1.89967423383938
t11	2.44913557118358	2.44913557118358
t12	1.605494489872	0.844403053822658
t13	2.8306672750683	2.8306672750683
t15	3.62458964267245	3.62458964267245
t19	0.441271550336694	0.441271550336694
