taxon	max_age	min_age
t1	6.58985883011516	0
t2	9.88846442446469	0
t3	6.24821478118629	0
t4	3.58521768698857	0
t5	4.84751108117377	0
t6	4.91748706994797	4.91748706994797
t8	5.21499575242924	0
t10	2.36782886968064	0
t11	2.14169549383118	0
t12	2.43130479439257	0
t13	1.92135155732275	0
t14	2.40836727221067	0
