taxon	max_age	min_age
t1	9.95057438965887	7.69801630948981
t3	2.6690584921579	2.6690584921579
t4	1.54436651869551	1.54436651869551
t8	4.65931947003442	1.16275139858216
t12	2.20879230943489	2.20879230943489
t13	5.30397219763208	0.264974480710432
t14	0.73645063006251	0.514170461468192
t15	2.29109704794578	2.29109704794578
t16	3.48925288116842	1.6914620759801
t18	3.04132428711069	3.04132428711069
t19	0.54983173475483	0.54983173475483
t20	4.40138328930081	4.40138328930081
