taxon	max_age	min_age
t1	9.50281600693836	4.80828799385256
t2	6.98245291118405	5.83869306621156
t3	7.29319190419575	1.81625104812618
t4	4.00255047313137	0.936979499961073
t5	6.24221417214919	6.24221417214919
t6	2.55629957033113	0.152973287572578
t7	2.95513711799601	0.0703066612880985
t8	2.62501164496662	2.62501164496662
t10	5.11110567159619	4.78653573158372
t11	1.8785509118587	1.67145059436047
t13	3.29132187316668	1.27338771068654
