taxon	max_age	min_age
t1	6.37985336918727	6.37985336918727
t2	9.54683111433713	0.201174142783696
t3	0.607057708290332	0.10723017968896
t5	4.52095479676448	1.60973731137041
t6	1.9623325700545	0.530752016291881
t7	3.5630760451671	3.1164130445462
t9	4.20784991872104	4.20784991872104
t10	0.124205056449604	0.124205056449604
t12	0.237255659214162	0.237255659214162
t15	2.00716342574984	2.00716342574984
t16	2.14840802572015	2.14840802572015
t18	0.181810148389575	0.181810148389575
