taxon	max_age	min_age
t1	9.53244860430548	9.53244860430548
t2	7.16224157610234	2.01844968873907
t3	6.56743189914701	6.56743189914701
t4	3.93393978340216	3.91425321264099
t6	6.44856921501705	0.325793106535031
t8	3.09395419921088	2.11475840537551
t9	2.01833544471547	0.999509212734152
t10	0.980719189907054	0.137205633150975
t11	5.01412201534804	2.6537883298953
t15	1.11066976493676	1.11066976493676
t17	1.03440316376072	1.03440316376072
