taxon	max_age	min_age
t1	7.96511933983614	0
t2	8.47366613047839	4.3856125425402
t3	5.95385832969527	0
t4	5.680170101115	5.680170101115
t7	3.88526925179843	0
t8	1.89988036021028	0
t9	3.87448718446507	0
t10	0.0636585516229964	0
t15	2.73666026221382	0
t17	1.13873116182984	0
t18	4.16126587023418	0
t20	4.76776934612632	0
t22	0.112022013801623	0
t25	4.05765589297997	0
t31	1.62758677130224	0
t32	0.304488435548897	0
t33	2.41150615438242	0
t35	0.95732563357504	0
