taxon	max_age	min_age
t1	7.41479626079516	0
t2	6.40048973913869	0
t3	5.39934494165245	0
t4	2.07048041449363	2.07048041449363
t5	2.61001299429822	0
t6	1.00866244003941	0
t8	4.87958044097991	4.73551474261203
t9	5.37239038288249	0
t10	3.44579008401489	3.44579008401489
t12	1.13967556576788	0
t13	3.88618186014476	0
t14	2.77475081168309	0
t15	3.80250029145358	0
t17	2.69292167401181	0
