taxon	max_age	min_age
t1	4.97771013556115	0
t2	8.80207612063123	1.82253885956868
t4	4.26733011658679	0
t5	3.62258740093852	3.62258740093852
t7	4.9731694873777	0
t8	4.76467718120685	0
t9	0.19815249666234	0
t12	3.45439224613439	0
t13	2.81298654308583	0
t14	3.07345807400141	0
t15	2.28824671837543	0
