taxon	max_age	min_age
t1	8.6575253913179	6.19494096756967
t2	5.30923027801682	0
t4	5.79203157377109	0
t5	4.72204346450975	0
t6	1.06872527819413	1.06872527819413
t9	1.25567464545546	0
t10	4.25614763328536	4.25614763328536
t11	1.85198823826148	1.85198823826148
t12	5.17331657471162	5.17331657471162
t14	2.85140038109412	0
t15	3.1360588856007	0
t16	1.80949574270972	0
t17	2.76514632806735	2.76514632806735
t18	3.45350135569319	1.83438276916513
