taxon	max_age	min_age
t1	7.85858537846555	0.061574552968306
t2	6.37986077451874	6.37986077451874
t3	2.48714812128363	0.230345659552697
t4	3.91000906321589	2.76993541673505
t5	4.04598912900709	3.7214117152134
t6	1.04831820320198	1.00449292111346
t7	2.34552644364622	0.194191049636276
t8	0.0766126072176689	0.0766126072176689
t9	2.57350140763799	0.610684156887029
t12	3.69956213356611	3.5048150550232
t13	0.187677653206928	0.187677653206928
