taxon	max_age	min_age
t1	4.26965866998471	4.26965866998471
t2	8.09966371248463	4.72475001597454
t3	7.66147919136699	0
t4	5.9795177246788	0
t5	5.84547149094095	0
t8	0.686837637992056	0
t9	2.08734340583339	0
t10	2.47903576322896	0
t15	2.28867328167066	0
t17	0.0148990688840662	0
t19	4.23142600606452	0
t20	1.08467144852936	0
t21	1.13279455267152	0
t22	1.164826365999	1.164826365999
t24	3.53844030936495	0
t25	2.29116576135468	0
