taxon	fad	lad
t1	4.30485391239406	4.30485391239406
t2	8.78919687993056	0.0270365538030166
t3	4.89890735014085	1.45200047557901
t4	4.07370437225908	0.387236483276354
t5	5.96224189419762	5.96224189419762
t7	3.83854619150426	0.840725819219289
t10	0.433748865078636	0.0974199370302244
t11	5.62886741875023	3.68281752268136
t12	5.52617976006745	1.57740074550737
t13	5.08167552464615	3.58457559577784
t14	2.17795076679794	2.17795076679794
t15	1.22832928979316	0.616608786636734
t16	0.374194902548766	0.374194902548766
t17	2.54488117676546	0.86999405790438
t19	0.202064144806481	0.202064144806481
