taxon	fad	lad
t1	8.28436076175421	1.93794125874283
t4	2.48385861324625	2.48385861324625
t5	4.60805949504016	1.59314156583383
t8	1.49271661299371	1.49271661299371
t9	0.610532837711927	0.393350067961372
t10	0.107879295598728	0.107879295598728
t11	1.10057751202635	1.10057751202635
t13	0.164565517888208	0.164565517888208
t17	2.84599845431391	1.85314358977714
t18	2.83305726310051	2.83305726310051
t19	2.35188768213525	0.553542861086969
