taxon	max_age	min_age
t1	6.84976839474436	0
t2	8.62477544275977	3.58061087875698
t3	6.42189551679135	0
t4	8.13864000092205	0
t5	2.95311845443634	0
t7	4.49236523275409	4.49236523275409
t9	2.63502357098346	2.63502357098346
t10	4.88787229750771	0
t11	1.64124456265686	0
t13	1.55615168978315	0
t15	1.28338568527075	0
t18	3.10159118869303	0
t20	1.82294929497506	0
