taxon	max_age	min_age
t1	9.99884585085795	3.50141251189239
t2	5.78688044024151	0.75072297100181
t5	3.98696555869456	0.74751883082515
t7	2.27601865251794	2.27601865251794
t10	1.90037159313959	1.90037159313959
t11	5.10675647929638	5.10675647929638
t12	3.44992080277713	1.83087355940986
t13	2.27482025727815	2.27482025727815
t14	3.13503091927019	2.57901419128974
t17	1.72109051958033	0.877267476571685
t18	0.581755334294566	0.239855031266043
