taxon	max_age	min_age
t1	4.03784920179041	0
t2	7.78896528760376	7.29424698012566
t3	5.68112817227672	0
t5	3.97897933414699	0
t8	1.46439474251504	0
t10	2.93060811621083	2.93060811621083
t11	2.87106546326626	0
t12	5.69585051167616	0
t19	3.66848661887061	0
t20	2.51237628185364	2.51237628185364
t23	3.99987857663835	0
t26	1.91723178762209	1.91723178762209
