taxon	min_age	max_age	status
t1	9.26453587102393	10	extinct
t2	7.31071478997668	9.26453587102393	extant
t2	0	1.85745612927713	extant
t3	3.71946127782576	5.51158534937228	extant
t3	1.85745612927713	3.71946127782576	extant
t4	1.85745612927713	3.71946127782576	extinct
t7	1.85745612927713	3.71946127782576	extant
t8	0	1.85745612927713	extant
t9	0	1.85745612927713	extinct
t12	0	1.85745612927713	extant
t13	0	1.85745612927713	extant
t15	0	1.85745612927713	extant
t16	0	1.85745612927713	extant
