taxon	min_age	max_age	status
t1	9.18307858534778	10	extant
t1	1.90259107698997	3.76109247088122	extant
t2	5.59719743750369	7.2939018108882	extinct
t2	3.76109247088122	5.59719743750369	extinct
t3	0	1.90259107698997	extant
t4	1.90259107698997	3.76109247088122	extant
t7	0	1.90259107698997	extant
t8	0	1.90259107698997	extant
t12	0	1.90259107698997	extant
t13	0	1.90259107698997	extant
t17	0	1.90259107698997	extant
t19	1.90259107698997	3.76109247088122	extant
t22	0	1.90259107698997	extant
