taxon	max_age	min_age
t1	3.63204189399835	3.63204189399835
t2	3.37224626934177	1.85997501311787
t3	1.24361509687953	1.24361509687953
t4	0.839355915791742	0.839355915791742
t6	1.32167897053974	0.0682232451396363
