taxon	max_age	min_age
t1	3.59530445626067	0.0191670989969523
t2	3.86607460779251	3.86607460779251
t3	3.62451932611513	1.88297124184904
t4	4.04292482562784	2.16854384321115
t5	2.80019252451544	1.34141973066487
t8	4.15001660131073	0.901846172248415
t9	2.28128501954256	0.451197395909706
