taxon	max_age	min_age
t1	8.62885948697611	1.49451804205366
t2	8.14436033996565	0.230237333416484
t3	4.6641508720344	0.875188107426872
t5	4.2249913721553	0.405079464910951
t6	0.330882459943528	0.330882459943528
t7	0.484553899885428	0.484553899885428
