taxon	max_age	min_age
t1	9.02565993139051	3.25426623243949
t2	7.64753276135811	0.173891933897584
t3	6.35097464029159	3.98105979031508
t4	7.17141360081707	0.523580566326764
t5	0.982245291226921	0.511552535623625
t6	5.77282733087752	1.11935478472803
t7	1.26975020673384	0.445844878479713
t8	2.71022981434233	0.0351681821266894
