taxon	max_age	min_age
t1	13.6632065904197	9.43832041185476
t2	4.44705468886334	4.44705468886334
t5	0.49546151758101	0.49546151758101
t8	3.53655012830795	3.53655012830795
t9	1.04635595226806	1.04635595226806
t10	0.43226492203374	0.43226492203374
t13	0.426258137571523	0.426258137571523
t14	0.274592570113921	0.274592570113921
