taxon	max_age	min_age
t1	5.71816625090042	1.11509125628645
t2	3.13863742511668	0.122810254676695
t3	2.77913874401787	2.77913874401787
t4	0.914801097431152	0.115332628581751
t5	0.901691920979355	0.401045648681439
t6	0.048875784284184	0.048875784284184
