taxon	max_age	min_age
t1	7.82236299790229	2.68378664076048
t2	6.63711514247477	6.63711514247477
t3	4.19233864637211	1.05701774045584
t4	6.81472074888615	6.18021325184196
t5	1.21228220118196	1.21228220118196
