taxon	max_age	min_age
t1	6.87768868474862	5.72151810107427
t2	6.41224187691456	2.75863687919517
t3	5.34274766588254	5.34274766588254
t4	3.14588735631709	3.14588735631709
t6	5.07257329474458	0.88233536728814
t7	4.12697553885137	4.12697553885137
