taxon	max_age	min_age
t1	5.0235089181277	0.678850292513586
t2	4.31940065692171	3.85627314925147
t3	0.975205050664993	0.273010817452475
t4	1.21094267819083	0.364372140420921
t5	1.82876744203212	1.82876744203212
