taxon	max_age	min_age
t1	6.31652214181296	3.24617622205716
t2	3.73725402133112	2.50484111451474
t3	1.83078488839819	1.50263630726774
t4	2.71769974304516	1.22159810322739
t5	3.48397303502832	1.47490784835582
