taxon	max_age	min_age
t1	9.5688119198955	1.27101289391454
t2	5.08329892367829	0.595684550839684
t3	3.80858901681244	3.16830940317236
t4	1.48052181968626	1.48052181968626
t5	7.08181868598316	7.08181868598316
t6	3.38782104479502	1.60041296546721
