taxon	max_age	min_age
t1	12.9013621268507	7.99712507079304
t2	11.1476143007873	4.78715679739473
t3	9.66396564441015	6.3034960259005
t4	5.14232650269179	1.2433675086607
t5	10.5169046401079	1.25163050744449
t6	2.5734611733223	0.628727090853353
t7	3.48972330318469	0.441806789897882
t9	1.18418053026	0.356868266761436
t10	0.797892124505026	0.797892124505026
t11	1.2032394202468	0.339420869559644
t12	0.67454330605926	0.67454330605926
t13	1.01799646610682	1.01799646610682
