taxon	max_age	min_age
t1	12.0111400377905	12.0111400377905
t4	6.82278525657335	1.52935317926249
t5	2.62690413743021	0.705860897638837
t6	0.530784693950579	0.530784693950579
t8	0.564155798152354	0.564155798152354
t9	6.9092355007144	3.33242420018695
