taxon	max_age	min_age
t1	11.0293108584911	0.0940181455093878
t2	8.14624666017672	0.494846413090883
t3	0.288515107123525	0.288515107123525
t4	6.69175049484534	3.64212957165996
t5	5.74810381250194	0.332785165100631
t6	5.70723804991303	0.41309513192677
t7	3.65134397619254	0.490431441603238
t8	2.86708880859426	0.213281059553967
t9	0.111482413357749	0.111482413357749
t10	2.34243330967147	0.0543587284835763
