taxon	max_age	min_age
t1	7.60405166936475	7.60405166936475
t2	9.00973502398536	9.00973502398536
t3	3.30108113440841	3.30108113440841
t4	1.35364563486061	0.360826658710359
t5	4.16557204863038	0.140040095217664
