taxon	max_age	min_age
t1	13.1214573809401	3.08971440384654
t2	9.9285208969826	0.689078730702251
t3	2.00648662520694	2.00648662520694
t4	0.928331704066377	0.511713337937346
t6	5.75204002768134	0.955505305079587
t11	6.77618148583852	0.434706862161656
t12	1.95891975471357	1.07976967338592
