taxon	max_age	min_age
t1	12.895526499964	4.94444685785099
t2	9.48264902616978	1.15419395857158
t3	7.04705288440721	3.04525918199418
t4	7.63920272173264	7.1015645052009
t6	4.73736029823908	0.463611384346651
t8	0.117651533706475	0.117651533706475
t10	4.2332953339577	3.55343313413024
t11	4.72259218890301	4.72259218890301
t12	5.18594390126785	5.18594390126785
