taxon	max_age	min_age
t1	5.62236111385631	1.76550950659001
t2	5.72867582704954	0.327771258540214
t3	2.23648027309608	1.222931277738
t4	1.93466928960204	0.0796942303443728
t5	2.56193057908419	0.0490030784607534
