taxon	max_age	min_age
t1	5.55102705103468	1.59531596349861
t2	3.36428240888863	1.75971527228806
t3	3.25848398475762	0.440870636047244
t4	2.5138190063005	2.06519725906712
t6	0.0749838621438945	0.0749838621438945
t7	1.7906311735954	0.197054181435711
t10	0.115596277697687	0.115596277697687
