taxon	max_age	min_age
t1	10.8467013092713	3.3112923677191
t2	10.2804774801197	5.23934723890384
t3	9.34325539190561	7.2578387173496
t4	7.74001123167637	6.67822228135643
t5	7.47155173833497	5.10866669015462
t6	6.52496590970895	5.63689711373203
t7	6.72984517326888	1.36003627446667
