taxon	max_age	min_age
t1	10.3591053066081	5.55933354372732
t2	7.00978583430915	4.64393103038015
t4	5.32000957953452	0.73701004915357
t5	6.03989495325215	0.756287493800157
t7	0.628495999955684	0.628495999955684
t8	0.0831486085405615	0.0831486085405615
t9	4.30815512580324	4.30815512580324
t10	1.8614388962186	1.8614388962186
t12	1.34765196799327	1.34765196799327
