taxon	max_age	min_age
t1	7.88083857246201	0.425475522399584
t2	6.6868386452206	2.35986205148067
t3	4.00185727274769	0.231412023037693
t4	0.1355975217042	0.1355975217042
t5	3.07438308929437	0.943184554884663
t6	1.43040637198016	0.370067890077856
