taxon	max_age	min_age
t1	11.0443526143867	11.0443526143867
t3	11.1808835344311	1.70074053747609
t4	7.85300418076824	1.36639899828602
t5	6.63252944253146	5.00849762326256
t7	5.40470729421219	4.16490116821747
t9	4.37767280862557	4.32554236842126
t10	3.16535387787965	2.16707648669526
t12	3.46157240651998	3.46157240651998
t13	3.35842875335299	3.35842875335299
