taxon	max_age	min_age
t1	10.9877940436711	6.81932011570601
t2	9.73438304217059	1.07496570844512
t3	9.88306430158954	9.08550329095694
t4	6.48310412120587	3.026802800243
t5	7.38596607387798	5.23219024063202
t6	3.02157627338882	3.02157627338882
t7	5.685109885865	5.58617507863572
t8	2.5108582490855	0.019768011583146
t9	2.33399586648277	0.515388932085298
t10	1.75923712130074	1.22789029174794
