taxon	max_age	min_age
t1	13.3054218670831	0.211441004486858
t2	10.3437830033733	0.46383354676794
t3	7.33425036007098	3.68240475050227
t4	0.468698969032445	0.468698969032445
t5	5.9522484483984	5.9522484483984
t6	4.46329035037229	2.98425099088011
t7	4.64037815238191	3.25014536416806
