taxon	max_age	min_age
t1	7.85947941532799	2.57442733829395
t2	5.87190204110126	0.611286789966041
t3	5.98647853636662	2.42101237069627
t4	7.10123369698745	0.564324417972251
t5	3.16519112071541	0.9261434781326
t6	2.19292680335931	1.98353972346144
t7	4.64901143915888	0.755978951999735
t8	1.16742984620162	1.16742984620162
