taxon	max_age	min_age
t1	6.68570285437922	6.68570285437922
t2	6.89422822200963	0.756777368845081
t3	4.95740214203676	3.96382687006489
t4	4.73724129617674	1.94587241217591
t5	1.0499411741021	0.638230417910191
