taxon	max_age	min_age
t1	6.08359164537332	3.18518824946641
t2	3.5454705094158	0.468280670749905
t3	3.41113940933471	1.47139309846815
t4	0.270390036628883	0.270390036628883
t5	3.16233860455727	0.0625896697231063
