taxon	max_age	min_age
t1	5.33595537916313	1.75239348729451
t2	5.50725966289246	4.32084211982268
t3	4.50434992885067	0.292859742927296
t4	1.5938212204492	0.221531405708992
t5	1.35786045897392	0.0821199602910561
