taxon	max_age	min_age
t1	3.88749371413324	3.59376149224171
t2	4.64033105768976	3.4358475337387
t4	5.13598209647578	2.24181542612584
t5	2.64598221827231	2.64598221827231
t6	1.91086585125774	1.91086585125774
