taxon	max_age	min_age
t1	6.51218269304261	0.27016095362276
t2	10.1870204459148	7.94616679811219
t3	9.14104779778039	6.36137479556252
t4	5.37992619956369	0.422699194874939
t5	2.96111757211001	0.0814904020020961
t6	1.90039244534463	1.57672482136313
t7	1.94771716766923	0.0476357015020259
t8	1.61808618113371	0.0873205804252724
t9	0.768539389407023	0.0220076797822664
