taxon	max_age	min_age
t1	8.46746348725305	2.61676729578989
t2	8.59859821354403	8.57059247601307
t4	4.9683043062509	1.1257683602655
t5	3.96070358007271	3.96070358007271
t7	3.12686185922902	0.189218145511127
t8	2.97618246114508	0.0476953251333594
t10	1.48533380779002	0.664666511123471
t11	2.49526415098794	0.930265349102132
t12	0.97553002089121	0.841598057271906
