taxon	max_age	min_age
t1	12.6110233136178	7.55546241625426
t2	7.64926577347203	2.13425276035133
t3	7.37569555198617	6.46657681269987
t4	6.73018305451674	2.34854336829706
t5	1.08195485107082	1.08195485107082
t6	0.808778131206589	0.677824629029717
