taxon	max_age	min_age
t1	9.87659024631784	0.776526549709024
t2	3.54402797836832	0.98902981618628
t3	3.40688336017115	0.546324179074968
t4	1.66704844314745	0.386049109553994
t5	0.611154798341099	0.0543755056845292
