taxon	max_age	min_age
t1	7.8422046438519	0.813183859153148
t2	5.53705837406771	5.53705837406771
t3	6.13275450516178	0.109584636586256
t4	4.53954159692711	1.29257619388379
t5	2.2863181430811	2.2863181430811
