taxon	max_age	min_age
t1	10.8217909769351	9.96333589552681
t2	10.4838848711352	10.4838848711352
t3	10.7065529296349	8.98054091193908
t4	9.4169578792423	2.93889822243029
t5	5.03429533982806	0.267015039395814
