taxon	max_age	min_age
t1	12.524082114595	6.18633704858548
t2	11.9265741412185	0.0648039268593354
t3	7.64118463994927	3.48500418657482
t4	7.04937351876099	6.78491944453525
t5	4.4753170687604	0.0876445656425613
