taxon	max_age	min_age
t1	10.8437365434894	10.8437365434894
t2	10.0855350462343	10.0855350462343
t3	9.0856122515859	4.7312825723258
t4	9.40740051273519	8.42781749598338
t5	6.84620790987304	4.49797655210911
