taxon	max_age	min_age
t1	12.4644016328256	7.66261541357934
t2	9.14803904250303	3.71070584885852
t3	8.12025556745879	7.08517200482295
t4	7.67563627509502	0.00292277371737626
t5	6.00367913592573	3.97933914948552
t6	4.82193299180541	1.30341664083188
t7	4.90470021880576	2.38820060654875
t8	3.12832521899887	0.0796819385098946
