taxon	max_age	min_age
t1	7.99396328040853	2.77944070510712
t2	5.18514449165091	4.44649409137719
t3	4.17484614163367	4.17484614163367
t4	5.57692657008252	2.51069122362135
t5	2.00943227632716	0.321050274343472
