taxon	max_age	min_age
t1	12.2139810842758	8.22599577008048
t2	10.9461762553053	0.79728320750694
t3	11.0605975516239	7.75269573195233
t5	4.79677222429476	0.53565472047843
t6	1.81293835661143	0.712283636562184
t7	0.927079870890681	0.927079870890681
t9	1.4447397842356	1.4447397842356
