taxon	max_age	min_age
t1	5.62361393039575	1.88875453022643
t2	5.66479208174483	5.66479208174483
t3	4.42001553529877	4.42001553529877
t5	3.60140029650127	3.60140029650127
t6	0.923167932944043	0.719945912343423
