taxon	max_age	min_age
t2	14.1925725906581	4.03562979284106
t3	13.9269200389712	12.5584733415691
t4	12.8345529518812	10.1737614424926
t5	10.9880782954565	10.9880782954565
t6	6.91600236686948	2.0951883352988
t7	9.05913080314583	5.47182070190166
