taxon	max_age	min_age
t1	5.39089895343436	0.157599049376142
t2	4.46601574541346	0.0285380088889928
t3	2.3317254321095	0.827163694420915
t4	1.79198276318018	1.44218179495005
t5	1.75152925264051	0.496393295389909
t6	2.11324450893501	1.12497503477148
t7	0.530376817237935	0.0378848525606266
