taxon	max_age	min_age
t1	5.3119464156503	0.32817202787434
t2	4.63818993541019	2.4205802965918
t3	2.63361482703259	1.91754575782111
t4	3.97311686779908	0.160282733240024
t5	4.42826428208566	0.0479934207483774
t6	3.72614776415534	0.093773349627539
t7	1.49496122099208	0.90629172409688
