taxon	max_age	min_age
t1	8.57718730244371	7.44405304999308
t2	8.97561748549486	0.11815007151929
t3	4.42362253890899	2.4144396603092
t4	2.25394367609229	0.326551735087193
t5	1.97496957959231	0.530407023981411
t6	0.864537135661513	0.0702748396481869
