taxon	max_age	min_age
t1	8.9849239273537	1.57536949207464
t2	8.47038374598432	0.69130120591128
t3	1.09478071920709	1.09478071920709
t4	1.49715211024454	0.520212177179294
t5	3.18218927836176	0.777725303686674
t6	0.697621213751564	0.697621213751564
t7	0.0790138765253374	0.0194140893603869
