taxon	max_age	min_age
t1	11.3475891238685	10.0031995991873
t2	11.4350774704287	0.930953295257943
t4	9.98091183485264	9.98091183485264
t5	8.48941020242638	8.48941020242638
t6	1.60012029424093	1.60012029424093
t8	0.319849527341088	0.242320449505094
