taxon	max_age	min_age
t1	6.04497898652789	0.262407566019645
t2	7.32850892671159	7.32850892671159
t3	0.883868958283784	0.883868958283784
t4	3.75015155159408	3.55035152964848
t6	2.71541165292845	2.71541165292845
