taxon	max_age	min_age
t1	8.32168671712404	4.83244026384386
t2	5.93452472567818	1.1830259874175
t3	2.36199469984156	2.36199469984156
t5	3.89906858013242	3.89906858013242
t6	3.93942676714199	3.02765416055891
