taxon	max_age	min_age
t1	14.6503295198054	12.9802238211315
t2	13.2981793664826	0.58902472562909
t3	8.83151379365981	2.88352414337537
t4	4.50008133797856	1.42863267684777
t5	2.89833433316193	0.0546815359456723
t6	0.97703115419727	0.0292670744286525
