taxon	max_age	min_age
t1	11.9546262523572	4.63368027813787
t2	10.4442407845747	6.84970473239878
t4	6.48054377685154	0.634154483797719
t5	5.3995871592852	0.0469631603695309
t6	1.61188818674029	0.00509564350337399
