taxon	max_age	min_age
t1	5.68268749871612	1.37247677583473
t2	3.05605357852825	0.00540960118360445
t3	2.9833952386093	0.682788281288698
t4	0.736191011162403	0.0709472740779091
t5	0.190844377894782	0.190844377894782
t6	0.0859501054559253	0.0859501054559253
