taxon	max_age	min_age
t1	8.09754446029914	0.329604057816617
t2	7.55637796222613	5.11377843255
t4	4.17271401384474	2.8014301241295
t5	1.81511922779579	1.81511922779579
t6	2.17171025198233	0.495676263786239
t7	1.36970702112895	0.798948628261
