taxon	max_age	min_age
t1	11.6427918201821	7.73996147265946
t2	10.2278995650011	10.2278995650011
t3	8.73624721447376	0.17383722197061
t4	9.31804588673744	0.361991981756514
t5	8.96596718727019	4.45574586037751
