taxon	max_age	min_age
t1	5.21332241749944	4.48475066485174
t2	5.04317810519663	4.48866550746305
t3	4.43652322663342	2.1416898692073
t4	1.42945729360358	1.20320384967212
t5	0.952415597475479	0.952415597475479
