taxon	max_age	min_age
t1	11.9523801494063	6.21169325756407
t2	9.25193144982676	4.95195367312177
t3	9.08595230965917	1.81523627710073
t5	8.68182649208415	8.21085935548244
t6	5.08926639302861	4.10562977863755
t7	8.78981251105624	5.30367297649745
