taxon	max_age	min_age
t1	12.2830808406139	9.71407087253777
t2	8.77802578299974	0.569550760304463
t3	6.06045847044955	0.502531866150839
t4	1.98585011431409	0.500793952959247
t5	3.13588940631342	1.57357601157912
t6	2.05499171153213	2.05499171153213
t7	0.080985126863597	0.080985126863597
t8	1.27392062996943	0.0728299959116399
t9	2.13826501350573	0.513509313863416
