taxon	max_age	min_age
t1	6.9287648803171	5.0038383049242
t2	2.38670533543921	0.120121026347809
t3	3.75724417046103	2.57758379638518
t4	2.88565953693011	0.852538808821873
t6	0.891233074370931	0.891233074370931
t7	2.79351304953736	0.951060008125187
