taxon	max_age	min_age
t1	10.3224521818916	0.156833382748475
t2	7.16894774738365	0.146805285033372
t3	7.12915399558833	6.65291768968634
t4	3.49520988853231	3.01019448993777
t5	0.0946753314126223	0.0946753314126223
t6	6.56110815880901	0.152024424821692
t7	1.33828589339509	0.448172141078574
