taxon	max_age	min_age
t1	5.57897432962252	0.0136492276008191
t2	5.55892907410004	0.669581119629848
t3	3.10454753589261	3.10454753589261
t4	5.64128493629228	0.259300752903449
t5	3.67741839577234	0.279615273159751
t6	5.30964636014585	0.309915541222976
