taxon	max_age	min_age
t1	11.8409577763719	5.26505874075886
t2	7.97753898134474	6.92893451126678
t3	6.55891100464265	3.41759348156646
t4	10.2209238104136	2.52824842290269
t5	0.633292753793649	0.633292753793649
