taxon	max_age	min_age
t1	9.67203520566683	1.86273091659103
t2	7.9942759425066	1.33465044808875
t3	8.14814843728056	6.00496688897554
t4	7.96355308049089	2.61295448574881
t5	6.7518293367043	2.96309505367373
