taxon	max_age	min_age
t1	5.60882263295079	0.425291365772502
t2	5.44409408282722	0.144548589611674
t3	5.4330220856842	4.79675589712301
t4	4.57279060840888	0.0672516695220589
t5	0.639310111147604	0.353805888080679
t6	0.731039546995888	0.16388359633196
