taxon	max_age	min_age
t1	10.9185277624525	8.45954025162932
t2	6.76392503364213	0.610508461019938
t3	5.24075739710526	0.0832361975506419
t4	2.80682096727639	0.610381407044938
t5	0.540427921274048	0.00616729852757736
