taxon	max_age	min_age
t1	4.87931804646979	3.6296515621135
t2	3.1137650423255	3.1137650423255
t3	2.46955635782892	2.46955635782892
t5	0.109123712440549	0.109123712440549
t6	0.993205849378087	0.993205849378087
t10	0.921475332506966	0.477288156723063
t11	0.456486635709838	0.456486635709838
