taxon	max_age	min_age
t1	10.8673090690833	3.76874103585849
t2	7.53009401920486	6.57300881142485
t3	7.06634315636253	0.0195046681961699
t4	6.65412961978889	1.24080368755966
t5	3.73929963518647	0.357350445401547
t6	3.5140910470003	0.199684268614654
t7	2.23842273663876	0.446771558480961
