taxon	max_age	min_age
t1	12.7158278131011	8.90396942826558
t2	11.5150982594467	0.23288781913423
t3	10.1892938245467	6.71147962159789
t4	9.30627718446889	0.209562290471558
t5	9.20700513683217	3.61669467780508
t6	4.24954777037542	0.0105277944846023
t7	3.44820524723539	0.279188598692818
t8	2.64381428616095	0.189829244178521
t9	2.69645935957028	1.08433270284078
