taxon	max_age	min_age
t1	10.913727987404	0.205704595460126
t2	6.69031270930615	1.19997221870977
t3	3.03016064142569	0.140977219905688
t4	2.6293551542406	2.6293551542406
t5	1.18912098217697	0.216627434813713
t6	5.28469149176927	1.71080468276413
t7	3.54334884814936	0.0497458803205113
