taxon	max_age	min_age
t1	6.63504942515692	0.411304994334047
t2	3.73564285244647	0.445882236903096
t3	2.62180622789753	0.0138724484322621
t4	1.5245592478978	0.144833616032119
t5	1.02352159463675	0.319025852106253
t6	0.470622877362721	0.470622877362721
t7	0.470438956100036	0.385138769624838
