taxon	max_age	min_age
t1	8.25552035770986	1.36831836229399
t2	5.4695328508578	0.10388781392078
t3	4.64592019454754	0.980617111238963
t4	3.67129179660986	3.67129179660986
t5	2.26946571321779	0.30050261993162
t6	4.56555093322847	1.34159724159929
t7	4.19814085041996	3.94681172211272
t8	0.328267838286211	0.321742575646967
t9	3.58229905145324	0.817448429219203
t10	2.75292401463783	0.464777083039612
