taxon	max_age	min_age
t1	13.0183569694149	0.870253593314127
t2	10.7710259216137	2.26030680394989
t3	5.48309134110851	0.599569576126742
t4	3.36607059610995	0.16307909418653
t5	2.28768548707058	0.876711606342887
