taxon	max_age	min_age
t1	12.0097305794882	6.09199134489304
t2	9.09236252258652	0.129978851667445
t3	5.35654024468216	0.735644931383252
t4	9.15195967757379	7.94502865906202
t5	8.8121104019532	7.60014684150138
t6	7.93230670968223	0.079272247599798
t8	3.42956162826054	0.117021059301891
