taxon	max_age	min_age
t1	11.4271036004599	1.47558429127273
t3	0.470167388879961	0.470167388879961
t4	10.3262288788658	0.564389476678691
t6	6.10562162711132	6.10562162711132
t7	6.50445253447961	0.101555237076555
