taxon	max_age	min_age
t1	5.27134736526892	0.965690028623382
t2	4.15061377268417	4.15061377268417
t3	3.00849835788714	0.53228634996313
t4	1.7762892549153	1.7762892549153
t5	1.63843331635199	0.0752509212635815
t6	0.342889423369108	0.342889423369108
t7	2.80016354368674	1.52454461941428
t9	2.19868209268287	0.112828291665684
