taxon	max_age	min_age
t1	9.31644834803947	0.670103547396707
t2	5.09426000591891	4.93058178866203
t3	2.68121437110724	1.52274831388707
t4	0.876330805276035	0.876330805276035
t5	3.44139969852016	3.21943848822526
t7	0.391428996495177	0.391428996495177
t8	1.03339261289042	0.49874964419095
