taxon	max_age	min_age
t1	6.15168902293365	1.13951583470753
t3	5.70628198016403	1.16130641551538
t4	3.21881227836415	0.979705583977909
t5	2.07461060612519	0.0379386205612935
t6	0.546427325413011	0.546427325413011
t7	4.44246571993049	0.52628866417067
t8	2.65743816533503	0.869045257571074
t9	0.202256133557906	0.202256133557906
