taxon	max_age	min_age
t1	12.542980470729	1.67547069156035
t2	10.7131474266211	4.87071326442858
t5	7.33496522363617	1.1172397540433
t6	2.61636729836261	2.61636729836261
t7	1.41496780501217	0.9291160846042
t8	7.24161653487476	7.24161653487476
t10	1.93512109545915	0.324989003854185
t11	0.465650990045102	0.465650990045102
