taxon	max_age	min_age
t1	8.55301768685572	1.85153563110027
t2	5.14307377878546	2.31055695246958
t3	7.5332745297948	6.59034973518939
t4	7.02926436355543	3.77814202373585
t5	3.81039394920586	0.466597807659126
