taxon	max_age	min_age
t1	7.18764998016003	4.16416292243464
t2	4.89878678436135	4.81180267927926
t3	6.96150309564482	0.208171076985149
t4	5.01243473218973	2.95389123034784
t5	5.75116905008497	0.127179202405195
t7	2.52324441112255	1.30343191963785
