taxon	max_age	min_age
t1	8.51608538532099	0.716584789332743
t2	1.39294064445213	0.840713991221078
t3	4.32889291913987	4.32889291913987
t4	3.2938077719546	2.45387876110059
t5	2.86608226642265	2.86608226642265
