taxon	max_age	min_age
t1	12.0880653731261	2.80707468295879
t2	8.16251452016592	0.22962160424601
t3	5.80883119903536	0.551081692184484
t4	4.40634941238832	0.634919701040754
t5	2.96026252952943	0.0113681352750916
t6	2.21263284054544	2.05213721296149
t7	0.8692558513773	0.8692558513773
t8	2.30736998516718	0.376052420189502
t9	0.386483262862713	0.129426935838715
