taxon	max_age	min_age
t1	5.17678859405118	3.56905511476296
t2	4.21053907509878	0.0241134453105554
t3	2.44562401465317	0.843548297433609
t4	3.5010219781765	0.0799955293904056
t5	3.66084056591347	0.643133610794501
t6	2.11246824445471	0.672822718144035
