taxon	max_age	min_age
t1	9.09975638345378	4.55693660299433
t2	7.69624103104614	6.54289718995841
t3	5.47153822012228	0.15070433896412
t4	3.94675820053688	0.0121195097955518
t5	6.76840211011928	3.04400829994831
t6	6.08111692853635	5.39219588172981
