taxon	max_age	min_age
t2	12.0306367372522	8.19190761605702
t4	9.4077916945994	2.05114817302918
t5	6.11554023772278	1.77887549890368
t7	3.82969273303235	2.24804744674094
t8	4.78659437380466	4.00146452217441
