taxon	max_age	min_age
t1	13.8313653627504	4.93350773314963
t2	9.3431476960009	8.15382172786717
t3	7.54323089726184	7.04419010829598
t4	7.03680985896217	1.44676975626399
t5	3.89545274037031	3.89545274037031
