taxon	max_age	min_age
t1	4.67785993274879	0.464622165235465
t2	5.88568762191215	1.95865684605603
t3	2.87475622762097	0.514617074722485
t4	1.21486475910373	1.11205719995487
t6	4.02384537293245	0.506635476995701
