taxon	max_age	min_age
t1	11.4467664147173	5.57930099974671
t2	8.84800239047204	2.88531248539506
t3	6.47561439996413	1.48085091767325
t4	7.66886471072333	3.26029745653505
t5	0.160016344775894	0.160016344775894
t6	5.3610143734105	1.6869147210572
