taxon	max_age	min_age
t1	10.2206456495709	5.76418947086799
t2	5.40056941300438	5.40056941300438
t3	5.96205048714823	5.50849261130152
t5	6.48885667864612	6.43376332197333
t6	6.2325929893588	6.2325929893588
