taxon	max_age	min_age
t1	11.6436403221201	3.68273242412813
t2	9.18226088528604	7.01365662366218
t3	9.34290316119612	1.74398163960676
t4	5.38266672209461	2.69608636283366
t5	6.40610180592171	0.326158361348359
t7	1.60962882037948	1.60962882037948
t9	1.83380574474844	0.862003515419712
t11	0.629807428876713	0.137854256035356
t14	0.419072462487948	0.310208824306471
t15	0.0171445929079521	0.0171445929079521
