taxon	max_age	min_age
t1	6.77545319794269	0.326219278674386
t2	5.69059766453419	0.856902253019252
t3	3.08551892267911	2.09288874099439
t4	0.89619301938272	0.0753329389494937
t5	2.60626286055687	2.05025469114117
t6	0.872200321299315	0.191358257743055
