taxon	max_age	min_age
t1	5.52281433841385	1.04128846437766
t2	4.34280298615464	2.0234906838919
t3	4.47866513835954	0.354286548065518
t4	1.21731738434529	1.21731738434529
t5	3.75229339030111	2.42244233544698
t6	2.3674013080912	0.0146673451738124
t7	2.78884915998102	2.07717529049725
t9	0.203370814218717	0.203370814218717
t10	1.15684590639479	0.461526462069143
