taxon	max_age	min_age
t1	5.66344705467275	3.26646698943522
t2	4.5810185696476	0.755992729936104
t3	3.73594177837118	1.04980635907519
t4	5.27630415223983	3.52475051237748
t5	2.43563433853836	0.907303483382553
