taxon	max_age	min_age
t1	4.93329097655392	3.65498639759064
t2	5.00834351418511	3.43852167683111
t3	4.70993671894113	4.11638574508043
t4	4.42195763103867	0.0425048744104313
t5	2.61236418654538	0.261267249012946
