taxon	max_age	min_age
t1	14.1860071371174	10.2796182131249
t2	4.57424301259703	3.73778718884192
t4	2.75620441561371	2.75620441561371
t5	1.19763237336909	1.19763237336909
t6	6.5082404571676	6.5082404571676
t7	1.66271291824021	1.66271291824021
t12	2.3960474977503	1.23063525923592
t13	3.87313502095069	0.0353165888094154
t14	2.75864789271452	1.5085208518328
t15	0.477234161563752	0.477234161563752
t16	2.81474111528811	0.509913374572712
