taxon	max_age	min_age
t1	5.20178198949645	0.0879321067580676
t2	4.89734228153538	0.579576598743971
t3	1.64974964716498	0.219292279924607
t4	0.376987999559054	0.376987999559054
t5	0.237875921937821	0.237875921937821
t6	0.60084014761299	0.529373753592859
