taxon	max_age	min_age
t1	12.3921665653406	0.0644653523613048
t2	8.41080699631749	4.20933077194929
t3	7.15109111019763	6.77857304509294
t4	0.85240633034185	0.62719430243494
t5	7.52015972174539	5.88736346949574
t6	6.71991973699044	2.46309732484548
