taxon	max_age	min_age
t1	9.71465055794096	2.09490503403763
t2	6.46183715102755	1.3181558464321
t3	6.40617228763268	5.0958678938647
t4	4.88522445260025	0.0083086453710628
t5	4.14569023747583	0.115006320258804
t6	5.16418094994151	1.08089447332386
