taxon	max_age	min_age
t1	8.28888382649404	4.69393091859498
t4	4.53816504571432	0.337543189676754
t5	6.64645776773413	0.265166553001896
t6	2.65291674778779	1.4897028889897
t7	6.84385649064236	0.179578924388784
t9	5.67448551385387	0.530917818242279
t12	2.76988979706525	1.96178125315343
