taxon	max_age	min_age
t1	7.91028071360117	0.355853374683367
t2	7.30187840186788	3.27393268780623
t3	3.12732551973947	0.650156559063022
t4	2.66309841841006	0.309186595862645
t5	0.231962184769943	0.231962184769943
