taxon	max_age	min_age
t1	8.46650122474647	1.49519987414349
t2	5.59473965693127	0.707504174798945
t3	3.44167176611344	1.27850241361018
t5	0.859219063167608	0.00358782924697643
t6	0.998075148417725	0.387176033255992
