taxon	max_age	min_age
t1	14.4724431448966	9.40486382801319
t2	14.3390987280138	6.45651978101227
t3	9.83173969760783	0.000714314488238443
t4	9.54223785058089	1.27016773057823
t5	3.55749020061753	2.48027109627256
