taxon	max_age	min_age
t1	14.7108762431535	2.74478667160759
t2	13.0155277310125	5.32808967683137
t3	5.02442572272507	3.24236769299961
t4	2.44271436338267	0.339900582229792
t5	6.05071185182581	4.48485720746779
t6	1.8153045720988	1.8153045720988
t7	2.22040723709102	1.01112329582898
t8	4.37748585785916	3.04959824014198
t9	5.27023861278095	2.22916162097544
