taxon	max_age	min_age
t1	7.87392664290843	0.229619338104193
t2	8.34816055300814	6.25916804355437
t3	7.04599298965098	1.61096192560861
t4	5.28183236973213	0.45301163590905
t5	2.38634586578875	0.150997156075677
t7	1.59173447814636	0.202130339832525
t9	0.246210263845146	0.246210263845146
t10	0.0787076056613003	0.0787076056613003
