taxon	max_age	min_age
t1	12.0898742569091	3.24455231748565
t2	11.8109868546688	11.8109868546688
t3	10.2313514023681	9.38433396925259
t4	10.9255840526288	10.9255840526288
t5	10.4275144023537	8.71165240492574
t6	9.58673970989337	9.24126298475065
t7	10.3502452767346	10.3502452767346
t8	8.56832435218375	7.03958700124095
t9	8.26618125183343	1.2982212627335
