taxon	max_age	min_age
t1	8.88361694705284	1.68354509715684
t2	7.87891066621457	0.285386677992665
t3	5.96166634271992	4.98909314479176
t4	0.462037235940175	0.413686606371556
t6	7.83904642746263	2.25659325942055
