taxon	max_age	min_age
t1	6.63907200108433	4.56368654495533
t2	5.16692264966024	3.02101280002057
t3	4.54127241504158	3.97981253315826
t5	2.17508589418977	2.17508589418977
t6	1.22719333500716	1.22719333500716
