taxon	max_age	min_age
t1	7.20839007294003	1.99992800981067
t2	4.61956928016292	4.50667403821945
t3	5.29528632623559	0.469848303213479
t4	4.94099041291294	2.23547850753865
t5	4.80916151353757	0.537676800616116
t6	5.33299739903187	2.07379374665559
t7	4.32305789360624	3.79709255947367
t9	4.08929236883954	2.5229979741125
