taxon	max_age	min_age
t1	11.7475742586434	3.82834363327074
t2	12.0100786489322	1.3382833964914
t3	11.1336746490898	10.3630112431581
t4	7.60298891979894	5.42361784845983
t5	6.27515475199392	0.801184543299865
t6	4.37280116703492	3.63824247504443
t7	10.5435733669128	0.0493301980142231
t10	1.21904691126194	1.21904691126194
t11	0.331796412592647	0.121810363820583
t12	4.32342256114073	0.17121144191221
t13	2.95150052224286	2.95150052224286
