taxon	max_age	min_age
t1	11.4505111430003	4.75776416010232
t2	11.1793861572643	6.95624369872832
t3	10.6103529866244	0.164202035443388
t4	5.30012250153495	0.15242063358283
t5	5.03515033217989	2.55284145059227
t6	0.903434908340222	0.133691167704201
t7	3.97134011530067	2.13828151045172
t8	0.688137274554194	0.142321188658913
