taxon	max_age	min_age
t1	13.803389719818	11.2122166091455
t2	12.8485504883142	0.548677758585814
t3	6.06796576054415	2.53000068396017
t4	5.03043741531743	3.69296741703696
t5	4.99255342959483	2.2768517976075
