taxon	max_age	min_age
t1	8.12495119215972	5.34534018057696
t2	6.82850201329136	4.10145563936943
t3	4.83249970062828	0.10606649978086
t5	3.71222476671566	1.55636045202846
t6	2.24836363394786	0.232777242865529
t7	3.93399129708234	1.81024809471934
t8	2.66299917771917	2.66299917771917
