taxon	max_age	min_age
t1	4.16817773304708	0.172341451156893
t2	3.27517282832612	3.27517282832612
t3	2.73812502860817	1.76051803283352
t4	1.16427145998187	0.130511834761832
t5	2.06619650867197	0.795649695953045
t6	1.99086983590023	0.406303851848757
