taxon	max_age	min_age
t1	6.8604815140538	1.12530890285556
t2	6.77756099648894	0.00660492082251984
t3	0.651250229914239	0.14216837453807
t4	1.07583643050639	0.353391995237248
t5	0.611180981397737	0.611180981397737
t6	0.274335009983317	0.274335009983317
