taxon	max_age	min_age
t1	9.12397360500199	4.19422153314988
t3	6.27307794145551	4.63935924235601
t8	0.00133702216314013	0.00133702216314013
t9	3.68782565978382	3.68782565978382
t10	1.92319932769644	1.76803223552125
