taxon	max_age	min_age
t1	9.99238365841352	8.05662144040055
t2	9.47160765650385	1.87425641252488
t3	6.36454639538592	6.21383193275028
t4	3.39589091694812	3.39589091694812
t5	5.66388386473841	2.78141392728074
