taxon	max_age	min_age
t1	4.34257024944901	2.7891610784587
t2	0.898024464106458	0.898024464106458
t4	0.402185392416899	0.287518268429215
t5	1.31718019661793	0.89111211999235
t6	3.1053623672415	3.1053623672415
t7	0.992490979885259	0.374557348011139
t8	1.60847684524167	1.60847684524167
