taxon	max_age	min_age
t1	7.88145789699067	0.694335177826017
t2	3.48792265254383	0.992044551976424
t3	2.81584230553202	0.186496392172691
t4	1.52061960743932	0.402824568862894
t5	2.03269914993458	0.702029587150108
