taxon	max_age	min_age
t1	9.85685477407083	0.595830838743758
t2	9.13905069277678	9.13905069277678
t3	6.6108371038828	6.6108371038828
t7	0.128912733643965	0.128912733643965
t8	3.09310020615804	2.3791131372524
