taxon	max_age	min_age
t1	13.3969029974994	6.19705321673654
t2	7.75796192206953	0.292944363282032
t3	6.67506306872158	0.0395639158578067
t4	6.87012519014313	0.0117270995326546
t5	2.7512920612781	0.0176002012856387
t6	6.60424011601327	6.3750339438688
t7	5.8582851497216	0.252679627727076
t8	4.1468297734012	0.195779494343611
t9	5.57446451534235	3.60096331665583
t10	5.58265302751056	0.0690150757399586
t11	3.03378046181771	0.170245738198059
