taxon	max_age	min_age
t1	8.14886418709444	1.84902534011127
t2	11.3017587696268	5.9054800574559
t3	3.35529797179401	3.01374541009615
t4	2.29945873104536	2.29945873104536
t5	8.72361494707063	7.0751312693103
t7	1.85391818032934	1.41557967592428
