taxon	max_age	min_age
t1	4.16933506105757	2.951147503549
t2	4.01847240228317	1.52457919414136
t3	2.46054392148817	1.65013567898198
t4	1.59137817205928	1.59137817205928
t5	0.192472366155581	0.0768077640050375
