taxon	max_age	min_age
t1	5.12724718646447	0.819922577033289
t2	3.96924257758083	0.438679340431283
t3	3.7194495318448	3.66672360648044
t5	1.14492503124409	0.754520460297023
t6	0.952685994465833	0.148341969319505
t8	0.20667701194408	0.20667701194408
