taxon	max_age	min_age
t1	12.9518111413558	3.03659641833554
t2	10.9378512186388	0.340865834575434
t3	7.63880783390119	7.57066550460659
t5	6.31061515905993	6.00348069831358
t6	1.62260748316548	0.112972562937133
