taxon	max_age	min_age
t1	6.81057896708958	1.91047727102346
t3	5.62492605259575	4.62506298954303
t4	1.7366398162532	0.214037165756814
t5	0.948102358938105	0.411674525526663
t7	4.32613682282728	0.22898361281071
t8	1.9593572075548	0.194322554785035
t9	1.53522274137724	1.53522274137724
