taxon	max_age	min_age
t1	2.44101698004867	1.64933279899912
t3	1.20672287555712	1.20672287555712
t4	3.34712829488936	2.83977923080341
t5	1.49963233710296	0.102783497862522
t6	4.08257359515866	0.685641408519862
t7	2.98208066043442	2.22623416276534
t8	2.52674921757514	0.197808654274821
t9	1.63526353743265	0.24645644679532
