taxon	max_age	min_age
t1	11.7336563553036	0.201829225649803
t2	8.43035517955742	0.0434831574797592
t3	5.88579497608557	0.785027038258525
t4	7.33655296835248	0.782755188827453
t5	0.422575740493301	0.322299498616081
t6	3.41374343130266	0.0361175591796457
