taxon	max_age	min_age
t1	6.4697943882526	0.168506067761781
t2	4.0332635537365	0.894963663559589
t3	4.73946589745645	0.295833511258277
t4	1.05561238996325	0.71936213667172
t5	0.336828133657127	0.336828133657127
t6	4.34941773750199	1.20030899458111
t8	2.14849069138288	0.980390869750726
