taxon	max_age	min_age
t1	12.2743527525156	0.61599457323736
t2	9.62297123953673	8.62757588984457
t3	9.00052655043243	3.20254339497269
t4	0.847700770322419	0.616987394789014
t5	10.0922426714935	0.515511082651352
t6	9.85278537375247	6.66179863630473
t7	9.02113828488568	6.73898276473902
t8	7.98018306836935	3.68341021712307
t9	5.14871455631045	4.37783154299209
