taxon	max_age	min_age
t1	8.07939734662188	3.73104979525601
t2	6.48091699775358	2.91634042145001
t3	3.97450249725129	0.60871551899942
t4	2.64129755453065	0.226737664005427
t5	2.72383339914913	2.72383339914913
