taxon	max_age	min_age
t1	13.8055079223969	10.1166386893131
t2	12.3318355871968	7.3794786748962
t3	11.2240391243677	11.2240391243677
t4	5.90711159967509	0.756727040527466
t5	10.3146625262059	0.0863282984534894
t6	5.03724078344296	4.17351330875212
t7	7.69425516581041	2.18788011496222
