taxon	max_age	min_age
t1	8.40699107359302	6.33433442395652
t2	4.89289001441797	1.8876983777663
t3	4.78884009694321	2.46726439951635
t4	4.59671789736172	4.59671789736172
t5	0.601929300583869	0.601929300583869
t6	2.54982758951002	0.494218426475163
