taxon	max_age	min_age
t1	14.5025757610477	7.18571915168856
t2	13.8007139514408	13.8007139514408
t3	12.1278776450493	0.0585037466632699
t4	7.94685707291675	2.87977290138287
t5	6.6037991122851	3.9799240344104
t6	12.7528595081465	12.7528595081465
t7	13.1541730271507	12.8811794746436
t8	3.50366161352278	3.50366161352278
