taxon	max_age	min_age
t1	13.4736708516248	4.14580750676065
t2	12.0506029892048	9.89700402234234
t3	6.68506202652186	3.55355711592029
t5	6.42903710765256	4.88340565545953
t6	6.0482393705964	6.0482393705964
t7	1.34798139919704	1.34798139919704
t8	2.89442039716539	2.89442039716539
t9	4.9799128029411	4.9799128029411
t10	2.65824219951476	1.59185456903724
