taxon	max_age	min_age
t1	8.82945515692612	0.176747338399718
t2	7.71035954550457	3.9195987524099
t3	7.47021863465967	0.0970944716634907
t4	2.34117976052281	0.2782088304622
t5	1.58145736646812	0.122923559397924
t6	0.138116131495188	0.00845194553824946
t7	1.8535673459033	0.588537877002818
