taxon	max_age	min_age
t1	9.06375261202753	6.77029704483334
t2	7.78627163070464	3.34894602724603
t3	7.17409104972858	1.03462802599732
t4	1.59850353176868	1.59850353176868
t5	1.51701655058507	1.2680003223984
t6	0.293879953717607	0.293879953717607
t7	0.481972285447897	0.481972285447897
