taxon	max_age	min_age
t1	13.6274867134223	11.6681209534105
t2	12.8736540612387	2.65418953106557
t3	11.4579710591869	6.34378794549044
t5	7.2524996018474	2.90105196796795
t6	5.16776085156379	1.78734920715981
t7	9.84123905907523	9.22331118699424
t8	4.18500677389411	0.00671770524434123
t9	9.34092322502853	5.562938769612
t10	8.91626728370687	5.71873475811627
t11	7.70350533115677	1.344577498057
t12	7.18018180026452	0.0260620873910025
