taxon	max_age	min_age
t1	5.52868815034952	2.71660473604051
t2	1.85553770767187	0.098994742236413
t3	3.00259980350483	0.211953075399476
t4	1.37771946256174	0.0168427220905825
t5	1.79676629793986	1.79676629793986
t6	1.60935968742512	1.11894542748918
t7	1.57112124623576	0.220373945138367
t9	1.68575072898978	1.68575072898978
