taxon	max_age	min_age
t1	10.5278788332786	0.316814451122957
t2	2.78031305014277	1.82423948097541
t3	2.20546902364986	0.928468069213698
t4	1.12066275745044	1.12066275745044
t5	1.88991934009933	0.181665795340637
t6	0.179381240491196	0.049742320953083
t7	0.910127673166581	0.0478784465305893
