taxon	max_age	min_age
t1	5.65837993067888	2.24649562064579
t2	2.896373299042	0.105805036902675
t3	2.03560170814034	0.260251382609963
t4	2.44323399137195	0.465159420158101
t5	2.17677860253104	1.4082018546752
