taxon	max_age	min_age
t1	6.5548362025495	0.348421680712428
t2	4.15265027047883	4.15265027047883
t3	3.33741419810488	3.25729926284271
t4	1.89708639958628	0.0358823454170318
t5	2.34288048923855	0.0328340733256338
t6	0.145755216922836	0.145755216922836
