taxon	max_age	min_age
t1	6.23678125262753	0.0192075163256238
t2	6.68483010631844	0.618319438006722
t3	5.84609908145247	1.72679288216933
t4	5.65947050149704	5.51838326279777
t6	6.23974872999374	0.430339763599273
t7	0.051936960120905	0.051936960120905
