taxon	max_age	min_age
t1	7.81250065668445	6.30526738693847
t2	7.162180886213	0.768357301575139
t3	7.21372324601478	0.799667228764922
t4	2.82578801273637	1.29763860143532
t5	1.31432084626407	0.316570933226767
t7	6.36178565189478	0.345844023158531
t8	5.50018959796777	5.28353958240993
t9	0.486917360652697	0.486917360652697
t10	4.0268248392186	4.0268248392186
