taxon	fad	lad
t1	15.6645200030416	15.6645200030416
t2	18.7667172042188	11.6149244395248
t3	9.99295478235547	8.59539492846394
t4	11.3560082416895	10.817663723408
t5	11.8613806297637	11.8613806297637
t6	3.98139592279234	3.98139592279234
t8	7.34244666772805	2.07858586191528
t10	8.30285977625465	6.71968589745328
t11	7.02800078094845	7.02800078094845
t14	2.42909871230849	0.054473303051175
t17	8.50690068585949	3.36997744874625
