taxon	fad	lad
t1	16.588984982561	16.588984982561
t2	10.6408992652381	1.70490309330696
t3	10.0552103105758	2.18512076732658
t4	6.93356252146675	2.35082044821389
t5	2.34653880486754	0.238970993392734
t6	7.83672947321712	3.52179158053675
t7	3.05502084298926	1.54566693955658
t9	7.40812144576762	4.79146980408181
t11	3.18512049583862	3.18512049583862
t13	5.4827944860435	5.4827944860435
t16	4.88941153918392	4.88941153918392
t17	3.46943884450085	2.48229014980681
t18	8.23641089061793	3.08743197600288
