taxon	fad	lad
t1	14.1041000500638	10.1626123115556
t3	8.5328500171273	7.06696138826636
t4	8.37742005049392	5.20662614664237
t5	7.01062796942958	6.10062253811915
t6	1.07046577810254	1.07046577810254
t7	8.78865176850556	6.51563009441146
t8	5.79891126336325	0.777380333690449
t9	5.85748486659581	5.85748486659581
t11	1.41319316775224	0.143677840363068
t12	5.60019756100021	1.46270006952387
t16	6.17732206330827	4.94550520835947
t18	1.70426940550536	1.70426940550536
