taxon	first_age	last_age
t2	6.99290222638836	2.17645343868024
t4	7.58718266328528	7.58718266328528
t5	3.84857507431842	0
t6	3.52377180033963	0
t7	0.605101985929311	0
t8	3.71261741324363	0
t9	3.06447739447226	0
t10	5.72944605347501	0
t15	3.79770073981755	0
t16	3.51563112665367	0
t19	1.61953896249956	0
t21	0.48736195708106	0.48736195708106
t23	1.0171675686035	0
t37	0.439406242325367	0
t38	0.286898772552135	0
