taxon	first_age	last_age
t1	9.84392125314722	0
t2	4.6249633781929	0
t4	5.35408173234978	0
t5	3.36132729284809	0
t6	0.797670513221084	0
t7	6.84350305081656	0
t8	2.52918582592847	0
t10	4.30681894533336	0
t11	1.29409849036828	0
t12	0.575157419607995	0
t15	1.80111787295933	0
t17	0.0131181942153749	0
t19	3.03377368647506	0
t24	1.71524258810129	0
t27	0.456089208016241	0
t31	0.534280582280841	0.534280582280841
