taxon	first_age	last_age
t1	3.79126788363865	0
t2	5.74665713293201	5.74665713293201
t3	3.5571114440288	0
t4	2.24988628037617	0
t5	2.20663361110137	0
t9	7.11983767803758	0
t10	6.12032761695606	6.12032761695606
t11	2.94412786931143	0
t12	1.75813416188305	0
t14	4.08979802028671	0
t15	3.11146935617274	0
t18	1.30286101576284	0
t21	2.50251695109776	0
t23	0.383514144811919	0
t24	3.08555320748904	0
