taxon	first_age	last_age
t1	9.1928811206318	0
t2	7.77016218596448	5.3271685004496
t3	5.73092055595917	0
t4	1.99272591228909	1.99272591228909
t5	0.46084399157885	0.46084399157885
t6	2.45777207844517	0
t7	0.0971703955044898	0
t10	3.07560284946457	0
t15	1.63913122220736	0
t18	0.44297797118395	0
t20	2.12328406431917	0
