taxon	first_age	last_age
t1	6.94093062556382	6.94093062556382
t2	6.36941994752848	0
t3	5.51566345873636	0
t4	4.85921134807827	4.85921134807827
t5	6.47112547507202	0
t6	3.57030556545318	0
t9	0.562878228871909	0
t10	6.23295985723557	0
t11	4.23468237577971	0
t12	4.89414596526608	0
t15	1.46370176296993	0
t16	0.581410714646255	0
t19	3.52162907927008	0
t20	0.00646967240042962	0
t22	0.75101947782666	0
t26	4.21844255180321	4.21844255180321
t29	2.98457183989184	0
t35	1.37255778737376	0
