taxon	first_age	last_age
t1	8.09820591161648	0
t2	7.07490588832705	0
t3	4.87357744533877	0
t6	0.576408502742133	0
t8	2.79707448472938	0
t9	3.89710756200191	3.242349448098
t10	1.2332018426753	0
t11	1.80268809425704	0
t12	0.604155365468291	0
t13	0.910918955657769	0
t15	0.111003842982159	0
t16	4.42372126630278	0
t18	0.691764890396534	0
t22	2.7051348993398	2.7051348993398
t25	0.152612396025832	0
t27	0.622388881706312	0
t28	0.575251310894659	0
t33	3.1004935322092	3.1004935322092
