taxon	max_age	min_age
t1	28.983469856903	18.6496045837892
t2	22.3283148591169	16.1806396455156
t3	21.4038593079858	20.3321198422891
t4	20.7394727891365	20.7394727891365
t6	18.9932373303679	18.9932373303679
t7	20.7596540899864	20.5437718058853
t8	20.0297393276166	5.94574644192258
t9	19.3630677467099	16.1204106809577
t10	16.9872249351559	16.9872249351559
t11	19.8257332962614	19.8257332962614
t14	4.82450835503031	0.0218456453095932
t15	5.55017028014239	4.24545949451689
t18	21.077814447207	19.7131425950002
t19	19.1809331254887	13.8738662452986
t20	14.4117512861298	0.991992577988881
t21	0.298290146093038	0.298290146093038
t22	2.71495773787429	2.71495773787429
t24	0.305827491769328	0.305827491769328
t25	0.995679058715012	0.995679058715012
t27	11.2414049256115	11.2414049256115
t28	5.72630633116122	1.03705640860878
t29	5.18464212152781	1.76755659372477
t30	1.24012437464053	0.432921211946176
t31	4.04044896540709	3.29342476152361
t32	2.21826182198057	2.21826182198057
t42	2.01724126976909	0.408340958366118
t47	1.34512996146249	1.27581260024429
t48	3.92781161226514	3.76403450256395
t50	2.46309565924351	0.667033640399882
t51	0.249254183356424	0.249254183356424
t58	0.582288454682512	0.582288454682512
t59	4.3523012941815	3.35931062351143
t61	1.68129406778064	1.68129406778064
t64	0.0443867042433688	0.0443867042433688
t65	1.9984176378991	0.576402864774266
t67	0.0369868797162276	0.0369868797162276
