taxon	max_age	min_age
t1	29.9652148096357	21.9837894689648
t3	20.9086291154677	20.9086291154677
t4	19.9536975225093	13.7073443001964
t5	19.4737584869474	16.1494123916041
t7	16.5657114447975	16.5657114447975
t9	18.1563040864995	17.8059718065771
t10	21.0724542865761	17.3382684594837
t11	9.50135662949856	0.916693118094077
t14	3.03279822056766	1.61575864947054
t15	5.3441545980497	0.068979476575656
t16	7.11448514388567	5.96610534257879
t17	7.51631493269659	3.22441928164811
t18	5.42180191384043	1.50418748968105
t22	6.68907030168166	1.72949721300098
t23	4.99023108244846	0.793230227539961
t25	2.36801781058687	2.36801781058687
t26	2.58663016272013	0.764275404201165
t28	1.17118014895867	0.865374087404884
t31	2.78428849353583	2.78428849353583
t34	5.10569725296851	1.77010036255938
t35	3.02732779692277	0.948778158637246
t36	4.06654459979042	1.86463357179426
t37	3.00280719608617	1.85010558981235
t41	0.92565023274889	0.762153283504599
t44	2.07172368767428	2.07172368767428
t45	0.894288628207551	0.219566960897328
t46	1.70894711042716	0.0332897389024396
t47	0.888775651718483	0.888775651718483
t52	0.931230178928956	0.0411472938173034
t53	1.70667584798282	1.60687260755853
t56	3.39714643036383	1.00239309682205
t60	2.38396781965602	1.42257774251956
t63	0.213746472205294	0.213746472205294
t66	1.4551129690071	1.4551129690071
t68	1.31800818197719	0.882689135059234
t70	0.670905168244879	0.451842651557694
t72	0.631563768434646	0.192418666734667
t73	0.394467400247322	0.394467400247322
t75	0.797764595677563	0.797764595677563
t80	0.565991109065433	0.565991109065433
t82	0.299898411129913	0.299898411129913
t88	0.0670583387746326	0.0670583387746326
t92	0.542333272299619	0.542333272299619
