taxon	max_age	min_age
t1	29.9290895662443	12.0072060650284
t2	26.7473506919891	17.5826582140516
t3	9.67096042646057	1.14770682954599
t4	18.4451688762189	18.4451688762189
t5	6.63595680896882	3.34295681506411
t6	7.953496786314	5.22191689734133
t7	1.60577560624124	0.797701460170654
t9	6.65654848535004	4.93283178978989
t10	7.1558834118992	5.93868405088818
t12	3.40117674756822	2.55950317950486
t13	2.14871195829263	1.55157503541349
t15	5.30855274306384	2.70104227551413
t16	8.81838403946893	7.61855106700095
t17	0.428084025167387	0.428084025167387
t18	4.94453942363748	4.94453942363748
t19	4.67184349243147	1.2753657014542
t21	3.3630355136603	1.94487655569276
t22	1.01407249966313	0.371915339917436
t23	1.52039170594417	1.52039170594417
t26	7.01684691856942	3.64754141687743
t27	0.295504318646675	0.295504318646675
t28	2.59445352128701	2.1426308496108
t29	0.426445157029708	0.426445157029708
t31	2.29404934115444	2.29404934115444
t32	0.721446483420426	0.721446483420426
t37	2.35270740860103	0.0729277625783631
t38	0.266921308325337	0.266921308325337
t39	0.16386613569912	0.16386613569912
t41	6.21747353154528	1.46995651597035
t42	3.58544794963676	1.38562111859536
t44	1.11882946769968	0.890977190241969
t46	0.0467326636295198	0.0467326636295198
t47	4.30415497573388	3.5570195591293
t53	2.26050717900473	2.26050717900473
t55	2.89635479997112	2.62636077609992
t56	1.60353364296276	0.0783584852167465
t58	1.21175598185227	1.21175598185227
t59	0.68144850972789	0.68144850972789
t60	0.349016990219098	0.349016990219098
t63	0.209611278386788	0.209611278386788
t68	0.664247438047131	0.234694567710211
t69	1.66666481358844	0.984710783873755
t71	0.246075361694324	0.246075361694324
t77	0.353129711403689	0.353129711403689
t79	2.80760006348361	1.75767435585504
t81	2.02066991489353	0.442960609327724
t86	2.57962599425678	0.383006786731624
t87	0.102162712418441	0.102162712418441
t89	0.269165895430874	0.269165895430874
t91	1.48735381710406	1.48735381710406
t93	0.645573260470393	0.645573260470393
t94	1.10661755579236	1.10661755579236
t97	0.692469768548264	0.692469768548264
t101	1.59131733945861	1.59131733945861
t104	0.595349126359046	0.595349126359046
t105	0.568544567284185	0.568544567284185
t106	0.224126084617442	0.224126084617442
