taxon	max_age	min_age
t1	29.6847518102732	1.96653982126989
t2	22.146564544648	20.5745067826976
t3	9.29374028967227	5.21849174112131
t4	8.0807865809175	4.38081862216314
t5	0.944192684184529	0.83134757580585
t9	17.8648430324758	17.8648430324758
t11	5.50899464198635	1.78180510692129
t12	1.84330357259642	1.84330357259642
t13	3.17787470315941	0.176956140507581
t16	5.41181945713673	5.41181945713673
t17	2.20564333585455	1.61259786781307
t18	4.53155973417188	1.78324110773153
t21	20.3568835957988	16.9308554015322
t22	3.61390818423239	1.38442103677276
t23	0.0244335860496001	0.0244335860496001
t24	1.91897251129224	0.84265704800448
t26	1.276117488407	1.276117488407
t27	1.14899977399004	1.14899977399004
t30	0.485819551321605	0.224263236085811
t31	0.566841863835876	0.566841863835876
t32	0.113649992308044	0.113649992308044
t33	2.64164837979362	2.64164837979362
t36	0.943872785806384	0.15587204264639
t37	1.38694996870582	1.38694996870582
t40	0.0463369308631876	0.0463369308631876
t42	1.58976059570528	0.864188296447129
t45	1.18090376817949	0.286962439784332
t46	0.189027725805992	0.189027725805992
t47	0.525206419844828	0.525206419844828
t50	0.0621758240049388	0.0621758240049388
t51	0.969537439968814	0.969537439968814
t52	4.59183428927143	0.0148505199638578
t54	3.04683695649335	3.04683695649335
t55	1.15333919727651	0.660891704457917
t56	0.866643961616557	0.866643961616557
t62	0.672003317492376	0.672003317492376
t63	0.512582235665448	0.512582235665448
t66	0.416514274125397	0.416514274125397
t69	1.64748199308837	1.64748199308837
t76	0.442596111500848	0.442596111500848
t77	1.17368387599123	1.17368387599123
t80	0.0188870835746258	0.0188870835746258
t85	0.463356941508128	0.41389470208599
t90	0.193764822768394	0.193764822768394
