taxon	fad	lad
t1	25.8877318229685	24.6341223814373
t3	23.8774451707896	0.713166406281502
t4	13.4316004514097	5.79418423435365
t5	9.90544308509816	1.71140682428523
t8	10.3508614241879	10.3508614241879
t9	7.90725230072746	7.90725230072746
t11	2.4948333435683	2.4948333435683
t13	3.76942633485908	0.17789283155922
t15	6.85848761761829	3.49189351832383
t16	5.24288893294759	5.24288893294759
t17	4.12312143647887	2.41253511524913
t26	1.06516918411815	1.06516918411815
t27	0.983634697557576	0.262802430244633
t32	1.02568801614476	1.02568801614476
