taxon	fad	lad
t1	22.2355623733728	14.3657028310952
t2	15.9309711570365	15.9309711570365
t3	14.4695624674125	0.607254074504411
t4	13.6874815394695	13.6874815394695
t7	5.78029619089601	4.18604307833401
t8	0.0981809625206047	0.0981809625206047
t9	3.17176240253381	1.29298622166546
t10	0.0863830002939068	0.0863830002939068
t11	0.969558366827421	0.969558366827421
t12	7.92488158618031	0.24940640024251
t13	6.78473871642898	6.78473871642898
t15	8.8930197212134	8.8930197212134
t16	6.19931287218844	4.98890993427202
t17	5.35121300763238	5.35121300763238
t19	2.66227787219531	1.51396402172045
t20	2.10232075294943	0.146716319246504
t22	1.10779723136644	1.10779723136644
t27	5.20127896974769	3.41193095139202
t31	1.68133066067433	1.56188650709227
t32	5.10090610103022	1.32914743490822
t33	1.96459892621059	1.74979499351922
t34	0.914340889985468	0.914340889985468
t37	3.05585631449995	1.15953759881335
t38	2.36897347473985	2.36897347473985
t39	1.61691302798094	0.487172265767068
t40	0.399641682009005	0.399641682009005
t43	4.59814804965051	4.59814804965051
t44	0.410617913581728	0.410617913581728
t45	2.42650366924235	2.36710629185815
t47	3.71896377113758	3.68794533394077
t48	2.31100157055535	2.02621505914586
t53	2.40062758665929	2.40062758665929
t55	3.75127095762347	0.77887149657306
t58	4.369196126334	4.369196126334
t59	4.75885568789651	4.75885568789651
t61	1.57249903191994	1.57249903191994
t64	0.184759106388459	0.184759106388459
t65	0.678549477060066	0.678549477060066
t66	1.42566687762962	0.826484589156774
t70	2.71566043238071	1.3190625089802
t71	0.536265106143219	0.536265106143219
t72	2.14145445594696	2.14145445594696
t76	3.71637624690629	0.932419912885393
t77	3.43572353015507	3.43572353015507
t79	1.83607970952488	0.539297442555398
t80	0.393138583675952	0.393138583675952
t81	2.24685788519091	0.0932043066685999
t90	1.31261635702911	1.31261635702911
t93	0.602603234198238	0.602603234198238
t94	1.31019975814629	1.31019975814629
t96	2.32587549101414	1.78601348193836
t98	4.27718963862484	4.27718963862484
t101	0.060557429150407	0.060557429150407
t102	0.737015163168532	0.737015163168532
t107	1.04646494784306	0.75612673087269
t108	2.82694631886817	0.624259465161337
t109	2.00583840863109	0.726276737689755
t110	1.43145275085322	1.43145275085322
t111	0.826977050345079	0.826977050345079
