taxon	fad	lad
t1	25.7231343466745	25.7231343466745
t4	20.9618768964569	1.09601760293006
t5	13.882044756359	12.7207656849261
t6	10.6841419793624	10.6841419793624
t11	7.29087269041852	7.29087269041852
t12	6.85511464923146	2.13056306728598
t13	3.33032716363601	2.20840940860343
t15	5.54801899645544	0.788463290772469
t16	4.05839943155494	1.94432770351416
t17	4.11198785589023	4.11198785589023
t19	0.385332075998427	0.385332075998427
t21	0.824331085866294	0.824331085866294
t22	3.45706609328653	3.45706609328653
t25	0.520894610273469	0.520894610273469
