taxon	fad	lad
t1	28.4976004669443	4.64621462602524
t2	7.94753786399129	7.94753786399129
t3	6.96221845656448	6.96221845656448
t5	6.86545864395077	6.86545864395077
t7	6.70347133186945	6.4640105314055
t9	2.77722737090616	0.393057285233581
t10	6.71067672644253	6.71067672644253
t12	2.59197234162425	2.59197234162425
t14	6.68970167835957	6.68970167835957
t15	4.2894898329771	1.72178188862616
t16	3.40836294764772	1.55839256776752
t17	0.525993124851055	0.525993124851055
t18	2.47734038213556	2.47734038213556
t19	1.64300516721391	1.64300516721391
t20	1.29430489399562	1.29430489399562
t22	7.41596375725374	7.41596375725374
t23	4.69093318523766	2.4687949827989
t24	0.37430749803179	0.37430749803179
t25	0.864041800881886	0.624838936413788
t28	7.49018020318957	0.082953384855923
t29	6.65136249217133	0.999980338492179
t30	6.10527140462935	6.10527140462935
t33	0.371134717435353	0.371134717435353
t37	0.316451087091036	0.316451087091036
t38	0.784733494568663	0.784733494568663
t41	1.24281771542798	0.185242935390974
t43	2.24727369553951	0.411127329665778
t44	4.02383961450684	4.02383961450684
t45	2.51648370489981	0.477866889007448
t47	3.96253459130583	0.791801023187272
t48	0.327941361163973	0.327941361163973
t50	3.10584772255689	3.10584772255689
t53	1.65591594964159	1.65591594964159
t58	3.32692545890421	0.239986500505928
t59	3.3037003326183	3.3037003326183
t61	1.17345141850161	0.411988849743818
t65	0.0672542284838009	0.0672542284838009
t67	3.8843535796123	3.8843535796123
t68	2.73930971713594	2.73930971713594
t69	3.02825426783604	3.02825426783604
t73	1.3456501263236	0.0466380278622083
t74	4.1511781960849	4.1511781960849
t75	2.57182802826259	2.57182802826259
t76	0.667962845890667	0.667962845890667
t79	0.217936439455553	0.217936439455553
t80	3.33987687352401	3.33987687352401
t81	2.50138221061662	2.50138221061662
t85	1.71839250946694	1.71839250946694
t90	2.12873256670232	0.700652196363066
t94	0.676198652752195	0.676198652752195
t101	0.598972288040997	0.598972288040997
