taxon	fad	lad
t1	27.8819359544044	14.9068381597851
t2	25.4056673600214	21.4281731296675
t6	15.6544471962289	5.23165016136311
t7	14.4923899611723	3.16544056076509
t8	12.2523172107865	11.2804006631205
t9	14.8014956154914	14.8014956154914
t10	8.25120486382633	4.13753892513851
t11	9.13754042702582	2.84161053766074
t13	3.41779737199291	0.967059321018009
t14	3.97128797507585	3.60176042869738
t15	5.34163952706811	0.314601108247189
t16	1.01547072517748	1.01547072517748
t17	0.615833667078139	0.615833667078139
t19	6.58327169812782	6.58327169812782
t20	0.587916276998126	0.587916276998126
t24	4.35043443709846	4.35043443709846
t26	4.96543726868279	0.670163491389442
t27	5.09299782786674	5.09299782786674
t28	1.8154698262534	1.8154698262534
t31	3.09918093271285	0.877990417122472
t33	5.70529609213996	5.70529609213996
t35	2.83117932927506	1.56674388369567
t37	0.493948122950005	0.493948122950005
t39	1.57643621072569	0.362004183574591
t40	1.37378134514223	1.37378134514223
t42	2.70363207090998	2.70363207090998
t45	1.55040942019569	1.49477465947527
t48	5.67603304985255	0.513654005799363
t49	5.69143596034588	5.69143596034588
t50	2.59742055952055	2.59742055952055
t51	3.05949937994335	3.05949937994335
t52	1.70402033753684	1.70402033753684
t53	0.82581257117733	0.733941329138425
t55	4.31151689626879	4.31151689626879
t56	0.714302071215801	0.714302071215801
t57	0.904428869668212	0.904428869668212
t62	1.75349376999225	1.75349376999225
t63	0.731803443334691	0.267541881081652
t66	1.02703514744837	0.97200208579499
t67	1.30965288980031	1.30965288980031
t70	2.52710074833411	1.93593526038699
t71	2.63617246184588	1.42100695914368
t77	0.363417380695875	0.363417380695875
t78	0.168550881889082	0.168550881889082
t79	4.41210613592629	0.584134246909763
t80	4.90820930527758	2.44318687309042
t82	0.680338437688569	0.680338437688569
t87	3.07322821103661	2.11840419003463
t89	1.39998205010585	1.39998205010585
t93	1.50191460411938	1.35444267794432
t100	2.2959564970952	0.494053253106568
t101	0.262863206420761	0.262863206420761
t104	1.77885424925305	1.77885424925305
t106	0.584258317501956	0.584258317501956
t109	2.2451081351507	0.136137793257163
t110	0.472948358102098	0.472948358102098
t112	0.468857751677035	0.468857751677035
t114	0.185583042713024	0.185583042713024
t123	0.897514324157108	0.00517703824358051
t125	0.074966664111372	0.074966664111372
t126	0.703771524261438	0.703771524261438
t129	0.897529632850205	0.795896682157878
