taxon	max_age	min_age
t1	25.7519033521572	11.5654473148521
t2	24.9147781389614	22.4723881249165
t3	23.5556203191796	23.5556203191796
t5	23.5034658761212	23.5034658761212
t6	18.4731579591665	14.0626010781498
t9	0.750163186174671	0.750163186174671
t10	16.1145309409582	16.0503590837767
t11	16.1057393349691	12.4196699173642
t12	13.967015018922	13.967015018922
t13	2.93996631114282	2.93996631114282
t16	0.640500589219251	0.640500589219251
t19	13.1167216525558	13.1167216525558
t20	11.7798047425218	11.2826851155602
t21	11.8629363338608	11.8629363338608
t22	12.2695397348336	5.04937816960725
t23	5.05308117029073	4.21806467419784
t24	5.17567974369925	3.02438268737887
t25	1.43672117051684	1.21508956722139
t26	1.13959053739271	0.960783851852003
t27	11.6092550545782	6.82976475743034
t28	11.0156528937969	11.0156528937969
t30	3.53632816551013	1.83795305716875
t36	12.6296643482356	12.6296643482356
t38	7.24910799718234	3.04159898304773
t42	9.08275544953387	9.08275544953387
t43	1.43042945901061	0.256078177834599
