taxon	max_age	min_age
t1	24.8763538216868	23.5189506678228
t3	24.0998146409509	14.7675619679388
t4	24.0758528142404	24.0758528142404
t5	9.00084814962153	9.00084814962153
t7	24.5075986330638	15.3921599312086
t8	9.81052521209299	9.81052521209299
t12	7.56093139447607	7.56093139447607
t13	10.734189765656	7.1889400621454
t14	9.72632471203376	2.4562319165743
t16	10.1389195010463	4.97851540806316
t17	6.18372779095654	6.0675639025226
t19	3.46520231425609	3.46520231425609
t24	1.97396760299058	1.97396760299058
t25	2.607247070365	2.59423367985124
t26	4.12799735636126	4.12799735636126
t27	4.19038618362461	2.51826813823496
t28	2.48548131368669	1.48414303109059
t31	2.31015788463952	2.31015788463952
t36	2.61443568772589	2.61443568772589
t38	0.284639667020897	0.284639667020897
t41	2.1021635381675	2.1021635381675
t42	1.96875401379617	1.96875401379617
t43	0.443376761846615	0.443376761846615
t44	0.472722263802613	0.472722263802613
