taxon	max_age	min_age
t1	29.7199528291821	18.9330214685305
t2	20.458432129073	20.458432129073
t3	16.6235182174647	16.6235182174647
t4	17.5644641714167	17.5644641714167
t5	18.8536445794396	15.6257095000945
t6	15.0278089882391	15.0278089882391
t8	16.7985943289949	15.470333644609
t10	15.4223362950328	15.4223362950328
t13	14.396863810297	14.396863810297
t14	15.1582272030874	2.71884029129982
t15	12.9698932390326	10.4212033271926
t17	12.7018931496609	12.7018931496609
t18	11.2376574235187	5.15338224551517
t19	14.2631426763338	12.5116935635534
t21	7.91098914352888	6.17952931760832
t22	6.08360693080364	3.13440201436618
t23	9.56271352562528	9.56271352562528
t25	6.35005597392485	3.50314389053843
t29	5.72351812672445	2.2558798967242
t32	4.20707729937655	2.82614664777638
t33	2.92184675068393	1.47894609440747
t34	6.29965352564882	1.47043331900166
t35	6.2813423469605	0.868841627560709
t36	6.50363056185384	5.62039790533
t39	2.95579482326582	2.95579482326582
t44	2.68541558284448	2.68541558284448
t45	2.34640639303656	2.34640639303656
t47	3.96477765267004	1.69685277723645
t48	5.3565077776271	3.04385687157838
t49	2.99019838505068	0.575449297424896
t50	2.15060021550038	2.15060021550038
t52	0.466116617692165	0.466116617692165
t54	0.276041647598809	0.158887368299801
t55	1.77898502932345	1.77898502932345
t57	1.1404314905764	0.00932331508500894
t64	1.31620076828973	1.31620076828973
t65	3.33782334302332	2.29938976091556
