taxon	first_age	last_age
t1	29.579941634603	23.7487306655285
t2	27.0032586867271	20.8204136153813
t3	24.1597338400134	24.1597338400134
t7	16.7459487855075	0
t8	2.61088102065177	0
t9	2.33971343671408	0
t10	2.90285820679616	0
t12	2.69167789917122	2.02740706353119
t14	2.10672057774519	0
t15	1.04984447193992	0
t16	0.561795166733571	0
t22	1.65448672129411	0
t28	0.297021025176004	0
