taxon	max_age	min_age
t1	26.3340925860107	26.3340925860107
t2	24.7467609473778	13.6993436407918
t3	21.4436142930468	2.34234415918542
t4	21.1699157436811	21.1699157436811
t5	15.1921985762697	5.86519718292301
t6	12.8140919191839	6.9564451426158
t7	13.45558182915	13.45558182915
t10	5.81201942663311	5.81201942663311
t12	12.5510712317879	12.5510712317879
t13	11.1281129571055	11.1281129571055
t14	2.55353433206513	2.55353433206513
t15	3.24370444723498	0.794137855843971
t17	12.9236268309995	12.9236268309995
t18	8.12361238189973	8.12361238189973
t19	8.70176402281412	8.70176402281412
t20	6.18174559769102	6.18174559769102
t21	7.63535632897807	7.63535632897807
t22	4.81159699710085	0.219184302136554
t23	3.76283866336383	3.76283866336383
t25	0.438830254353952	0.438830254353952
t27	11.1967754267262	11.1967754267262
t28	8.49433620098712	8.49433620098712
t29	10.4393864098525	2.36614622542653
t30	4.13324323790244	4.13324323790244
t31	7.712202527231	1.34391400752968
t32	5.62163681514392	5.62163681514392
t33	5.05961548984756	1.5654874018312
t34	5.67157493595031	5.67157493595031
t35	6.17633062961477	6.17633062961477
t38	9.25978674422573	9.14013293779497
t39	4.53668284991829	4.53668284991829
t40	0.0761614155203922	0.0761614155203922
t43	0.142490010586972	0.142490010586972
t44	0.931957068110599	0.931957068110599
t48	3.54748967283074	3.54748967283074
t49	0.26652220760602	0.26652220760602
t53	0.480209683037391	0.480209683037391
t54	5.35313111535459	5.35313111535459
t55	2.21510691853459	2.21510691853459
t58	1.37132427153546	1.37132427153546
t59	1.56119791109374	0.0981854082545759
