taxon	max_age	min_age
t1	29.3049196402232	29.3049196402232
t2	25.1540031664536	9.66412585391826
t4	17.7712334656625	8.11603960702259
t5	9.26656384488821	4.9455409066055
t6	11.2656649170456	0.356890268717354
t7	13.6610779975049	10.18397951664
t8	14.4924016872689	10.7018039828906
t9	9.43232771517975	2.47625859824795
t11	9.62649530880283	9.62649530880283
t12	1.22062741504281	0.203784377052575
t13	5.63868932907177	5.63868932907177
t16	7.91664040114805	7.91664040114805
t17	3.77226747843889	0.0411168079809663
t18	11.1802878824958	6.81907758754317
t20	10.7347984569708	10.7347984569708
t21	3.4173388025257	2.50165460650825
t22	6.50668825245148	4.99317005990243
t23	4.90889882793683	1.99594709687723
t24	4.95905087647813	3.55184492584771
t25	0.744073457924753	0.744073457924753
t28	4.48871986724775	1.37380304234164
t30	3.16058307536709	3.16058307536709
t31	1.31626731003705	0.444178165884153
t32	4.51435496946508	4.51435496946508
t33	2.52806440467451	2.52806440467451
t34	9.50375012165201	0.743804145943557
t35	10.5803729787676	2.35191220852714
t36	7.63249965595753	7.01566578721058
t37	4.20308264132477	0.0677361847727553
t45	3.96956883684066	3.96956883684066
t46	4.19948348581311	3.30676855852787
t47	3.80329329298263	3.80329329298263
t48	2.30823496764865	2.30823496764865
t54	8.40281142254523	0.565810149404776
t55	6.60133329573664	2.20037914869675
t56	5.56493006779872	5.56493006779872
t58	2.50811492303712	2.50811492303712
t64	1.55939235342312	1.0945692224819
t65	5.96568734285783	5.82027754026205
t67	1.10130867924378	1.10130867924378
t68	1.06272528195211	1.06272528195211
t69	3.86321820862593	3.86321820862593
t70	1.3950996498098	1.3950996498098
t71	2.7779630924783	2.7779630924783
t73	3.32877844194646	3.32877844194646
t74	5.48612031933521	4.49327210743581
t75	8.75258597128734	8.75258597128734
t77	5.96864038716138	3.62570871871687
t78	4.99051046139033	2.64369839684785
t79	0.840118806006743	0.840118806006743
t80	1.46303406290616	1.46303406290616
t83	0.633880376006307	0.183785823516327
t84	0.649776862070606	0.0845292347849878
t86	0.342660599530966	0.342660599530966
t87	7.56427814406054	3.15120365017149
t89	1.06205017025795	1.06205017025795
t95	3.06141440346168	0.484773740724489
