taxon	first_age	last_age
t1	18.5852486640215	2.81137316388521
t2	9.07792911825407	4.55433857291365
t4	10.1194231804198	0
t5	6.19590193108654	1.9011409838004
t6	11.8181966447718	0
t8	5.46643524397026	0
t10	0.423367071444389	0
t11	2.63805440048773	0
t12	5.75393274604184	5.75393274604184
t14	1.04247918006229	0
t17	5.83746202042302	0
