taxon	first_age	last_age
t1	6.5139965952486	0
t2	2.04361656145772	0
t3	3.25499807445108	0
t4	2.40637740998508	0
t5	0.714492906292097	0
t6	2.8409856346886	0
t7	2.98690363293738	0
t8	2.41339490286784	0
t11	2.75565869539708	0
t12	0.694277098625244	0
t14	1.81822330110801	0
t16	0.678589757563639	0
t19	2.63088683093337	0
t20	0.291552954224356	0
t23	1.93920582975886	0
t24	1.88607978922528	1.88607978922528
