taxon	first_age	last_age
t1	4.97518460952146	0
t3	0.50204615176481	0
t4	2.83740633012897	0
t5	7.71024134903113	0
t7	1.8704157395794	0
t8	1.36168313817323	0
t9	5.09040196425075	5.09040196425075
t10	4.2995204265126	0
t11	1.87059335363217	0
t12	0.37894851164601	0
t16	3.20601374155961	3.20601374155961
t18	2.89113593399696	2.89113593399696
t19	2.42355651783317	2.42355651783317
t21	0.889697108975016	0
