taxon	fad	lad
t1	16.3622474226827	14.7889017646238
t2	14.8445382666171	13.9146501943169
t4	7.47851380467831	7.47851380467831
t5	9.94496169778613	8.03493457727562
t6	6.53970737951914	6.53970737951914
t7	11.1591430165013	7.41830347980415
t9	3.6813161607379	3.6813161607379
t10	3.92479702409003	2.96699862040225
t11	1.17475233998094	0.119064276517435
t13	5.51063672339339	2.88298621801144
t15	2.15606345439979	2.15606345439979
t17	4.50942582496896	2.08330256811142
