taxon	fad	lad
t1	15.8745374097337	15.8745374097337
t2	11.1997665373768	0.840795634584882
t4	1.62965695200573	1.62965695200573
t5	1.39092507032521	1.39092507032521
t7	3.80099264061963	1.94695666520809
t8	1.98996301753471	1.98996301753471
t9	1.97898358638662	1.97898358638662
t10	1.49963883459502	0.519447507584431
t18	1.48609900091613	1.48609900091613
t24	1.14408375516492	1.14408375516492
t28	0.335706337009508	0.335706337009508
