taxon	first_age	last_age
t2	26.3773389750471	22.410743815514
t3	23.1078163566847	23.1078163566847
t4	22.766203424102	0
t5	11.46835424076	0
t6	2.34431067607665	0
t8	3.30452793813097	2.7794185148065
t9	6.82436361541273	5.57081879525057
t10	4.9633478804892	2.11211262254668
t11	1.79368014869848	0
t14	2.64344486816398	0
t15	1.76436215706381	0
t18	0.452014229113221	0
