taxon	max_age	min_age
t1	27.9126755225783	16.9012588252637
t2	12.8553638367313	11.0696839562874
t3	13.2803609819013	10.794124158489
t6	7.6354035982741	7.6354035982741
t7	14.556661179058	12.9229655868856
t10	8.22132255373167	5.16205267549647
t15	9.63048878910617	9.63048878910617
t16	5.88871392034195	2.89216346341076
t18	9.10930061787019	2.56311203991777
t19	3.52296216166861	3.52296216166861
t20	0.192934287065324	0.192934287065324
t21	2.15848323995919	2.15848323995919
t24	5.67424641782243	3.68113670323192
t26	3.5726211682629	1.72113087152902
t30	1.85260749560654	0.535899333800476
