taxon	fad	lad
t1	9.00916570080665	1.69802850820412
t4	4.45808255979812	1.7894801647563
t5	3.16755643356449	3.16755643356449
t7	8.10688273381101	0.172042798350661
t8	4.25236669433262	4.25236669433262
t9	3.96728852676079	1.30268826838251
t11	2.96006583110065	1.72870832397841
t13	3.59459398553348	2.73791231298771
t14	2.04602434316721	1.39669716135164
t15	3.68868381447181	3.68868381447181
t16	3.30939731379915	2.79820202048192
t18	0.860754164463069	0.860754164463069
