taxon	fad	lad
t2	9.70814839889133	3.05288612512465
t3	7.893950843103	2.05024342277751
t4	4.85406946551902	4.85406946551902
t5	4.80821632853116	4.80821632853116
t6	0.875835546396882	0.875835546396882
t7	5.79816124264433	1.21051285913219
t11	2.20394982204666	0.146915118143763
t12	5.0246325708434	5.0246325708434
t13	4.9035768037291	0.0371193532802092
t15	0.746054470046452	0.746054470046452
t16	2.08709543326778	2.08709543326778
t17	1.9543122922901	1.9543122922901
