taxon	fad	lad
t1	9.81394288738151	5.6660517514692
t2	7.8489483269757	3.22555484402056
t4	4.95081199326195	4.32187475878078
t5	7.5279727821115	7.5279727821115
t6	0.59603081553588	0.59603081553588
t7	5.8301541575289	5.8301541575289
t10	4.95165474520979	0.2335418309773
t12	2.66109748796266	2.66109748796266
t14	3.11184274815906	3.11184274815906
t15	0.471208464925429	0.471208464925429
t16	2.26116244517392	2.09152958192056
t18	1.48015813531221	1.48015813531221
t19	2.938200240017	2.938200240017
