taxon	first_age	last_age
t2	7.26068640127778	0
t3	7.47149527977684	7.47149527977684
t5	3.06440005687252	0
t6	3.50328414857607	0
t9	0.144255428289053	0
t10	5.32884794895724	0
t11	2.53373573225211	0
t17	3.51080108471217	0
t18	1.53128521337526	0
t19	0.232278142503565	0
t25	3.51981237074818	0
t26	1.06267007091574	0
t27	0.941179857037133	0
t29	0.751384368043286	0
t30	1.54253727508311	0
t31	0.349360468245214	0
t32	0.682788747304416	0
