taxon	first_age	last_age
t1	8.66623687713096	6.34490530787265
t3	6.19160718946923	0
t4	6.15500340137828	0
t5	0.0858590246608966	0
t6	3.83687965853896	0
t7	1.45637861878918	0
t8	1.50843709142842	0
t10	0.807733747047566	0
t11	0.460269420093077	0
t12	2.55606277700588	0
t13	0.996736308964497	0
