taxon	first_age	last_age
t2	4.54484684733339	4.54484684733339
t3	7.54746313985036	0
t7	2.40689353766983	0
t9	4.75025463519908	0
t10	1.34371027023795	0
t11	3.49860093514554	0
t17	2.28155728399363	0
t20	2.70658788953157	0
t23	0.0722559026217109	0
t24	0.066355595842154	0
t25	1.14395167286956	0
