taxon	first_age	last_age
t1	7.32654951180424	0
t2	9.41997424701245	9.41997424701245
t3	7.31327868128769	0
t4	6.15693657382981	0
t6	2.78175839291008	2.78175839291008
t8	4.48446511320852	0
t9	7.34861036143592	7.34861036143592
t11	2.15066151924727	0
t14	1.31047605161264	0
t16	8.40842260452586	8.40842260452586
t20	2.69848820638664	0
t23	5.5959666792053	0
t24	1.66791060705034	0
t27	0.932009988869302	0
t30	2.52381884794648	0
