taxon	first_age	last_age
t1	6.36041749104703	0
t2	8.98823038448557	8.98823038448557
t4	2.2758033990116	0
t6	5.11969571241155	0
t7	0.8350020208121	0
t8	3.34645890714889	0
t9	2.57655389565745	0
t11	1.6989712860944	0
t14	3.92740061435515	0
t17	0.361558939169091	0
t18	2.62819619157329	0
t19	1.40222456652002	0
t20	1.40885253599838	0
t22	0.0363397727738839	0
t23	0.392451440337567	0
