taxon	first_age	last_age
t1	7.37937230941252	0
t2	1.43816045837887	1.22963244292674
t3	2.51482740646247	1.46370037129168
t4	2.25497671849412	0
t5	0.326351799350052	0
t7	1.68278366826389	0
t8	3.85001417898329	0
t10	0.54669962670968	0
t11	0.332590918395084	0
t12	2.79059923973341	0
t15	1.90538557882572	0
