taxon	first_age	last_age
t1	6.82984225808313	0
t3	7.0878761394329	0
t4	5.46467581382713	4.70747530424163
t5	3.84323580671223	3.84323580671223
t6	2.14148698362257	0
t7	0.153799459787555	0
t8	0.455783206347531	0
t9	5.62735496794255	0
t12	0.177093544398737	0
t13	0.217830499152191	0
t17	0.783152161882839	0
t19	1.36447039014592	0
t25	0.645121262876522	0
t26	0.341322201748218	0
t28	0.073174264345738	0
