taxon	first_age	last_age
t1	6.09676656327244	3.98713879456466
t2	7.33394059352577	0
t3	7.82387599293243	7.82387599293243
t4	1.65945441809995	0
t6	0.935597544195172	0
t7	2.60897663498119	0
t8	3.56219151411259	3.56219151411259
t9	2.40382366250356	0
t10	1.2674299988901	0
t13	0.027576916876459	0
t16	1.9319773586316	0
