taxon	first_age	last_age
t1	9.2048575496301	0
t2	4.48092318309194	0
t3	2.60336311406833	0
t4	3.01540512183869	0
t5	0.527317847394093	0
t6	4.5486380321515	0
t7	3.43376382163241	0
t9	2.45994214498574	0
t12	3.34923532432102	0
t15	0.159112331848339	0
t16	2.77158158430034	0
t20	0.622963181099042	0
t26	0.218157688178861	0
t37	0.0614637421045874	0
t38	0.643939030577732	0
t47	0.680447588226684	0
t48	1.35962560588132	0
