taxon	first_age	last_age
t2	6.09795308711508	0
t4	6.51195972228935	0
t5	8.09570390151254	8.09570390151254
t6	8.07643756621889	0
t7	3.45708808939178	0
t8	3.39471430525847	0
t9	2.73456827721228	0
t10	2.9007980274274	0
t12	3.29351904636776	0
t13	7.441962780136	4.81109917458802
t14	0.578601865477896	0
t15	0.0331499263719088	0
t17	0.963866930914227	0
t20	0.526468526909952	0
t21	0.577850672440141	0
t22	0.721562895947606	0
t23	4.5927323228683	0
t27	1.51847830200772	0
t28	1.54764362614185	0
