taxon	max_age	min_age
t1	8.72894734598622	6.83355796450054
t3	5.1258020872939	2.31717450398715
t4	4.07184645418043	0
t5	2.7471748574109	0
t7	1.97392397566715	1.97392397566715
t8	6.7490499077382	2.30601693660536
t10	2.65675045510679	0.854858827074857
t11	4.14683540857052	3.47608323285551
t12	0.312536824384303	0
t14	7.47796974753512	0
t15	3.4703905744723	0
t16	1.23016692101162	1.23016692101162
