taxon	max_age	min_age
t2	8.1517513981089	0
t3	5.32622502640752	0
t6	3.01839412916645	0
t10	2.43021742846307	0
t12	1.50056881962595	1.50056881962595
t14	3.29648813636997	3.29648813636997
t15	0.877041894162087	0
t17	0.0699599328502511	0
t18	0.815094920874389	0
t22	1.09893818329301	0
t23	1.28453831158422	0
t24	1.28259332975838	0
