taxon	max_age	min_age
t1	4.99679575391801	3.37330586770616
t2	6.91704122970502	2.30563096250441
t4	5.91796726454049	5.73727933130795
t5	1.11479832804795	1.11479832804795
t6	5.85617970320022	5.72676218566768
t8	0.497208719111402	0.497208719111402
t9	2.30815172675099	1.22594435558067
t11	0.825963434943464	0.825963434943464
t14	3.80875676870346	0.197803194951691
t19	1.39110508544093	0.255590574955901
t20	0.563147493235997	0.563147493235997
