taxon	max_age	min_age
t1	8.39715383100084	0.835583152132864
t2	7.18354773242027	7.18354773242027
t3	6.77143409389936	1.85283668152647
t4	0.230561139321235	0.230561139321235
t5	3.06176080284409	3.06176080284409
t6	1.40286216949703	1.40286216949703
t12	0.0863062592512165	0.0863062592512165
t14	0.927365115768087	0.927365115768087
t19	0.519040825964813	0.519040825964813
t20	3.34222194282685	2.996702600988
t21	0.195174071238188	0.195174071238188
t22	2.10130258906805	2.10130258906805
