taxon	fad	lad
t3	6.70545123531516	6.70545123531516
t4	8.95618636844271	2.79207294578242
t5	7.31040560851275	0.421573916355484
t6	3.98618171471204	1.88671519838617
t7	4.26983288878981	4.26983288878981
t8	2.90345442961003	2.90345442961003
t9	2.57044796066674	2.32885824837727
t11	0.316597440853204	0.316597440853204
t12	3.91972866528488	3.91972866528488
t13	4.86802344194711	4.86802344194711
t14	1.75397837602406	1.75397837602406
t15	2.09199721176865	2.09199721176865
t18	0.282837295058	0.0766175216470906
t21	3.14389512850529	0.271316771838482
t24	2.74525726022374	1.59104429614595
t26	1.66934308833657	1.66934308833657
t38	3.56473186633861	3.09153662589803
t46	2.02342385340517	0.10270036205684
