taxon	max_age	min_age
t1	9.46425248201229	5.28227172917083
t2	7.03478555882999	1.92380464095995
t3	6.84940045097016	1.92848148167271
t5	0.713859022241396	0
t8	3.86066394721262	3.03861330592178
t9	0.33856342889506	0
t10	1.54102692878632	0
t11	0.886420036011657	0
t12	3.03439556951125	0
t14	3.76796224119761	0
t16	1.10003308782535	0
t20	3.82021881139526	3.82021881139526
t24	0.161423827973493	0
