taxon	fad	lad
t1	5.86925260115758	1.82772242492131
t2	6.28220728429102	5.65050812286698
t3	7.43251368404757	6.70619593779326
t4	3.20854190441893	2.27380738453742
t5	4.7662625120464	2.78979851399939
t6	4.73839339956721	4.73839339956721
t7	7.24016192216432	6.19257645642993
t9	4.2210047518258	1.46796202042136
t10	1.04445982707831	1.04445982707831
t11	1.97334682584233	1.97334682584233
t12	8.17049140780765	4.56847921683985
t13	7.54310182810672	1.19338577224851
t14	7.19554843715972	7.19554843715972
t16	2.46162847733506	0.997175985261883
t19	4.36432022198979	3.36703652424062
t20	2.50459249984761	2.50459249984761
t21	1.29589226950248	1.29589226950248
t22	4.57437388397206	4.57437388397206
t26	0.265172253988155	0.265172253988155
t31	0.425275481026027	0.425275481026027
