taxon	max_age	min_age
t1	7.70296843256801	5.78964902398487
t2	8.0189760531131	8.0189760531131
t3	4.98895857350604	0.342001814591573
t6	6.79022061689631	1.52036272274549
t7	5.50779458496905	2.98165014389189
t8	5.16241057524575	4.51770173600061
t10	3.27474442884402	3.27474442884402
t11	5.51450037603762	1.22166935730012
t12	2.05403502525896	0.383088106580557
t13	5.21198544901826	5.21198544901826
t16	3.628607694934	3.39650210608313
t19	3.32305404246147	0.329333596989965
t20	3.26025576003243	3.26025576003243
