taxon	max_age	min_age
t1	9.65577202072988	9.65577202072988
t3	3.69086382113869	3.1988035171402
t4	5.50769864853079	3.03786743407399
t5	5.5998777455207	5.15134752540452
t7	6.01791110723572	3.25965098311595
t9	6.42960178122126	0.737001626679401
t12	2.05980332894407	2.05980332894407
t13	0.811830424774634	0.811830424774634
t15	0.827476440739082	0.827476440739082
t16	0.745267352262855	0.690749937531571
t19	1.48710997054662	1.35520837858266
