taxon	max_age	min_age
t2	8.9003117242828	0
t3	7.79708981286907	0
t4	4.80327235632161	2.22250225151471
t6	5.38321852624764	0
t7	4.30949275944898	0
t9	4.98627222326796	1.13368845145198
t10	3.03533056118564	3.03533056118564
t11	2.26299018755012	2.26299018755012
t13	0.0887015912130806	0
t16	0.811644055017378	0
t18	1.71392348440442	1.71392348440442
t19	0.0888211349930099	0
t22	1.36528433841593	0
