taxon	fad	lad
t1	5.8240842417041	4.70151954810168
t2	8.01242508487854	6.20158829909517
t3	4.21925670170879	1.80708849325415
t4	1.70391973277277	1.03181942380067
t5	5.40329016124209	1.81218023469972
t7	3.29214212032999	2.57237761197498
t9	2.53309908181773	2.53309908181773
t11	2.70906428559912	2.70906428559912
t13	1.08560977015961	1.08560977015961
t17	3.70768678156562	3.70768678156562
t23	1.43817774344579	0.807007526498
