taxon	max_age	min_age
t1	9.10862708153824	4.12065468028369
t4	5.10884080406622	5.10884080406622
t5	4.43256889794366	4.43256889794366
t7	6.13524394958015	6.13524394958015
t8	3.92178506138768	2.04309361845598
t9	3.57278030127786	3.57278030127786
t11	0.53430926689601	0.53430926689601
t12	5.35715341832951	5.35715341832951
t14	3.3889986821278	3.3889986821278
t16	1.48587656221386	1.48587656221386
t17	1.71190019063362	0.419352372670755
t21	0.979744155407355	0.902225542640096
