taxon	fad	lad
t1	9.616904250967	6.50919260218068
t2	8.07477821381574	7.06144527007327
t3	7.91094483962903	7.91094483962903
t4	7.21151508732687	5.78330482077152
t5	4.81464452621238	0.968258968756976
t6	1.78194882443491	1.78194882443491
t7	4.00197236894312	3.50119513399891
t9	3.95097122417785	3.95097122417785
t10	0.341716534911562	0.341716534911562
t12	5.96491599171479	3.02795934931933
t13	4.11428051193188	4.11428051193188
t14	1.59657313568672	1.59657313568672
t15	0.717290534631811	0.717290534631811
t16	0.629543567666826	0.629543567666826
