taxon	fad	lad
t1	6.66943555586681	0.00220502333181471
t2	7.01857703751918	3.06304190905627
t4	1.68422257916392	0.2173062433687
t8	5.62553341980125	0.432016499080612
t9	3.4732805323382	3.4732805323382
t13	4.49603274373051	2.95631424107918
t14	2.3404609261502	2.3404609261502
t15	4.56146292092001	4.56146292092001
t17	4.66607956143375	0.426583661905484
t19	2.45282011245391	2.45282011245391
t22	1.89848636610482	1.89848636610482
t23	3.23848248038633	0.541960521569248
t25	3.16618998547369	1.13682097068333
t26	1.82975473179409	0.0170602617064013
t27	0.829091537974014	0.829091537974014
t31	1.18786689323099	1.18786689323099
t34	1.17703248420913	1.17703248420913
t36	1.54638804083804	1.54638804083804
