taxon	max_age	min_age
t1	5.3513059022843	2.35840647523391
t3	0.713253346071022	0.42276115383037
t4	8.94293043473222	0.18980976088146
t11	6.21073380684587	0.367413678027514
t12	2.49658725524201	0.279628872862693
t13	3.72588621446809	3.72588621446809
t14	4.4065724642744	4.4065724642744
t15	3.67982620694013	0.899003247522032
t18	2.91953236038073	2.91953236038073
t19	0.966160789523119	0.966160789523119
t21	4.56585594784575	4.56585594784575
t28	1.97537687047931	0.0587312495297443
t30	4.90786001090445	4.90786001090445
t33	1.49875982018306	1.42323531245533
t35	3.85422822116472	0.372288880399262
t36	4.28089202573178	4.28089202573178
t38	0.393994021029288	0.393994021029288
t40	0.463785336743886	0.463785336743886
t42	5.85238066283592	5.85238066283592
t43	1.91065349706072	0.838093849918806
t44	0.953504945033529	0.953504945033529
t46	3.46782807008022	3.46782807008022
t47	4.0807369667599	4.0807369667599
t50	0.949800838263503	0.949800838263503
t51	2.71506046468361	2.71506046468361
t52	3.90872492892199	1.08831328557397
t58	0.784348500735057	0.784348500735057
t62	1.46024247649476	0.402416329390459
