taxon	fad	lad
t1	6.64916141283111	2.65776636417401
t2	8.59777093470354	8.59777093470354
t4	0.556407762750499	0.556407762750499
t5	5.76032286900252	1.48846422726478
t6	3.87982769799089	3.87982769799089
t7	3.27302921324724	3.27302921324724
t8	0.578757172857756	0.578757172857756
t10	1.54944688601935	1.54944688601935
t14	3.87799912570715	3.87799912570715
t15	1.12253558893357	1.12253558893357
t17	1.16056129133331	1.16056129133331
t19	2.00047238477041	0.774939076309103
t21	0.255531487768927	0.255531487768927
