taxon	max_age	min_age
t1	9.73259767983109	9.73259767983109
t2	5.40959894981579	0.609880690666015
t3	0.943272337597527	0.943272337597527
t4	1.60071183684608	0.0327844769322976
t5	3.78503898076659	1.64379836909418
t6	3.52637316544885	3.17177504745657
t8	4.58583573810756	3.35512785429394
t14	2.00628947985962	2.00628947985962
t15	1.8135482047155	1.8135482047155
t18	0.6873172123387	0.6873172123387
t19	0.381441425861127	0.381441425861127
