taxon	max_age	min_age
t2	9.82777499881018	5.16277155208811
t4	6.06503726580867	0
t5	7.3099692189592	5.85537502934763
t6	6.29637148377274	5.34889067358747
t7	4.67119443672775	4.67119443672775
t9	5.57475236707769	3.8011130892122
t10	1.46760757756804	0
t11	1.86496828874803	1.52726249902389
t14	2.18730605974272	0
t17	0.689054039096421	0
t24	1.91591628970171	1.0703049257419
