taxon	max_age	min_age
t1	8.30941043638935	0
t2	7.95793357460449	0
t6	7.35927016784748	5.45963139583667
t7	3.33777956602059	3.33777956602059
t8	4.23671776457556	4.23671776457556
t10	5.89326846850886	3.4503712674436
t11	2.01575165086321	2.01575165086321
t14	3.53045871786282	2.6920781330591
t15	1.58949414262677	0
t18	3.56257021688371	0
t22	1.15756172062327	0
t23	0.161281465243402	0
