taxon	fad	lad
t1	18.5691996244714	13.0991149489018
t2	16.9267304806755	16.9267304806755
t3	13.9901521078361	12.6501218204436
t4	9.40642511360866	3.55527851724248
t5	9.40568431711884	3.30218231688731
t6	12.4123215686393	11.772977353479
t7	8.62462752453622	0.878052729872675
t8	1.98769056996387	1.98769056996387
t10	10.4271117266322	7.33227405419443
t15	2.30873045715285	2.30873045715285
t16	3.51064452245148	2.26962746512392
t18	0.27939204634415	0.27939204634415
t20	4.84791873363623	4.54108837391102
t21	3.92158813741599	2.61262912378209
t22	10.4203103244359	9.08726045037404
t23	8.23250099088563	8.23250099088563
t24	8.22138444602533	5.90038767409812
t25	2.6539125328127	1.02104212387351
t26	6.45368417519656	0.584180941655084
t27	8.26599905944062	5.81897477760903
t28	2.16280223244032	0.70820097835897
t30	0.7450942466876	0.7450942466876
t31	6.12619586205203	6.12619586205203
t32	7.21451042162152	4.44874822802739
t33	6.41981904725131	0.551592230473727
t35	5.56649639966004	5.56649639966004
t38	3.63435161780911	1.59908129160895
t39	2.41313867296341	2.41313867296341
t40	3.4286690953937	3.4286690953937
t41	0.739781814000168	0.739781814000168
t42	2.24981769898238	2.24981769898238
t43	0.402111093817805	0.402111093817805
t46	6.74443907954991	2.87447595443422
t49	6.27426350157829	1.35549372206821
t50	1.47760233587152	1.0592305122552
t51	2.49488440586055	2.49488440586055
t52	1.36653016172552	0.289998933116138
t54	1.17812248819317	1.17812248819317
t55	1.71162317748044	0.0622935477537325
t56	4.08305992121238	4.08305992121238
t58	1.2529669048086	1.2529669048086
t59	2.59885651956356	1.14340807043231
t60	1.87665242861379	1.63850917640496
t61	7.1862206291009	7.1862206291009
t62	5.9533167718855	2.18032734863278
t65	0.238797893429613	0.238797893429613
t68	5.78037572732006	5.78037572732006
t69	3.65808331697059	0.332261274436462
t71	1.03722069786119	1.03722069786119
t74	0.87005057220631	0.87005057220631
t75	0.499110597503623	0.499110597503623
t76	1.60757543637204	1.60757543637204
t78	2.95980378655609	1.03264050066733
t80	1.59610457580219	1.01938295971285
t86	0.0357998928442882	0.0357998928442882
t91	0.449920352755004	0.449920352755004
t92	0.070792914667571	0.070792914667571
t93	0.791565207796701	0.791565207796701
t95	1.10340341377508	1.10340341377508
t97	2.44707587668919	1.79364619159222
t99	0.239019055486843	0.239019055486843
t100	1.57406821866412	1.57406821866412
t104	1.0519150196452	1.0519150196452
t106	0.213790695110198	0.166061048760533
