taxon	fad	lad
t1	16.9641843446359	13.5951803470909
t2	15.4288732296791	9.23356800306031
t3	12.4742722414357	8.53890106403692
t5	8.94878847848936	8.94878847848936
t6	5.84811035335323	0.00848804624945032
t8	5.70929457457996	5.48364492961669
t9	1.32593483531359	1.32593483531359
t13	8.45021628749869	2.3130277405229
t14	4.36208100160223	0.133156675213627
t15	3.06917202517702	1.97130604389436
t18	7.08749563990473	1.63822908348736
t21	1.01204991548634	1.01204991548634
t22	3.42433052954434	1.93221696188844
t23	3.02920645307688	3.02920645307688
