taxon	max_age	min_age
t1	18.4571498492733	17.6990560414069
t3	15.4294191406584	11.1757944610954
t4	13.3062424248852	12.4389165045893
t5	9.26279825386539	9.26279825386539
t6	10.3442960763367	7.16291048817317
t7	8.91558431810318	8.11601994582071
t8	6.87459595911382	6.87459595911382
t11	5.61086004436854	0.72100143377833
t12	3.50911667906322	0.550424373433469
t13	4.46221874089658	1.00350381612756
t14	1.18901184763707	0.310791319517804
t15	1.49735638957561	1.49735638957561
t16	3.65766735169758	1.70974605615229
t17	2.88481318941519	2.88481318941519
t19	3.17271963881386	2.63912060136964
t20	3.49142394252999	3.0726731625939
t21	1.89093248510069	1.89093248510069
t22	0.270293881018951	0.270293881018951
t23	1.41052759941248	1.41052759941248
t26	0.411368578423836	0.411368578423836
