taxon	fad	lad
t1	17.8186079371839	15.1761159245857
t2	15.7810425224252	15.7810425224252
t3	14.2889872948606	8.3956392587015
t5	5.74510744373705	5.74510744373705
t6	13.3040997503794	13.3040997503794
t9	11.04034454069	8.81330147206762
t11	7.9318050196489	0.406878585692937
t12	7.0509455567663	7.0509455567663
t14	3.9565205648127	1.77159363121601
t15	13.4109712773782	1.2784102893667
t16	5.01048187127042	3.12688112578599
t17	3.46228849331191	3.46228849331191
t20	6.4437910900942	1.60402888613609
t21	2.20239420001384	2.20239420001384
t23	4.54557244048656	2.07435048499346
t24	8.88701497683562	2.70861007284217
t25	5.46281506374234	2.41301425450237
t28	2.91206847816628	2.77254127594455
t30	5.42593455299359	0.00883631320809641
t31	1.90524786235283	0.966501355925256
t34	2.20573626565566	1.41026524235313
t35	5.29668000021963	4.91454026312912
t36	6.52289399866391	6.52289399866391
t37	5.42872354228552	5.42872354228552
t38	4.70551542003521	2.67043880217308
t39	2.33889525402452	0.934315193399073
t42	2.7244838678646	2.56987808124293
t43	0.129109215754692	0.129109215754692
t44	3.31610382624261	3.31610382624261
t45	3.83940696115851	3.27994924531015
t46	3.18337924302001	0.841298594562314
t47	0.884193585751365	0.884193585751365
t48	1.20234101037002	1.20234101037002
t50	2.69368445820438	2.69368445820438
t51	2.15883305152509	0.0454491335919975
t52	1.24747938565541	1.24747938565541
t55	3.7187063920305	3.7187063920305
t56	3.03900512410446	3.03900512410446
t58	0.940583897551605	0.144585370814511
t59	1.23815835003505	0.950295078899092
