taxon	max_age	min_age
t1	17.0813832788766	1.27191494319046
t3	9.09112815487245	0.923696409614358
t4	11.0703627862512	2.51519227868897
t7	8.65288006144986	1.78893796218023
t8	7.06530960903726	7.06530960903726
t11	9.19052081954906	7.26547471595173
t12	1.71839315280138	0.664283009933367
t15	1.45411640477814	1.37543427908578
t17	4.34261070477411	4.05171918362945
t21	6.62803783455091	0.886222558784599
t22	5.39373839517943	2.25670565406938
t24	3.73070406336105	1.83813315424836
t31	4.62170912122164	0.780767417942311
t32	4.10845726858945	4.10845726858945
t33	1.6353959924631	0.63457030771265
t34	0.555603798635723	0.555603798635723
t36	1.10144320880993	0.383381724879136
t37	6.00082392295929	2.34768006394875
t38	3.23048486335085	3.23048486335085
t41	4.0977991094266	0.534421201554757
t42	1.57202891479646	1.14131711596091
t46	6.90170084806818	2.10496970885336
t47	7.40956905550597	7.40956905550597
t49	0.732144393888241	0.0537183444713563
t52	0.504656830157366	0.504656830157366
t53	0.0297436171433851	0.0297436171433851
t54	0.650711345444172	0.650711345444172
t55	3.17106810996801	3.17106810996801
t56	0.981917024199166	0.981917024199166
t57	0.308561880139326	0.308561880139326
t58	5.59114681916117	5.59114681916117
t59	1.293495907258	0.532596267865706
t60	1.1488468362298	0.132159813009217
t65	0.665075719100773	0.665075719100773
t66	1.84880431913021	1.84880431913021
t69	0.750508534355426	0.750508534355426
t74	1.01973511525865	1.01973511525865
