taxon	max_age	min_age
t1	19.1290439142027	15.5723103273742
t2	13.229534826743	0.136349924290165
t3	9.96406994749971	9.80654534058825
t4	7.64249570951115	0.0756705381076337
t7	4.32645770030084	2.80114551185538
t8	1.97326910999902	1.97326910999902
t9	6.34330197403592	0.0840013633691044
t11	7.899405480207	4.05561211431268
t13	2.37788458559736	2.37788458559736
t14	0.978675629792811	0.978675629792811
t15	2.68933889635067	0.428993287062724
t18	12.489650053043	2.17517161790223
t21	1.40645763443518	1.40645763443518
t24	7.41711663982495	1.69633734597314
t25	4.33226879940686	4.33226879940686
t26	6.33163959861905	6.33163959861905
t27	4.94211097655519	2.75876935756725
t28	4.54732251731659	3.38580467999893
t29	0.619422301471083	0.499249895449225
t34	3.17228605140496	3.17228605140496
t35	3.22147271425338	3.22147271425338
t38	0.195374692994548	0.195374692994548
t39	3.694682697697	3.694682697697
t41	0.941746557247093	0.59856457838233
t47	1.85611781258513	1.85611781258513
t48	4.89277615618159	4.89277615618159
t49	1.65748112276381	0.380937076660416
t50	5.00600330110668	1.23172052554394
t51	3.16731397223688	3.16731397223688
t52	2.88322270261979	2.88322270261979
t55	0.0400212354099736	0.0400212354099736
t56	3.99199833129251	2.40311936558874
t57	1.3824138586695	0.829941491932253
t60	2.66369655297682	2.66369655297682
t61	1.33948915123162	1.33948915123162
t62	1.54481847689101	1.31392104004123
t64	1.8148687861445	0.424177033831793
t66	1.06370721867238	1.06370721867238
t67	0.494381331012828	0.494381331012828
t68	1.46510774896509	1.46510774896509
