taxon	max_age	min_age
t1	19.1154286249851	1.00247421024337
t3	15.6212707650284	15.6212707650284
t4	13.678212326588	1.11015071460169
t12	6.3488243797193	5.89831763232946
t13	0.058289053648906	0.058289053648906
t17	1.4188922544645	1.4188922544645
t18	0.793698786288925	0.793698786288925
t19	2.13903183701691	2.13903183701691
t20	2.13801377143536	2.13801377143536
t25	3.1988666306404	3.18405690514472
t27	1.62522204572777	1.62522204572777
t30	0.114511558985882	0.114511558985882
