taxon	max_age	min_age
t1	19.6150883771602	5.76210349000337
t2	18.7729988495559	18.7729988495559
t3	17.2188981325584	17.2188981325584
t7	7.2731873429277	7.2731873429277
t8	0.0196639559262088	0.0196639559262088
t9	4.21094433497941	1.00264245137674
t10	2.62098897719465	2.62098897719465
t11	6.87279236650457	0.825299357262022
t14	7.14257139361945	1.16852613464236
t15	2.165069463719	0.26061774392333
t16	4.91884199985203	4.2251697144368
t17	4.54061549062887	3.77521561985571
t18	1.56253480457829	1.56253480457829
t20	4.80626732684188	2.25630745568483
t24	1.27801082341444	1.27801082341444
t25	3.38116619216584	2.34030619403217
t26	2.01981206973434	2.01981206973434
t28	2.09676465714449	2.09676465714449
t32	1.66935267852359	1.66935267852359
t34	2.95948219733805	2.71529808397893
t36	1.71551989528009	0.991492003850432
t37	2.23689223637632	0.344009908516725
t39	2.17913810170355	1.14306717341555
t40	2.64250795214485	2.64250795214485
t45	3.9818973653284	1.17158735949718
t47	0.336120451339262	0.336120451339262
t51	0.179655191623134	0.179655191623134
