taxon	max_age	min_age
t1	17.1556493469323	7.29969976634707
t3	10.4578555462176	10.4578555462176
t4	8.68340719904969	2.70841636711155
t5	7.16356703023047	2.38232504378037
t6	7.21369663827523	7.21369663827523
t7	6.02872109304375	5.18673005311943
t8	8.58121417654742	1.45019622823352
t11	3.4634950723788	2.13565600548345
t12	2.55659580220168	2.55659580220168
t15	3.01801106280674	1.87438214517226
t16	5.45888809107164	5.45888809107164
t17	3.21278470972733	0.25768317700577
t20	2.98848712762077	2.98848712762077
t26	1.66813012151048	0.563070219477023
t31	2.3306340150519	2.3306340150519
t34	0.421466639792325	0.421466639792325
t35	2.21395741840233	2.21395741840233
t39	0.12176565348005	0.12176565348005
t42	0.529739215034006	0.529739215034006
t43	1.20215076657187	0.46716340831966
