taxon	fad	lad
t1	17.4296217482541	4.51874700038217
t2	18.9877024597102	14.5687302872875
t3	14.4795573795062	12.0565143549963
t4	7.27126132242974	7.27126132242974
t6	3.57278365532081	3.39287304966875
t7	4.19081902767092	4.19081902767092
t9	6.23299550159223	6.13288955151028
t10	16.0700696604567	8.1007343445372
t11	15.4179571470423	15.4179571470423
t12	4.29828460221259	1.63954326169057
t13	5.29367473050726	0.956409791746424
t15	1.1004505288289	1.1004505288289
t20	0.458797376673921	0.458797376673921
t24	5.82634376723672	5.82634376723672
t25	11.3739347225778	1.57442493551236
t26	7.5590149873628	7.02023699430215
t27	7.16183342881846	3.09241959129217
t28	4.04024371425131	4.04024371425131
t29	5.04913074549028	5.04913074549028
t33	3.4401436454002	1.16403137889444
t34	0.345804935045486	0.345804935045486
t36	0.700744609894564	0.700744609894564
t38	3.58023364173433	0.615922309742935
t39	2.0308370892048	2.0308370892048
t40	1.27843559027485	0.901896238320266
t41	4.74023740483869	3.56688091214416
t42	1.25212391614243	1.25212391614243
t44	3.12376028168765	3.12376028168765
t45	10.6732751060956	10.6732751060956
t46	3.338867839047	3.338867839047
t48	0.130787056147927	0.130787056147927
t49	4.16346979561315	1.9754040637152
t50	0.0228335330803837	0.0228335330803837
t52	0.117857682979274	0.117857682979274
t57	0.285137216083317	0.285137216083317
t59	3.75209919896299	3.75209919896299
t60	1.65785967231648	0.785218865445326
t61	0.222150884631155	0.222150884631155
t62	1.88255034404093	1.88255034404093
t69	0.257981504749765	0.257981504749765
t73	3.96054840971101	2.74555890369236
t74	2.8590808786243	2.8590808786243
t75	3.20698610009783	3.20698610009783
t81	2.65635943935405	2.65635943935405
t82	0.508869716568007	0.508869716568007
t84	1.96856829600752	0.141150955466369
t86	0.213518277727491	0.213518277727491
t88	1.11275273754197	1.11275273754197
t94	0.977919137076658	0.977919137076658
t95	0.937131154842103	0.937131154842103
t97	1.60174942944948	1.60174942944948
t104	1.39956641080779	1.39956641080779
t108	0.563862587269593	0.563862587269593
