taxon	fad	lad
t1	18.3111689899159	4.11045494049202
t2	17.7636703130636	12.0642565296658
t4	6.6530911354443	0.918026889978933
t6	4.15159091365841	4.15159091365841
t8	10.6356847350486	7.31764649697618
t12	2.02172871251185	2.02172871251185
t13	1.19780273428102	0.0536426911432493
t14	8.77829023546479	8.77829023546479
t19	2.31168049537452	2.31168049537452
t25	2.7485714823662	1.22461019086061
t29	0.403177741893447	0.403177741893447
t32	0.202893795817221	0.202893795817221
