taxon	max_age	min_age
t1	18.5289685986936	5.17449323262705
t2	18.8356983848609	8.1750043749783
t3	15.0827365102831	7.61010754707286
t4	4.49457293776481	3.26112002689699
t5	5.67574784555241	5.67574784555241
t6	2.88090607129191	2.88090607129191
t9	13.9798074450743	9.51485649408766
t10	16.7795031731539	7.40889238146211
t11	4.03453571825647	0.840978938488075
t12	1.96031505507149	1.42725657471188
t13	5.3336087775581	5.3336087775581
t17	2.62116388686801	2.62116388686801
t19	1.33679051977441	1.33679051977441
t21	12.4901310813637	0.0354493639931128
t22	10.7154124448156	0.759605255968872
t23	6.34799465409583	6.34799465409583
t28	1.49900196168844	1.30908183026089
t31	2.09719896726437	2.09719896726437
t34	2.61327387877967	2.61327387877967
t39	0.01771192348399	0.01771192348399
t41	0.624616107465911	0.435867111071534
t43	1.57368133302596	0.634248096263647
t44	7.77535464575386	7.77535464575386
t45	7.38176909849421	3.55939071889098
t47	2.8887820157233	2.8887820157233
t51	0.10600794389471	0.10600794389471
t52	0.667285731002487	0.667285731002487
t58	0.887114294813035	0.887114294813035
t60	0.995582364351975	0.995582364351975
t61	0.123790899249716	0.123790899249716
t62	1.2578477075207	1.2578477075207
t68	2.4568427386532	0.559707539469652
t69	0.101943154766989	0.101943154766989
t70	1.57374898687319	1.57374898687319
t73	5.42837943202728	0.109272607521589
t74	4.85139952329756	4.85139952329756
t75	1.63701397512533	1.63701397512533
t79	3.29500047935957	2.05076623168118
t80	1.11014672289019	1.11014672289019
t85	0.175981037722444	0.175981037722444
t86	2.05527620119929	1.4120238216279
t89	1.15983516483888	1.15983516483888
t93	1.53712352317288	0.240776013103268
t94	0.416145878911681	0.416145878911681
t95	1.19008501117067	1.19008501117067
t98	2.84346832508022	1.95411744296973
t99	2.09870115042603	2.09870115042603
t103	3.16680661415315	3.16680661415315
t106	1.34560445635755	1.34560445635755
t107	0.582011981293956	0.582011981293956
t109	1.66421364543998	1.66421364543998
t110	0.647475825865396	0.647475825865396
t112	0.847480475307538	0.103482479565873
t116	1.34272082197752	1.34272082197752
t119	0.158146698559879	0.0154846255822321
t125	0.383980244952742	0.383980244952742
t127	0.0471514866288096	0.0471514866288096
