taxon	fad	lad
t1	18.7171404855326	0.290675580099975
t2	18.6221467957197	8.27188163971963
t6	4.65154808086877	4.65154808086877
t7	7.6975037405896	4.1586952569594
t9	4.14683327589948	3.17875980289796
t10	1.68685170065202	1.68685170065202
t11	6.58368155833048	3.69991252361201
t12	5.7968562354279	3.38595488648655
t13	2.63958821221135	0.752935750458757
t16	3.16885684743794	3.16885684743794
t17	0.864508473368858	0.864508473368858
t20	1.05354388709804	0.51648501073128
t21	3.48412404307811	3.48412404307811
t24	4.43717997934973	4.43717997934973
t26	0.790963703248661	0.192796803182624
t28	1.76769539951709	1.76769539951709
t29	0.920835160745966	0.920835160745966
t35	0.340184751846742	0.340184751846742
t39	0.886352430446472	0.886352430446472
t41	0.502175322881111	0.502174200173172
t44	0.167085340315776	0.167085340315776
t45	1.55292239240847	1.55292239240847
