taxon	max_age	min_age
t1	18.4007730102167	1.3489128542218
t2	17.5288339822557	17.5288339822557
t3	12.9193754527077	11.1178391040811
t4	13.0071971349826	11.1684981797298
t6	2.59741795766448	2.59741795766448
t9	8.43552600067279	2.13539648762042
t10	1.36285686559436	1.36285686559436
t14	0.218004392267723	0.218004392267723
t15	11.2954324548679	11.2954324548679
t16	7.91915137946664	6.79461865690905
t17	1.80769076516978	1.43289097065233
t18	4.76966777686951	1.48305333866107
t24	2.71504794051453	2.71504794051453
t26	10.2039644891725	4.46921641133757
t29	1.75415807040567	1.75415807040567
t31	0.338577475322893	0.338577475322893
t32	2.02188436244159	2.02188436244159
t34	1.93441579169114	1.93441579169114
t35	0.365560966418172	0.0390979823330895
t36	0.86586101616756	0.86586101616756
t38	9.70837122781152	9.70837122781152
t40	3.77752363737912	0.70328419368095
t46	2.43501663351881	2.43501663351881
t47	1.70485420456494	1.70485420456494
t51	6.44796910668957	4.89714459023672
t52	0.387980196025897	0.387980196025897
t53	6.402688175885	1.03967727105233
t56	0.656992223478433	0.656992223478433
t59	0.498437907878419	0.498437907878419
t60	0.963188068663968	0.963188068663968
t61	2.26100631549916	1.52857355813813
t62	3.03938876403951	3.03938876403951
t63	1.76513234291363	0.51429266092816
t65	4.50949116364178	4.50949116364178
t67	4.61046685409089	3.21052943455965
t71	2.47526506603198	1.30936706303742
t72	1.09439403613374	1.09439403613374
t75	0.90204669952244	0.90204669952244
t77	1.04040073092538	0.34879833075329
t79	2.09018653977659	2.09018653977659
t80	4.43760083106096	4.43760083106096
t85	0.579099735798746	0.579099735798746
