taxon	max_age	min_age
t1	17.8969282796606	8.27422733926314
t3	7.37453291084681	7.37453291084681
t4	7.30661423438749	7.29492981945685
t6	7.04504452509762	7.04504452509762
t7	5.74275871982511	4.65960303875641
t9	6.79993559358544	5.04982091393845
t10	2.19717979484435	0
t11	4.22071566839726	0
t13	4.71783151962695	0
t14	4.3088901581926	4.3088901581926
t15	2.91565957268257	0
t16	0.255358982194814	0
t19	2.03185751770831	0
t22	2.52961923627859	2.52961923627859
