taxon	fad	lad
t1	16.6750842303196	11.6947284118431
t2	12.7158652318305	8.3726871259764
t3	10.8256725620402	10.8256725620402
t4	10.0403199556189	10.0403199556189
t5	7.31917833245019	1.0887491763573
t6	6.79747815320222	6.07155753375917
t11	0.211960719891895	0.211960719891895
t12	8.46132299350894	6.10836585675194
t15	5.17081796201583	5.17081796201583
t16	1.39996570579345	1.1104418264169
t20	1.07200076315112	1.07200076315112
t22	6.68025999947025	4.55368521464252
t23	4.75280963944742	1.76708433378415
t26	0.688625078595521	0.688625078595521
t27	1.270142969929	1.12863710161187
t33	2.84746814281799	2.84746814281799
t40	3.12118102782669	3.12118102782669
t41	1.0913339029005	1.0913339029005
t42	2.31878064899888	2.31878064899888
t44	2.78178561141911	0.341170471670811
t46	0.930355857197593	0.930355857197593
t47	0.667450178965638	0.667450178965638
t53	4.17792969511559	0.481729726177512
t56	1.39509645979571	1.39509645979571
t57	1.19889875102233	1.19889875102233
t64	2.26446765844041	0.0162796392739466
t67	2.34721523251892	2.34721523251892
t70	0.654052892934992	0.654052892934992
t73	1.77106913139946	1.15581998872783
t74	2.57726223313282	2.57726223313282
t76	0.853903577148241	0.853903577148241
t78	1.84917570872903	1.41943978201745
t80	0.19026477070614	0.19026477070614
t81	1.32299637867747	1.32299637867747
t82	1.07271948618859	1.07271948618859
t87	1.07834176455083	0.758716527610286
t88	1.76618945110246	1.76618945110246
t91	1.06189229750615	1.05143073815398
t94	0.82338649925039	0.82338649925039
t95	0.22154049013696	0.22154049013696
