taxon	fad	lad
t1	18.7369849067181	13.7002091607858
t2	19.710067120945	19.710067120945
t4	8.35753825092742	4.46027520785563
t5	4.12033782609823	4.12033782609823
t6	3.03416098829975	1.22460531277578
t7	2.28059398917417	1.28755834239781
t8	0.680724452249375	0.680724452249375
t9	0.0317061213773471	0.0317061213773471
t10	6.47967176426773	5.46858177124783
t11	5.98913669579797	0.51435891705842
t12	0.98309068639885	0.98309068639885
t20	3.12783926509002	3.12783926509002
t22	1.86688266443178	1.54933712193832
t27	2.76371249161769	0.935242489689184
t33	1.43498893011339	1.43498893011339
t36	0.0522908015877093	0.0522908015877093
