taxon	max_age	min_age
t1	17.9251030925661	1.64846953313493
t2	11.2745927217394	3.77565859906781
t3	1.69499927736368	1.69499927736368
t4	0.884727371975163	0.746891959999381
t6	0.371290753835737	0.371290753835737
t9	8.9100551460902	0.202951524485588
t10	2.61032570314714	2.61032570314714
t11	1.46047893737617	1.46047893737617
t16	8.13571566573195	8.13571566573195
t17	5.2132411792083	3.97261435729299
t20	2.01843588864387	0.0725512526614587
t21	2.16566160530361	1.75096803398691
t23	1.28496856886045	1.28496856886045
t24	1.11246944508005	1.11246944508005
t31	4.38995049175118	4.38995049175118
t32	0.619029239622154	0.619029239622154
t33	2.94245933536089	2.03671930356921
t37	0.626209763958727	0.0671419564549041
t40	2.4393596371602	2.4393596371602
t46	0.204214977393995	0.204214977393995
