taxon	fad	lad
t1	18.0503193607564	14.3111402227404
t4	7.72032389476804	6.04038363382129
t5	10.5549689588554	6.06719757083408
t6	8.12544425150775	4.07991809380586
t8	0.423865000251173	0.423865000251173
t9	4.33145858568329	1.23586768865101
t11	3.76340360186499	3.76340360186499
t14	5.55151136975008	0.983829786279202
t15	0.0839329547714414	0.0839329547714414
t16	1.63473516400335	0.0470474495894919
t22	0.936010816751512	0.936010816751512
t24	4.24059963273244	0.458031170454372
