taxon	first_age	last_age
t1	3.66080837352268	0
t2	5.31670995803756	4.26175816576513
t4	0.403470573403769	0
t5	0.852014457999303	0
t6	1.41215916149473	0
t7	0.53286128565404	0
t10	1.04904917343698	1.04904917343698
t11	0.136929202658671	0
t13	0.393490791246318	0
t15	1.03192545148618	0
t16	0.554749338366355	0
