taxon	first_age	last_age
t1	1.0632556494801	0
t2	8.12421138899621	8.12421138899621
t3	2.98891642194243	0
t6	0.823696308054087	0
t7	7.15306909540903	5.59766644242765
t10	2.64884643252818	0
t13	0.093433163171742	0
t14	0.674143895837446	0
t17	4.58175649820241	4.58175649820241
t19	0.26738888555937	0
t20	3.45647382749422	0
t31	0.185571274392126	0
