taxon	first_age	last_age
t1	7.01456341119329	0
t2	7.35999538161678	1.57090907684136
t3	2.27998184631238	0
t4	0.239189490885323	0
t5	5.38941359723795	0
t8	0.0662976915837259	0
t9	3.34303023450894	0
t10	2.61609788293456	0
t11	0.971637118479634	0
t13	0.643140157966052	0
t15	1.18617717736613	0
t17	0.0871600627738598	0
t19	0.45361039601238	0
