taxon	first_age	last_age
t1	9.96322289730112	0
t2	1.57081762241134	0
t3	2.75606468030918	0
t4	2.46423995438813	0
t8	2.67427358443461	2.67427358443461
t9	3.5601129827451	0
t12	1.54595245542174	1.54595245542174
t13	3.50373325948277	3.50373325948277
t23	0.551444488582877	0
t24	0.396096343763832	0
t25	0.229216184737277	0
