taxon	first_age	last_age
t1	8.25689731631428	7.02123797392432
t2	7.72496300799456	0
t3	7.34220898167539	0
t4	1.35742301341441	0
t7	1.90184574512531	0
t8	1.11267678379588	0
t9	0.290385803007428	0
t10	2.11265064170661	0
t13	5.10390116002152	0
t14	2.06408798407948	0
t15	1.65321338642364	0
t16	0.468021536062004	0
t17	3.20082549056977	0
t18	2.15772563230761	0
t19	1.07933906880299	0
t24	3.09478148193233	0
t25	4.17898362730321	4.17898362730321
t27	0.985985444658796	0
t29	1.84598859642404	0
