taxon	first_age	last_age
t1	1.74190690782952	0
t3	5.29264985147426	0
t4	0.0489205704221742	0
t6	1.77757698964104	0
t8	6.05346525445972	0
t9	2.40467440658983	0
t10	2.71430078239775	0
t11	0.837229455757004	0
t16	0.420868841006772	0
t21	0.150877223889122	0
t22	0.643827196541952	0.509828177957891
t23	0.899683866007742	0.899683866007742
