taxon	first_age	last_age
t1	3.57567456889343	0
t2	2.35844849441672	0
t4	0.539924810134529	0
t6	0.444414591465831	0
t7	1.49161517569059	0
t9	3.48987024867641	0
t11	1.18330768721073	0
t12	0.365440947889331	0
t14	0.674203049147348	0
t16	1.659575807539	0
t18	0.339577737813579	0
t20	1.44464133077828	0
t21	0.60998955133304	0
