taxon	first_age	last_age
t1	27.3738448506701	27.3738448506701
t4	15.3887266906658	0
t5	13.7689917135279	13.7689917135279
t6	9.31487882694308	7.47623519178099
t7	12.0218133868864	12.0218133868864
t8	8.14272481106174	8.14272481106174
t9	1.19873905638909	0
t11	6.95637937522024	0
t14	0.0594392850649932	0
t15	0.528394025707907	0
t16	0.0304720171252448	0
t17	0.0649128508449763	0
