taxon	fad	lad
t1	1.52924174484897	1.52924174484897
t2	5.05246259022795	4.13670953579538
t5	0.721723246393065	0.721723246393065
t6	2.54186843582492	2.54186843582492
t8	3.22168025855626	0.461274027852113
t9	1.6263151212288	1.6263151212288
t10	4.52696765559291	0.425208934828415
t11	1.27732846060056	0.41781261552345
t14	1.21411628317113	1.21411628317113
t17	2.41786166191192	2.41786166191192
t18	1.13126038859364	1.13126038859364
t19	0.385353135096409	0.385353135096409
t20	0.414032142714682	0.414032142714682
t25	0.775315503958062	0.775315503958062
t26	1.35400999769701	0.483284828617633
