taxon	fad	lad
t1	6.55474444861782	6.34667674912023
t2	7.56834300369715	0.136453408316516
t4	1.64580511240253	1.64580511240253
t5	2.46342962442603	2.46342962442603
t6	3.61084050672509	3.02266514335208
t7	6.73005812742196	0.72486415710522
t10	3.25899292823044	1.2693016149793
t13	1.75244114817447	1.75244114817447
t14	2.48332823674016	0.990049993161191
t16	7.38325675804413	7.38325675804413
t17	1.27059526479724	0.878302207858447
t19	2.07101424762621	1.1295948695079
t20	5.38307471007681	0.855609288580418
t21	2.54396852522078	2.25413510015444
t23	0.877125778569559	0.0824728131157428
t24	0.0235280079994578	0.0235280079994578
t29	0.740192939362352	0.740192939362352
t30	4.69675294713099	0.903008008787939
t31	4.46760290737612	4.46760290737612
t32	2.57620039326465	0.125911429576075
t33	2.42772034611136	0.0730493154454006
t40	1.4962842646022	0.993469335834
