taxon	fad	lad
t1	8.98033025092445	7.86702102098062
t2	9.0585520236073	0.0106612604160006
t3	0.991461689656663	0.991461689656663
t4	5.18745860960934	5.18745860960934
t8	3.84324048059671	3.84324048059671
t9	2.97620702143831	0.0497782238885218
t11	6.40426303271856	6.40426303271856
t12	4.57957918806343	4.57957918806343
t13	4.67634634855109	0.961462848298082
t14	0.259399023165326	0.259399023165326
t15	2.61665667132712	2.61665667132712
t18	2.1067462978543	1.97182265581873
