taxon	max_age	min_age
t1	9.44415019017758	7.9654747254503
t2	7.71239847567257	5.84978413785677
t4	7.45299197120981	0
t7	5.95088709052585	5.95088709052585
t8	3.60742121061095	0
t11	5.72435483059729	0
t12	1.3462556301465	0
t14	3.46317065107057	3.46317065107057
t16	0.974617347666843	0
t18	1.81831213741832	0
t22	2.82879781193901	0
t28	1.42262724415018	0
