taxon	fad	lad
t1	9.79956132829833	6.08653555056981
t2	6.68990589417849	0.863377554179319
t3	5.59465627374688	2.68529645948558
t4	5.56226845892027	3.41559202977737
t5	0.87466290271167	0.87466290271167
t7	0.803810028007701	0.803810028007701
t9	5.97886904010119	0.104445706972561
t10	4.90741938587897	0.940004554992559
t12	2.20665222516561	2.20665222516561
t17	0.944670524177715	0.944670524177715
t18	2.32831622716274	0.34796314799719
t19	3.90909961633685	3.90909961633685
t20	0.170626268820836	0.170626268820836
t21	0.753871540212183	0.753871540212183
t24	4.54120978340698	1.72588222996781
t27	3.8646705426946	3.13245425016803
t28	1.64239381003177	1.64239381003177
t29	1.23613290114571	1.23613290114571
t31	1.31172999274841	1.31172999274841
