taxon	fad	lad
t1	8.71344646904618	8.71344646904618
t2	8.2606428344023	4.57797246952466
t4	3.54775733058514	0.396168066184694
t5	6.3238716784059	1.58185974316581
t6	2.23953799455903	0.41534622552226
t7	0.285947957439641	0.285947957439641
t8	5.73245007688816	2.64450490561974
t9	5.01997773873635	4.65645375650391
t10	3.22854763319239	1.64014829046548
t11	0.347632924965808	0.347632924965808
t16	1.40601140578019	0.955418545933981
t17	0.293051327840447	0.293051327840447
t18	3.22567626695066	0.811736215384901
t20	1.47015870279337	1.47015870279337
t21	2.43832950937629	2.43832950937629
t22	0.498592950087716	0.498592950087716
t24	0.636120535058261	0.636120535058261
t28	0.150688219114999	0.150688219114999
t34	1.1560139325184	0.841897383269739
t35	1.05911878198018	1.05911878198018
