taxon	max_age	min_age
t1	8.66354037703089	0
t2	9.39145826322198	9.39145826322198
t3	6.61184981295847	5.78462903714643
t5	5.2448655716851	0
t6	1.51956117296323	0
t7	0.802993638675193	0
t9	5.03446002683512	5.03446002683512
t10	0.572532169151348	0.572532169151348
t12	6.92412189512464	6.52483297441573
t16	4.99551098183299	4.99551098183299
t18	0.313975296571048	0
