taxon	max_age	min_age
t1	5.31270440688872	1.42805780102854
t3	8.40154961533663	7.00608490234991
t6	2.30128120525003	2.30128120525003
t7	6.80716844892125	2.7237865252844
t8	4.1082174099612	3.33900326761445
t9	2.79987273427284	2.79987273427284
t11	2.02593556740431	2.02593556740431
t13	5.31970195518825	2.25113823288623
t14	2.50704585864485	0.119672704698269
t16	2.1873030151855	0.155157272182429
t18	1.0094620636658	0.229843574342611
