taxon	max_age	min_age
t1	8.32460888545029	8.32460888545029
t2	8.10495940774369	4.99109620038581
t3	6.01646480383351	0.894443951757191
t4	5.2708381881475	5.04332041899679
t6	0.948667453431545	0.948667453431545
t7	1.17424291711758	0.0715752613217653
t8	1.09728495467125	0.668279977534908
t9	2.10295048653611	2.10295048653611
t10	2.70926456245048	1.81443234368613
t12	0.74188290902392	0.0396757635099529
t14	0.396452024481297	0.396452024481297
