taxon	max_age	min_age
t2	6.43290479810602	6.43290479810602
t3	8.17192677568597	0
t6	3.08700467598202	0
t8	0.334639005278635	0
t10	3.8155213458975	0
t12	3.65883125106229	0
t21	1.02748710554977	1.02748710554977
t23	0.0277641156411708	0
t29	0.976717078647477	0
t34	1.39069936731967	1.39069936731967
t39	0.763669655297685	0
t41	1.64839294066734	0
