taxon	max_age	min_age
t1	9.92689412176093	6.67750983761767
t2	9.0923018760615	9.0923018760615
t3	9.0480050617414	6.01970811396676
t6	0.184483142970571	0
t7	2.10261264659867	0
t10	0.966005076941991	0.966005076941991
t11	4.69715088023752	0
t12	1.84257822721415	0
t16	0.571598585196362	0
t17	2.0554897698252	0
t19	5.17332051994217	0
t26	0.595017533422327	0
t28	1.62008139017012	0
