taxon	fad	lad
t1	6.30348055601591	1.54670978471376
t2	7.77156060871979	1.55131532752361
t6	5.75422463860984	0.391458977928982
t7	1.83674745490561	1.83674745490561
t8	3.94988077740375	3.94988077740375
t9	1.82934253642283	1.73781780109688
t10	0.748802010134074	0.748802010134074
t11	2.54088368095877	0.516990761116187
t12	3.87390400529872	3.87390400529872
t14	1.19889253644921	0.563106055014732
t15	2.19521117072744	2.19521117072744
t16	2.32279552540949	2.32279552540949
t18	2.08236261622243	2.08236261622243
t20	0.284717944288351	0.284717944288351
t21	0.314091054934684	0.314091054934684
