taxon	fad	lad
t1	5.49389014041567	1.00772418097616
t2	5.19405477350964	0.583452184286854
t3	2.87827219648834	0.860101772216968
t5	2.61906032233892	1.31939082530568
t6	2.50073370510405	1.91003560890136
t7	1.75340221832199	1.75340221832199
t10	4.37283113837378	0.134423816506029
t11	2.63656825647825	0.125998623573798
t12	1.42142281247181	0.661560833303898
t14	1.31823825132105	1.31823825132105
t15	2.25280290889299	0.93232327094978
t17	0.727298917662656	0.727298917662656
t18	0.629563451451125	0.039864117218988
