taxon	first_age	last_age
t1	18.5295982736473	18.5295982736473
t2	13.2943313645214	0
t3	11.8085079709505	0
t4	9.11225471028676	9.11225471028676
t5	7.82938268585571	0
t6	6.81906518212261	6.81906518212261
t7	1.59154189896845	0
t8	7.8922896189789	4.82056560773133
t9	9.45450616200543	8.75352931340313
t10	7.23756369650093	4.60340908148432
t11	7.55118432608432	4.9076775307939
t19	2.17090729313787	0
