taxon	max_age	min_age
t1	7.90046991726465	7.90046991726465
t2	8.73936486384726	5.88371904727997
t3	7.68953690344268	6.62984327305414
t4	8.25215543662674	8.04865471870355
t5	7.11463499499727	0.226935515708917
