taxon	max_age	min_age
t1	3.47328576833019	0
t2	2.83574352763518	2.83574352763518
t3	2.60634305649938	2.57305987127628
t4	2.26943087174778	0
t5	0.435291585108604	0
