taxon	max_age	min_age
t1	2.48504910079106	0
t4	7.51600526841408	0
t6	5.36922702158096	2.30882059655748
t7	2.32764373455455	0.588673195795437
t8	1.79802988412967	0
