taxon	max_age	min_age
t1	3.84544306535317	0
t2	3.70435287216619	0
t3	3.85390967076531	0
t4	3.40302547395464	0
t5	3.68426311708509	1.73510121810644
t7	3.86978554945056	0
t8	3.30274104262931	2.14080765162038
