taxon	max_age	min_age
t1	4.83886704299507	3.32258353710748
t2	4.5268373290453	2.11087100728154
t3	3.85515434048473	0
t4	2.27759051007663	0.983030025955755
t5	2.19193283553406	2.19193283553406
t6	2.30490656111258	1.8523971694586
