taxon	max_age	min_age
t1	14.7470548248859	8.18492045118362
t3	7.86915321710581	6.73431266219225
t4	7.03598811428942	5.57452073247875
t5	5.81257803075286	5.00374922276093
t6	5.27806043119612	5.02712119602145
