taxon	max_age	min_age
t1	7.84067972995954	7.71529809975673
t2	8.06000631474214	0
t3	6.23621544222779	0.512869016962105
t4	2.3404724337146	0.538939336618061
t5	0.889902917785393	0
