taxon	max_age	min_age
t1	11.9531987836103	1.56585413217626
t2	9.86669151710505	1.89383818488004
t3	4.96663204021011	3.96161897273806
t4	4.5003609522086	3.24934319293279
t5	3.90364930348585	0
t6	5.06367538041458	3.87655557833222
