taxon	max_age	min_age
t1	10.8185725544022	0
t2	9.93077728182099	2.1383525284956
t3	0.573469927182391	0
t4	0.733234388797822	0
t5	1.2051660099012	0
