taxon	max_age	min_age
t1	9.28276592237652	0
t2	10.9100903816076	8.83902081892867
t3	9.7316298852431	0
t4	9.7168352027534	0
t5	2.88923672209226	0
t6	0.979323814590455	0
