taxon	max_age	min_age
t1	5.49540014798369	0
t2	1.9723658422786	1.9723658422786
t3	3.39243596406426	0
t4	3.34371411846997	2.25727831345088
t5	2.93847756730777	1.3647522576436
