taxon	max_age	min_age
t1	2.23879207641311	0
t3	1.53247746514863	0
t5	0.934627889888873	0
t6	0.937425400569587	0.937425400569587
t8	0.524238718242403	0
t9	0.151975484019108	0
t10	1.86052344193088	0
t13	1.67347219537628	1.67347219537628
t15	0.610465069453745	0
t20	1.48992913160909	0
t23	0.623093892446533	0
