taxon	max_age	min_age
t1	11.9989083911068	3.42638623516543
t2	11.5696530597248	0
t3	8.85948705928296	3.82138591218483
t4	4.71281087733407	0.92598967890812
t5	11.021373034064	6.2011188960705
t6	9.40822345508072	7.77380054659429
t8	1.16656762497841	0
t9	0.849182013327894	0.580990241342988
t10	0.439087536059944	0
t11	2.5608110389329	0
t12	0.528054484669886	0
