taxon	max_age	min_age
t1	3.9114806473547	0
t2	2.76962515074627	0
t3	2.23578101196714	0
t4	3.1303192405652	0
t6	2.85199705217317	1.81132009501734
