taxon	max_age	min_age
t1	6.97747716133074	4.25671016185698
t2	6.40751281491949	6.40751281491949
t3	7.06206374432821	5.20899638041508
t4	2.35456146247624	0
t5	1.09972047776054	0
t7	0.922498980223489	0
