taxon	max_age	min_age
t1	7.38927612924541	5.37860617531861
t2	6.02596470132374	0.711563746774648
t3	3.56608462405595	0
t4	4.52595493030444	4.52595493030444
t5	1.05612775055487	0
t6	0.514614030552845	0
