taxon	max_age	min_age
t1	7.83887187067371	6.94280973121582
t2	6.89450025573	1.43159684898357
t3	5.89848592141863	0
t4	2.16871658867008	0
t5	1.74983034580643	1.04980210431006
