taxon	max_age	min_age
t1	10.4551299649733	5.6540274268133
t2	9.3710031459757	0
t3	7.29813713005304	0
t5	6.21239743859425	0
t7	3.98219057283259	3.07500665642965
t8	3.52605241309407	0
t9	3.24759002046195	0
t11	1.58452901603144	0
t13	4.10984809439468	0
t16	1.19223808912537	0
