taxon	max_age	min_age
t1	9.21065939416067	6.78023690548367
t2	6.92527321486174	6.69843902018008
t3	1.30885199380302	0
t5	0.847556045082655	0
t7	1.16387253288251	0
