taxon	max_age	min_age
t1	8.82605387121526	0.893141761593256
t2	5.39785429861228	0
t3	4.74533215012498	0
t4	2.27607979524993	0
t5	1.51635885196359	0
t6	1.52314911676775	0
t7	1.23684510231449	0
t8	0.181023654716434	0
t9	0.661608495525186	0
