taxon	max_age	min_age
t1	0.696053029469828	0
t2	5.7536035396606	5.7536035396606
t4	1.56329441482023	0
t5	2.10364209314684	0
t6	0.901750677086988	0
t7	1.87445135461008	0
t8	0.602515382383511	0.602515382383511
