taxon	max_age	min_age
t1	10.1556153493586	0
t2	2.0348856949863	0
t3	4.91640308769769	4.91640308769769
t4	1.80920334215212	1.77271117332322
t5	1.52997969143996	1.52997969143996
