taxon	max_age	min_age
t1	11.8087222754329	4.63819743100763
t2	11.0241474645135	10.7079325251173
t3	7.31924266997384	7.05817151241961
t4	10.8369314188344	5.36134695916519
t5	7.92382145879699	7.92382145879699
t6	1.95051130923351	0
