taxon	max_age	min_age
t1	5.46360681241435	2.93527112939624
t2	4.93335469082717	2.13292915082848
t3	5.69860096391266	0
t4	1.08162182816489	0
t6	0.310294137188607	0
