taxon	max_age	min_age
t3	6.40020985502233	0
t4	7.20186361474859	0
t5	0.132566935367153	0
t7	2.16664680957848	0
t9	4.53699525451895	3.96476558724136
