taxon	max_age	min_age
t1	7.79806972778833	6.87784222252248
t2	7.45415583783104	6.70740249423455
t3	6.3678685540112	3.59179225639253
t4	5.43638832310071	2.53122014923555
t5	5.29897009691771	2.97902616567089
