taxon	max_age	min_age
t1	4.54312382794931	2.06356713347653
t2	4.55320321355904	0
t3	2.85078619804304	0
t4	2.16052114018563	0
t5	1.13793118233203	0
