taxon	max_age	min_age
t1	11.8651463089824	10.0664295299782
t2	10.7509724170034	0
t3	11.1099818918262	0
t4	11.2950575819031	11.0452149230434
t5	7.73307593701818	6.88545879446651
t6	4.50333157559944	0
t7	5.30341763341075	0
t8	10.2125469392636	10.2125469392636
t9	7.41675881340491	4.85388008372417
t10	5.50064983651686	0
t11	6.93523342369393	0
t12	5.15639753592947	5.15639753592947
t14	1.55817021524172	0
