taxon	max_age	min_age
t1	2.13841491663415	0
t2	0.325066518510881	0
t3	0.470091509770149	0.470091509770149
t4	1.00132952887323	0
t8	0.211493298180496	0
