taxon	max_age	min_age
t1	7.77550047740675	0
t2	5.72342289280538	0
t3	1.49789670755306	0
t4	4.08221657596621	0
t5	4.7986491350687	0.916604542984066
t6	0.354651855865225	0
