taxon	max_age	min_age
t1	6.03066170606769	0
t2	4.75212166174081	0
t3	2.21946140263444	0
t4	3.7786323383766	3.7786323383766
t5	0.612968397511894	0
t6	0.160316670361949	0
