taxon	max_age	min_age
t1	3.51632802879881	0
t2	3.08168517764036	0
t3	0.0694081168084288	0
t4	1.44720778586799	0
t5	1.2650623724648	0
