taxon	max_age	min_age
t1	6.57622565540072	5.1823194110538
t2	5.79203201342204	0
t3	5.7466655537669	0
t4	4.89354356025873	4.84047854865062
t5	5.61011729971865	0
