taxon	max_age	min_age
t1	10.3981297516976	2.30799903187566
t2	6.4975585136877	5.31713930141825
t3	5.96998909642737	0.542740286356899
t4	7.0425008770254	4.56322087613223
t6	5.11921898871256	3.88120817581603
t7	2.40634469346952	0
