taxon	max_age	min_age
t1	7.09489262812151	0
t2	6.35790543901554	0
t3	4.78159517830613	3.88050901585954
t4	0.976971588927706	0
t5	3.06145010623399	2.81273006647869
