taxon	max_age	min_age
t1	6.01626421489859	0
t2	2.0298594588655	1.80859260877541
t3	2.07842541315875	0
t6	2.45247108263405	2.34685621388169
t8	2.33919397935105	2.33919397935105
t9	0.327039634052574	0
