taxon	max_age	min_age
t1	13.7194973757348	1.41748249380693
t2	12.6867296560685	7.01387572005774
t3	7.74553037633261	5.08621024714559
t4	5.90608366958012	5.39782698920134
t5	4.04603126361587	0
t6	0.468324384475659	0
