taxon	max_age	min_age
t1	3.80051062182429	0
t2	3.05858500953192	0
t3	3.13195999623655	3.13195999623655
t4	3.2785042915537	0
t5	2.07975967540631	0
