taxon	max_age	min_age
t1	7.99094857624736	0.207954107599424
t2	6.82557584337362	1.92859848465708
t3	4.68231340411185	0
t5	0.9003960716077	0
t6	0.417158347055433	0
t7	5.41455246958248	4.73561651102296
