taxon	max_age	min_age
t1	7.08605799909229	4.20822084058415
t2	3.96258250163664	3.96258250163664
t3	5.48361189546428	4.99999352800231
t4	5.18235968282969	3.73931998445269
t5	4.60781144084596	0
t6	3.79884385136905	0
t7	3.2827863028223	3.2827863028223
