taxon	max_age	min_age
t1	6.84243069863714	0
t2	6.13222285946032	5.51753479696175
t4	3.4767338761624	0
t5	3.14399737630859	0
t6	2.45401263111181	0
t7	2.41046856029013	1.56295013388862
t8	3.42817642078635	0
t10	2.05391735794975	0
t11	0.853987834891571	0.528764825458888
