taxon	max_age	min_age
t1	14.5029801128155	0
t2	13.6954026192584	9.88359949549926
t3	7.5183662192103	0
t4	1.99338372790201	0.234446684614676
t5	0.379877144451729	0
t6	1.3782628259742	0
t10	12.793236286736	8.34759557627789
t11	9.37902460533069	8.80422165443461
t12	3.04297847090446	2.98517018474559
t13	1.64854490965466	0
t14	4.04239369969692	3.83995418077404
t15	2.10265095261623	0.553879124301888
t16	0.219237634167674	0
t19	1.6255346300653	0
t22	1.0930742361792	0
