taxon	max_age	min_age
t1	10.5069569212515	8.62848219081416
t2	9.84116040802366	3.39326177891251
t3	9.84037814618627	9.84037814618627
t5	9.71456530844517	9.71456530844517
t6	4.82818431236103	4.82818431236103
t7	8.33608540472144	3.98421828938643
t8	4.78828497149296	4.48285587102247
t9	8.9419313018748	6.1044660085001
t10	7.96079006191865	5.788962544788
