taxon	max_age	min_age
t1	7.99367770058653	0
t2	5.24552587529957	2.75702115266097
t3	5.46638616149426	0
t4	2.66037153596741	2.66037153596741
t6	0.168181946122996	0
t8	3.5768892334277	3.5768892334277
t9	3.40104587818079	0
