taxon	max_age	min_age
t1	11.6189808529928	0
t3	0.373755673387119	0
t5	2.23456897830558	0
t6	1.06551096520842	0
t7	7.41967548837332	5.8705617276062
t15	0.652846300669294	0
