taxon	max_age	min_age
t1	0.702101055212578	0
t2	1.0084009540369	0
t3	0.532291373513269	0
t4	3.10239101584672	3.10239101584672
t5	0.841460891633841	0
t6	1.16251515437576	0
t7	1.16454811931255	0
