taxon	max_age	min_age
t1	10.0169026407844	3.76315552521013
t2	3.84407715244471	3.84407715244471
t3	3.17237217098807	0
t5	3.86379187926571	3.3614769461118
t6	2.44154455653553	0
t7	3.39617378200399	0
t8	3.44164696836252	0
t9	3.30692389438564	0
t10	1.14593914830592	0.573295566648543
