taxon	max_age	min_age
t1	3.93162935665821	0
t2	3.31339586127094	0
t3	2.13307467500014	0.746369887089893
t4	1.56319263478777	0
t5	2.15908636008442	1.12680442089519
t6	1.38016284232064	0.294187734747853
t7	1.20267541353498	0
t8	0.374013498807424	0
