taxon	max_age	min_age
t2	5.48833629568159	0
t3	4.8869864974785	4.8869864974785
t4	5.51932499889745	0
t5	5.24689798765518	0
t8	1.52893840697899	1.52893840697899
t9	1.11983186680725	0
t12	1.32318823402976	1.32318823402976
