taxon	max_age	min_age
t4	8.00093818195677	8.00093818195677
t5	7.90120472066619	0
t6	7.10626850774288	0
t7	7.69646378465229	0
t8	7.95052850032769	7.95052850032769
t10	1.11311532654289	0
t12	1.83006616677912	0
t13	1.87802554433412	0
t17	0.187925749730057	0
