taxon	max_age	min_age
t1	12.4640236867977	8.7263227134751
t2	13.531979774864	10.6827512892016
t3	9.11126488847895	0
t4	6.23407313210587	0
t5	12.759368898762	10.9262284917247
t6	0.940775691689364	0
