taxon	max_age	min_age
t1	13.9909708680384	13.9909708680384
t3	9.33478025300556	4.03686681523364
t4	6.45813552782594	4.92607848273709
t5	8.54608030724503	7.11879958701779
t6	10.8767284154383	2.64627152238837
t7	9.03661551875168	1.7238682257584
t8	5.68880667989614	0
t9	4.01289563180042	0
t10	1.80584788545969	0
t11	7.35366743705364	2.8579749932009
t15	2.46919440119561	0
