taxon	max_age	min_age
t1	9.95704986470224	8.0418318308742
t2	9.79151140773119	0
t3	9.44272068597745	8.38629481964292
t4	9.09509856312279	0
t5	7.57044950919003	0
t6	8.50988569880389	0
t7	10.1454318751415	9.52589823896795
t8	8.70909063332617	0
t9	6.37250581514146	0
t11	5.8463978389184	0
t12	6.40193969969195	0
t13	0.748775980251448	0.748775980251448
t14	1.31735124451067	0
t16	0.87641203158403	0
t17	0.412292200948201	0
t18	2.6040972700628	0
t19	0.793709848603692	0
