taxon	max_age	min_age
t1	0.883076248640941	0
t2	4.66795727727965	0
t3	2.06063282806748	0
t4	0.888762147966542	0
t5	1.83155409685802	0
