taxon	max_age	min_age
t1	4.70404491861939	1.58226103635785
t2	4.20580250838386	0
t3	1.66095208566432	0
t4	1.25778735264255	0
t5	4.06143709357793	1.77929413383035
