taxon	max_age	min_age
t1	2.25885235384045	0
t2	1.41256821999204	0
t4	0.553027261283925	0.553027261283925
t5	0.811339362917095	0.811339362917095
t6	0.851533911067547	0
t7	0.783968494696788	0
t8	0.17141835040754	0
