taxon	max_age	min_age
t1	5.37924581103445	0
t2	1.47052839229056	0.141146368287068
t3	1.10290792841278	0
t5	1.06618876836814	0
t6	0.252192333738087	0
