taxon	max_age	min_age
t1	10.1630885068963	7.10936656675626
t3	3.59126678670361	3.59126678670361
t4	3.56231889276283	0
t5	2.78851593215434	0
t6	2.25903853995169	0
