taxon	max_age	min_age
t3	6.24049409240959	6.24049409240959
t4	4.26151563954356	0
t6	2.53148800877889	0
t11	2.98386211335597	2.47128773312303
t14	1.89314457395955	0
