taxon	max_age	min_age
t1	2.25879148099078	2.25879148099078
t2	4.85891297323603	0
t3	1.47768935269422	0
t4	1.25797135893724	0
t8	0.223459912549778	0
t9	2.03102077567723	0
