taxon	max_age	min_age
t1	6.68774864415305	1.99036614773451
t2	4.12834386119534	0
t3	2.98245836680671	0
t4	0.485395835050314	0
t6	2.71583243688705	0
t7	1.10897541459957	0
