taxon	max_age	min_age
t1	14.1799541394357	0
t3	12.8611350177789	11.0866898445807
t4	7.72096721317712	2.1847435967863
t5	6.93654569365003	5.98465099517769
t6	3.786071585895	1.85645270844195
t7	1.43521963980646	0
t8	5.8219400985578	2.37412214592237
t9	5.38428186161164	0
t11	2.98809401463427	1.62838758226354
t12	2.88133113646411	0.687063964774305
t13	5.32770667352949	5.32770667352949
