taxon	max_age	min_age
t1	6.80589711939572	2.72510790425399
t2	4.29282052452776	0
t3	2.95113129421575	0
t4	0.762224076162908	0
t5	0.808678103929298	0
