taxon	max_age	min_age
t1	5.59124690780686	0
t2	4.21352743018714	0
t3	2.58683570550635	2.5393291710439
t4	1.16618190721539	0
t5	0.374216374915901	0
t6	0.161844684555569	0
t7	0.372766570481043	0
