taxon	max_age	min_age
t1	6.61708156363831	4.82193191724706
t2	7.2704339156276	0
t3	6.91181527335165	0
t4	6.28471337079125	0
t5	6.19619838430261	6.19619838430261
t6	4.74953428409481	4.74953428409481
