taxon	max_age	min_age
t1	6.9115039001878	0
t2	5.71379162642969	0
t3	4.44532320157336	4.44532320157336
t4	4.11662843903872	0
t5	1.84096029683666	0
t6	3.79296928180639	0
t7	1.67842043145478	0
t8	1.22578446781409	0
