taxon	max_age	min_age
t1	5.55595152963979	0
t2	5.28201632027741	0
t3	2.68522521653746	0
t4	3.5760623069296	0
t5	1.18923712957069	0
t7	0.471727992353532	0
