taxon	max_age	min_age
t1	7.4390290447539	0
t2	6.52266907388499	5.86977858620239
t3	5.793964662085	0
t4	5.75548763060965	5.75548763060965
t5	4.03965181124927	0
