taxon	max_age	min_age
t1	6.78594482912389	3.33495551364225
t2	1.60475584592196	0
t4	3.30829296804464	0
t5	2.07020526066875	1.66296777359573
t6	2.43884047700708	0
t8	2.8992303922629	0
