taxon	max_age	min_age
t1	7.82385715944723	0
t3	2.94792321649381	0
t4	3.47761652532148	0
t6	0.353419559187024	0
t7	3.41871426423345	0
t8	1.7424001631438	0
t10	4.58849777478384	0
t11	0.684622054839364	0
t12	1.76369181341017	0
t13	0.77324629663452	0
t14	0.67850549156548	0
t15	2.73420565654476	0
t16	0.872420217699894	0
t19	2.41586935391468	0
t20	1.78804471373946	0
t22	0.353164020875831	0
t23	0.031568559162694	0
t25	1.99635659990817	0
t27	0.246280947540067	0
t28	0.457167299311255	0
