taxon	max_age	min_age
t1	6.96414559832384	4.78801845252628
t2	7.45973691144143	4.07976270732699
t3	5.02116274913836	0
t4	2.74516577450359	2.11929393229424
t5	5.31713322125734	0
