taxon	max_age	min_age
t1	9.08220466466427	0
t2	6.95335037187801	0
t3	6.17209449008808	1.85344580039669
t4	4.45664687360921	0
t5	1.65865753394207	0
t6	0.571997279919465	0
