taxon	max_age	min_age
t1	3.78941877061802	2.32064048359328
t2	4.30155586801987	0
t3	3.80919937069951	0
t4	1.01354920946867	0
t5	1.78259623416486	0
t6	0.804467491436221	0
t7	0.0678222831194963	0
