taxon	max_age	min_age
t2	6.09708223375287	5.09873249080138
t4	3.14244636264174	0
t5	4.56516654704863	0
t6	3.04504547307834	0
t7	5.6707665084324	0
t8	4.24096227682283	0
t11	2.77569307937407	0
t15	3.59541357334219	3.59541357334219
t17	3.35800259337008	3.35800259337008
