taxon	max_age	min_age
t1	2.38858939060032	0
t2	2.23787258964509	0
t3	2.43820790431906	0
t4	2.35716375120871	0
t5	0.458794061534494	0
