taxon	max_age	min_age
t1	9.1277725823372	6.02193088534234
t3	9.39759796536847	8.70290806687782
t4	7.41588401659749	6.12566342721699
t6	5.99866612502851	0
t8	5.87292610767557	0
t9	5.83533033986543	5.81101285633062
t10	5.97065047053636	5.86672570661966
t11	5.13255926612525	0
t13	3.88028659630603	0
t15	5.96804138958063	0
