taxon	max_age	min_age
t1	13.7297384738815	6.47405636841082
t3	12.3597704820113	5.72618332248378
t4	10.5695129013664	4.02318215167805
t6	10.0115366505919	8.9418347819084
t7	9.58686697753437	6.74720530037944
t8	7.20500507955259	4.3715221403268
t9	9.3648114300478	0
t10	6.86975723075936	6.86975723075936
t11	5.45407757270421	0
