taxon	max_age	min_age
t1	13.7092365276071	0
t2	13.3190986175522	13.3190986175522
t3	8.45294043689109	2.68338508708763
t4	2.90399142356528	0
t5	0.875587243738453	0
t8	1.72119652074943	0
t9	1.57504906438303	0
t10	0.965663525739764	0
t11	0.660622348304091	0
