taxon	max_age	min_age
t1	6.20506113912185	0
t2	4.414911835685	0
t6	6.0336212067917	0
t7	4.19531979401488	3.70401857898706
t8	3.27481175667369	0
t10	3.10479411142503	0
