taxon	max_age	min_age
t1	2.29923500047812	0
t3	3.01211761465173	0
t4	3.37696088057973	0
t5	0.644552956159564	0
t6	2.36590394154443	0
