taxon	max_age	min_age
t1	7.34957938959615	0
t2	1.75420508592267	1.75420508592267
t3	1.9062614646343	0
t4	1.31763011670346	0
t5	1.22068149977203	0
