taxon	max_age	min_age
t1	7.85481236476188	0
t2	4.14860756979341	0
t3	3.33164107678951	1.68793828573513
t4	1.43429935028204	0
t5	3.18590688793074	0
t6	0.786649320456011	0
t7	2.93688215634914	0
