taxon	max_age	min_age
t1	6.70798633294907	5.13519207008238
t2	6.5162719513328	0
t3	4.20626203346487	4.17795108702952
t5	2.5096022351679	2.09006168009149
t8	2.40433243124586	0
