taxon	max_age	min_age
t1	11.3436422147629	6.72687309923912
t2	7.6959811961498	5.05778406212639
t4	5.02669599597289	3.03477841678692
t5	4.52023301581802	0
t6	4.34147959164304	4.0391859496045
t7	4.3612719029563	0
t8	1.4396128046686	0
