taxon	max_age	min_age
t1	10.7333619639463	9.24480706826932
t2	9.20079700185096	3.97221957773539
t3	7.6342633633602	4.07666484140655
t5	5.70530142702399	5.70530142702399
t6	8.45547328298159	0
