taxon	max_age	min_age
t1	29.5320731913671	27.0501004671678
t2	22.2504102854141	13.9306909745338
t3	20.4694848589546	19.2557882972008
t5	5.67805181836032	3.0891758542164
t6	6.69186259732835	1.93128991564518
t7	4.15871403313685	4.15871403313685
t8	5.32855485763544	5.32855485763544
t11	0.717909323389716	0.717909323389716
t13	6.10916219303836	6.10916219303836
t14	4.69912277277167	4.69912277277167
t15	2.6095527220015	2.6095527220015
t16	1.64354555967323	1.64354555967323
t19	0.780028877497102	0.780028877497102
t20	1.87377437306701	1.87377437306701
t25	0.724602639252371	0.724602639252371
t30	1.35338496264542	1.35338496264542
t33	0.145487091044117	0.145487091044117
