taxon	max_age	min_age
t1	28.9077147531013	28.9077147531013
t2	24.2088675594895	12.2952362872829
t3	16.7188846060628	13.4008568919354
t4	12.5177698979591	2.09644113038515
t5	16.2529266669821	15.7755452935197
t7	10.7924491401103	10.7924491401103
t8	16.0246373021031	14.831288074173
t10	12.8568661276492	12.8568661276492
t11	1.03855812085565	1.03855812085565
t13	10.4900199542557	6.31436547218968
t14	11.7851088359661	0.490384055435207
t15	5.78532940664905	0.137686549083522
t19	10.073477744581	10.073477744581
t20	7.83973926148078	0.820711577390071
t21	3.58788488670919	3.58788488670919
t23	9.0002289557668	3.59115532989059
t24	11.0143774747619	6.58565099290763
t25	7.06977147817586	3.22146960135867
t27	11.6509248060815	2.12771759593661
t28	9.84795938388549	2.43263664887725
t29	2.53968869317247	0.0983735670176031
t32	1.36562624829415	0.246347196646546
t33	0.830522482667405	0.830522482667405
t36	5.79528643708768	1.38364822266438
t37	7.30329723616863	0.295945512766313
t40	8.81303575892582	8.81303575892582
t42	6.1153430695454	6.1153430695454
t44	2.9151964450729	2.9151964450729
t45	5.13388667714025	5.13388667714025
t46	3.73023326287553	1.28599537950239
t47	3.12476836123243	1.28343589818439
t49	6.49877069460771	4.3865427074201
t50	5.37099302547939	2.37610735435648
t51	6.46774173501801	6.46774173501801
t52	2.91812828332116	2.91812828332116
t54	0.803777524236029	0.803777524236029
t58	3.62566389323684	3.62566389323684
t59	0.0886911902552967	0.0886911902552967
t60	4.14591579241374	1.21173410366621
t63	1.17241884595894	1.17241884595894
t65	1.86864513805943	0.227183648958182
t66	1.56049781836067	1.56049781836067
t69	1.01531202586761	1.01531202586761
t75	6.40558550608939	6.40558550608939
t76	0.34098717439592	0.34098717439592
t81	0.127463958498378	0.127463958498378
