taxon	first_age	last_age
t2	7.7997517367509	0
t3	7.52127975308918	7.52127975308918
t4	7.43708932340548	7.43708932340548
t5	4.22363468358247	0
t6	6.58113741312425	0
t7	8.16505977459832	0
t8	5.72381609007878	0
t12	0.496229816080715	0
t15	5.01601398306871	0
t19	0.637062639103233	0
t20	4.36120784265079	0
t21	6.45285281381173	0
t23	0.958965947512667	0
t24	0.943609780545422	0
t29	1.13612517914276	0
t32	0.446143880513086	0
t44	0.0835407014798903	0
