taxon	first_age	last_age
t1	6.90129561366204	0
t2	5.90146695711692	0
t3	0.160239404863125	0
t4	7.60022748351569	7.60022748351569
t5	3.75987577539946	0
t12	2.52565583795149	0
t13	0.11057575315141	0
t15	6.79512896823749	6.79512896823749
t16	5.65031043643969	0
t18	4.07635971629534	0
t21	1.15642974714939	0
t26	5.57267670320595	0
t28	5.91918556448083	0
t29	1.18607184663846	0
t41	0.292118349693425	0
