taxon	first_age	last_age
t2	7.43901881269463	0
t4	7.38439841323697	7.38439841323697
t5	6.49019370822985	5.6534258264226
t8	5.70081598556975	5.70081598556975
t11	5.69648651343958	0
t12	5.47610744582668	0
t13	6.91771798476593	0
t14	2.54111330650812	0
t15	6.2594816753031	0
t16	0.969359771470456	0
t19	6.65107935806693	6.65107935806693
t22	6.12475037906375	0
t23	0.934543270512609	0
t26	2.8449843076628	0
t29	1.90393698298896	1.90393698298896
