taxon	first_age	last_age
t2	6.95533502687492	0
t3	4.80180798121028	0
t4	5.00202355612551	0
t6	5.00497250610502	5.00497250610502
t7	5.02690492712536	0
t8	0.536769684711286	0
t10	1.89440773985197	0
t11	0.771089950333096	0
t19	1.22927180484572	0
t25	0.489759777981019	0
t27	0.579400709618355	0
