taxon	first_age	last_age
t1	4.3898646522959	0
t2	6.1191582976457	0
t3	5.81111627906013	0
t4	5.54988596905757	5.0940644223739
t5	0.40699161648476	0
t6	5.49406888767617	0
t10	4.66605245842569	0
t16	0.391374892434056	0
t20	4.91604211790074	0
t31	0.671534036932394	0
t32	1.97618574385053	0
