taxon	first_age	last_age
t1	9.58844085794231	0
t2	6.89380698829268	2.19179855751687
t4	7.55673361383966	5.61983104775767
t5	3.08858770122653	3.08858770122653
t6	6.46118506930424	0
t7	3.85398277978445	3.85398277978445
t10	6.51035121427017	0
t11	2.89116419564159	2.89116419564159
t13	5.35371325260761	0
t14	2.06789511038113	0
t15	0.390795391070238	0
