taxon	first_age	last_age
t1	7.69077299251344	5.63408821058912
t2	8.83670815282309	8.83670815282309
t3	6.56632056758652	0
t4	6.25650010902727	4.664153473499
t5	3.1613793736111	0
t7	2.64274870638308	0
t9	0.511350736087856	0
t11	3.09859651488004	3.09859651488004
t12	1.22619738902221	0
t13	2.03925079306851	0
t16	1.24531765708729	0
