taxon	first_age	last_age
t1	4.25270936097782	0
t3	8.66340769525523	6.77643561421236
t6	8.12416963933874	0
t7	8.35345398128331	6.64053933455632
t9	6.35135117334309	0
t10	5.66356633667254	0
t12	0.626076160676782	0
t15	3.7407053404829	0
t18	3.77602303844363	0
t19	1.06154797733008	1.06154797733008
t22	0.237235436254117	0
