taxon	first_age	last_age
t1	9.32891478793404	0
t3	7.56138344951631	7.56138344951631
t4	6.96128842623587	6.59566097214517
t5	5.6293408217979	5.6293408217979
t7	5.34386741771562	0
t8	6.32691450703921	0
t9	1.10875820986967	0
t12	4.48217720592965	0
t13	3.19146650323982	0
t16	0.390401062783054	0.390401062783054
t21	2.75592600255367	0
t23	2.23542436249386	0
t31	2.53753316358844	0
t38	0.624001669351387	0
t40	2.07989081579538	0
t56	1.58494773908305	1.58494773908305
