taxon	first_age	last_age
t1	9.89551888008118	9.17420856030284
t2	9.19516814773519	0
t3	6.47743023391108	6.47743023391108
t9	7.3233977331366	7.3233977331366
t10	6.318254825597	5.7873869115206
t11	5.51044834103718	0
t18	6.81605204684868	0
t19	6.81814091684444	6.81814091684444
t25	0.646126472221239	0
t28	1.5128861987184	1.5128861987184
t30	2.62584114700213	0
t38	2.81656080282775	0
t41	1.01538237486798	0
t43	0.0236518846097287	0
