taxon	first_age	last_age
t1	9.56398913131709	0
t2	7.2590288355566	0
t3	5.17927017136031	0
t5	7.7214542779179	6.63150736187093
t10	8.59459150095738	8.59459150095738
t11	5.45575929828204	5.45575929828204
t12	5.23178267879106	5.23178267879106
t13	2.45409040583079	0
t18	1.12517418295248	0
t19	1.29611380235726	0
t20	2.25354509049844	0
