taxon	first_age	last_age
t1	9.6649197448392	0
t2	8.35637899310824	0
t3	7.35090520772968	0
t4	1.93143189247174	0
t7	0.156954228518158	0
t8	6.58738905454251	0
t11	5.95692757888735	0
t13	0.239341981254348	0
t18	0.383914948047485	0
t19	1.35178468766617	1.35178468766617
t25	0.5876491531659	0
