taxon	first_age	last_age
t1	29.2260352132912	29.2260352132912
t2	25.9012782460514	25.5457228992881
t4	18.1076578579069	12.8817145350563
t5	11.452318841195	0
t6	10.5480476098292	5.97447937696937
t7	8.25810709524189	0
t8	4.26261287759415	0
t9	1.2323159329685	0
t12	6.16978115854445	5.47661452186908
t14	1.57233753096726	0
t17	2.93845989973379	0
t18	2.54763568466558	0
t20	0.119507372803955	0
