taxon	fad	lad
t1	5.41240858238534	5.41240858238534
t4	6.73041128838656	0.256123528218511
t5	7.63384716027479	7.63384716027479
t6	3.83812096367084	0.269048452313276
t11	2.22512704947557	2.22512704947557
t12	3.87760316014161	3.21831064512437
t15	3.37203950839135	1.48970974823387
t16	3.38923945428587	1.51171731241077
t22	1.82172688176829	1.82172688176829
t23	1.48104509609635	1.48104509609635
t27	1.57964270174083	1.57964270174083
t28	1.07535879134105	0.252546818680724
