taxon	max_age	min_age
t1	9.55955888299892	0
t3	3.89252888350684	0
t4	5.85772117121669	0
t5	0.254679820262382	0
t6	5.93448634635016	0
t8	1.36354790563652	0
t11	3.82809679543302	0
t15	4.24426934378858	0
t17	1.48028819286319	0
t19	1.09019128444274	0
t22	1.50903710600343	0
t23	1.24620786137373	0
t24	1.93728766864564	0
t25	1.34493794814199	0
t30	3.42177029139546	0
t31	2.90054663301009	0
t32	1.00091346205469	0
t41	0.109332640582821	0
t43	0.405340223751027	0
