taxon	fad	lad
t1	8.31750781740993	4.28206463033954
t2	8.64009709990401	1.23929511590124
t3	5.92485421764482	1.81732355437403
t4	7.29100140096666	5.87974884056221
t5	5.6832607173978	4.3743582634562
t6	4.05647001615107	0.682201814800855
t7	4.00775328411251	1.19454487204393
t12	0.635255019275185	0.280086028325799
t16	3.79507052128178	1.82966656243714
t17	2.02292348954518	2.02292348954518
t19	1.49312613366367	0.11192188643672
t22	6.35270494166186	0.560610026747497
t23	3.5591092501399	3.5591092501399
t24	2.81429464316868	2.81429464316868
t27	0.882682150666234	0.882682150666234
t30	1.05753828591829	1.05753828591829
t31	3.0988809098677	3.0988809098677
t36	0.115826232071608	0.115826232071608
t38	1.98102583068541	1.98102583068541
