taxon	fad	lad
t1	9.19265124481171	1.32282922862508
t4	6.17598323071572	6.17598323071572
t6	1.7722660218086	1.7722660218086
t8	5.27847992451317	5.27847992451317
t10	3.13905365059271	1.84664502810185
t11	6.27582150468974	1.16462732947215
t12	4.84244487205892	2.25037631691494
t14	1.29994676518684	1.29994676518684
t18	4.7865647632107	0.771307951175615
t19	0.867096061538412	0.867096061538412
t20	5.63107011896023	5.63107011896023
t22	2.52185668923055	2.22155347127561
t25	5.21531625551879	1.42749856762086
t26	3.40161964678327	0.885422072147922
t27	1.62395461053053	1.62395461053053
t29	1.05342949189986	0.923636930740461
t30	0.429547121297581	0.429547121297581
