taxon	max_age	min_age
t1	8.46930951190492	0
t2	2.11720371025991	2.11720371025991
t4	1.61265212915283	0
t5	2.60989694559669	0
t6	3.75821468198066	0
t9	0.361292017983684	0
t11	0.205890409523125	0
t13	2.34858066856328	0
t14	0.398343516072078	0
t16	2.20345089097101	0
t20	0.880001244860084	0
