taxon	fad	lad
t1	1.93133280344097	1.93133280344097
t2	7.9465618005189	5.39796409093267
t3	4.6835164896523	4.6835164896523
t4	3.88229451763133	3.88229451763133
t5	4.47997441042916	0.440544916673007
t6	2.57579439875001	2.57579439875001
t10	4.37285779458074	4.20430607327448
t11	3.68625377460072	3.68625377460072
t12	3.36589627029475	1.44678365811186
t13	0.378998625232239	0.378998625232239
t15	0.26504988291417	0.26504988291417
t16	2.71056109596008	0.398612029136567
t17	3.59454637596426	3.59454637596426
t20	1.03510215935961	0.651151082289559
