taxon	fad	lad
t1	8.7872534027944	4.28867519229375
t2	9.45608510816736	2.72134661779114
t3	7.75942447155359	7.31953396953287
t4	6.90767855036918	3.14561168020228
t5	6.31493160930687	2.21115943487992
t6	2.20699638011019	2.20699638011019
t7	4.23614306518594	4.23614306518594
t9	1.7857191890317	1.7857191890317
t11	7.32745368835472	5.58690932531267
t14	1.89794262383391	0.335093535840395
t15	6.62674433331501	3.47604482746458
t17	2.12970249665893	2.12970249665893
t19	4.09092862608783	2.48947141986591
t20	0.703900392369251	0.703900392369251
t22	2.86274936539793	2.86274936539793
t24	1.0889562055725	1.0889562055725
t26	0.349750773496989	0.349750773496989
t28	2.94117313318164	1.2372400888449
t29	5.0801685534972	4.60762089336352
t36	0.00315552123828766	0.00315552123828766
t41	4.32366724474298	1.71867137657421
t42	0.348953410818805	0.348953410818805
