taxon	fad	lad
t1	8.67496268978963	8.67496268978963
t3	5.55470133950409	5.55470133950409
t4	5.31092250524462	0.126051090988431
t5	7.58659187119086	4.37977099934201
t8	3.21830177267493	2.78943918632186
t10	3.84547192320806	1.95887047980559
t11	7.13547554448	5.0881304902827
t12	4.41639595343777	0.715787644187797
t13	4.65781821408175	1.87543803378839
t14	0.347124263829471	0.347124263829471
t18	1.84272504213682	1.84272504213682
t19	5.20643419280204	1.5626225342964
t24	3.40600996504387	3.40600996504387
t25	0.489975570485788	0.489975570485788
t27	0.308616446074812	0.0211347437062592
t30	1.73071302023908	1.73071302023908
t31	0.0545061671409943	0.0545061671409943
t35	2.45722064287268	2.45722064287268
