taxon	fad	lad
t1	6.20440416052039	0.686921005334929
t2	9.3722026857237	1.69420304435313
t4	6.86710819291572	4.95070416325082
t7	5.7791959164454	5.7791959164454
t8	1.90786473738135	1.55835068054145
t9	1.51187497321	1.51187497321
t10	1.61122044026514	1.61122044026514
t11	2.49099714074627	2.49099714074627
t12	1.57173814226668	1.57173814226668
t16	4.83030227788927	1.73094411549705
t17	1.83278184554093	1.83278184554093
