taxon	max_age	min_age
t1	6.26485897237631	1.86777449585591
t2	8.82201324724087	0.548660440264474
t3	8.88809055349786	0.660988859125439
t4	3.91144726946478	0.0540351797006569
t6	1.22859497449543	1.22859497449543
t12	2.0123227350668	0.173441004654361
t14	2.13092827290265	2.13092827290265
t20	1.10292223988755	1.10292223988755
t22	2.83073498448088	2.83073498448088
t24	4.87161664987776	0.000949734156519
t26	1.21960827365859	1.21960827365859
t32	0.492528006722392	0.492528006722392
