taxon	max_age	min_age
t1	9.28405392138908	0
t2	7.18959615721057	0
t3	5.89298637132194	0
t7	6.00053437814185	5.59818994514836
t8	5.11064023486759	0
t9	1.92342557628803	0
t10	4.06061515222723	0
t12	5.68726635693262	0
t13	3.64208467562536	0
t14	0.754602568183953	0
t16	0.358041490827491	0
t18	4.288518092852	0
t19	2.96088361904809	0
t24	2.74096705117519	0
