taxon	max_age	min_age
t1	9.16534165541331	3.54258697006884
t2	8.44682109542191	6.98447430506349
t3	5.26430469641185	5.26430469641185
t4	2.98961104305678	0
t6	7.4494310668832	0
t7	4.51122438859538	2.09048294656418
t9	3.75702366579721	0
t10	1.7602473603188	0
t14	6.47821287228961	0
t15	4.3297054097856	0
t19	1.0750408807774	0
t21	0.930179458631184	0
t26	2.87325567947666	0
t33	0.995349351272546	0
t34	1.30115701266179	0
t36	1.46771974265153	0
t37	1.99407620173529	0
t40	0.80746345757742	0
