taxon	max_age	min_age
t1	8.93828143676122	0.119400909450571
t2	6.30949995014816	6.30949995014816
t3	3.8021864982373	0.87870164689622
t7	1.82276384569327	1.82276384569327
t9	0.00528775568522732	0.00528775568522732
t10	3.62885410093404	0.215746025294983
t11	0.415967860130536	0.415967860130536
t12	3.2253013871325	2.52634882402549
t13	0.317755328263107	0.317755328263107
t15	3.1803019984535	1.10237134343352
t17	4.04502101234447	4.04502101234447
t20	2.26929907938255	2.26929907938255
t22	2.27608449174041	1.42707228094283
t24	1.18284965424848	1.18284965424848
t25	1.0104543733757	1.0104543733757
t26	0.0498541708140472	0.0498541708140472
t27	2.38087610383912	2.38087610383912
t28	1.3076422631126	1.3076422631126
t31	0.595380529439211	0.595380529439211
t33	0.221433508012041	0.221433508012041
