taxon	max_age	min_age
t1	8.64041626300567	4.28697150249588
t2	4.26577804468916	4.26577804468916
t3	5.38688149458418	0.582971320115972
t4	3.15489446948765	3.15489446948765
t8	2.68715431997903	2.68715431997903
t9	3.53639546449557	1.78100121234982
t10	0.747559397884457	0.747559397884457
t12	0.453492484567617	0.453492484567617
t13	0.180703559108681	0.180703559108681
t14	2.59920216336434	2.13577729355132
t16	2.10260541763384	2.10260541763384
t18	0.0517979853569503	0.0517979853569503
