taxon	max_age	min_age
t1	7.74125423592826	0
t2	4.9140949254962	0
t3	7.77191784440865	0
t4	0.0849205566428353	0
t6	2.22037169940472	0
t7	6.94227473331059	0
t8	7.06483688826362	7.06483688826362
t11	4.34627291968451	0
t12	1.04052487719093	0
t14	0.568574927232955	0
t15	1.4660489499886	0
t16	3.84474674451957	3.84474674451957
t17	2.20398699206727	0
