taxon	max_age	min_age
t1	9.23822906097396	9.23822906097396
t3	1.74105983100277	0.447758613434353
t4	6.58574340004854	6.58574340004854
t5	2.00624927742309	2.00624927742309
t7	5.38310575168554	1.0010117886123
t10	3.50961563251307	1.37598459993194
t11	3.82630323524266	3.82630323524266
t14	3.6263264932855	3.6263264932855
t17	0.647909600553676	0.647909600553676
t18	1.88997572373649	0.678786347707041
t19	0.833304482499658	0.833304482499658
