taxon	max_age	min_age
t1	4.79819093548449	4.79819093548449
t2	8.63237705563379	8.63237705563379
t3	8.28999939840287	5.96321713955452
t5	0.899111645886718	0.899111645886718
t6	5.40021197006391	5.40021197006391
t8	3.10410087299574	3.10410087299574
t9	1.7668737736484	1.7668737736484
t15	2.36050940676816	2.36050940676816
t17	1.45913931891994	1.45913931891994
t18	0.230930086011	0.230930086011
t20	1.34116582694623	0.809874234700933
t22	1.46332853047478	1.46332853047478
