taxon	fad	lad
t1	9.43094986266904	9.43094986266904
t2	8.99470256819545	1.05214925660907
t4	2.78465560547748	2.78465560547748
t5	7.82989775242992	7.82989775242992
t8	2.10772743160991	2.10772743160991
t12	4.90471064631346	4.33030244481269
t13	5.0226505261208	5.0226505261208
t19	3.79435145404171	3.79435145404171
t20	0.045400336752973	0.045400336752973
t26	1.82111732748466	1.82111732748466
t28	1.15367310595644	1.15367310595644
t29	1.19808154560993	1.19808154560993
