taxon	fad	lad
t1	7.43577300570905	7.13190649730088
t2	8.5229701323837	8.5229701323837
t5	5.1505146951924	5.1505146951924
t7	3.9411333659029	3.9411333659029
t9	0.719549906035899	0.719549906035899
t11	0.445819973915237	0.445819973915237
t14	2.62575969142471	2.55330529572073
t16	6.54106819637473	6.54106819637473
t18	4.10692795076783	4.10692795076783
t21	4.56906259635188	4.56906259635188
t23	1.08349688767801	1.08349688767801
t27	1.16368585761595	1.16368585761595
