taxon	fad	lad
t1	3.83759546559304	0.616288515739143
t2	8.17273105772227	3.27906496634721
t4	6.3861241042349	2.91004626314109
t7	6.26254172821577	6.26254172821577
t12	1.32610390777477	1.32610390777477
t16	2.11522770016605	2.11522770016605
t20	0.161743448102481	0.161743448102481
t29	2.38901978494957	2.38901978494957
t32	3.35365023914282	3.35365023914282
t34	0.280898198562802	0.280898198562802
t38	0.677148923124193	0.677148923124193
