taxon	fad	lad
t1	8.46942221403573	8.46942221403573
t2	8.5846581948472	8.5846581948472
t3	8.55388696720657	2.87427977142689
t13	3.77508017976846	3.77508017976846
t17	0.549037675756081	0.549037675756081
t23	0.499152338702601	0.499152338702601
t30	2.64689299477535	2.64689299477535
t37	1.08771113897963	1.08771113897963
t41	0.442021626120175	0.442021626120175
t43	3.9669280813489	3.9669280813489
t44	0.690008067398269	0.690008067398269
t48	0.203269663474048	0.203269663474048
