taxon	fad	lad
t4	5.66585439371599	2.31875822993649
t5	3.3787699560619	3.3787699560619
t9	8.8133555001792	3.15812548463051
t10	7.06271870331437	6.78704940290942
t11	0.549426576954822	0.549426576954822
t21	2.70934413356429	2.70934413356429
t25	1.20736699999859	0.531236408106885
t26	1.02332616804821	1.02332616804821
t28	5.44843497841308	5.44843497841308
t32	1.88831066087027	1.88831066087027
t46	0.0648201630282355	0.0648201630282355
