taxon	fad	lad
t2	12.1340425544153	12.1340425544153
t3	14.4267451872984	11.5990132080485
t4	13.8794174525879	13.8794174525879
t6	7.14137226404073	6.64489074885312
t7	2.84383367960443	2.84383367960443
t8	6.14665684660187	4.14140950421883
t9	10.6828104615139	3.60428270074611
t10	8.24086782507066	8.09014535247422
t11	3.45093889927136	3.4415961848188
t13	4.34779108098098	0.531566477517721
t14	2.2075008968449	2.2075008968449
t17	1.53402699131834	1.53402699131834
