taxon	first_age	last_age
t2	5.33358401363187	0
t3	5.46277003461332	0
t4	5.37677254588234	0
t5	1.30443853974685	0
t6	4.71246736123814	4.71246736123814
t10	8.46430755013533	0
t13	4.53852183340394	0
t16	2.46142668272912	1.92990885360399
t17	2.81771079640607	0
t18	0.276201067909263	0
t23	0.191235969448176	0
t26	1.37021100602504	0.504225067056288
t27	0.16838382343559	0
