taxon	first_age	last_age
t1	6.23114430670039	6.23114430670039
t2	7.73537345851461	0
t3	5.98753640521964	5.98753640521964
t4	0.0892878747089476	0
t6	3.15383896556095	0
t7	0.842592991097231	0
t9	0.294783590211674	0
t11	3.32128025529932	0
t15	1.20062803594205	0
t23	1.20075760084959	0
t25	0.459795243236643	0.459795243236643
t27	0.688050131337251	0
