taxon	first_age	last_age
t2	5.00760245727296	5.00760245727296
t3	6.93228573074667	0
t4	4.48804899103443	4.48804899103443
t5	5.35880301901393	0
t7	0.558346687899617	0.558346687899617
t8	3.98769743880381	0
t9	2.63197242237699	2.63197242237699
t11	3.18512946144306	0
t12	1.08883126881533	0
t19	0.552666778130332	0
t24	0.528986160203125	0
