taxon	first_age	last_age
t1	9.72488302994129	9.72488302994129
t3	7.36391049265668	5.11746761857981
t4	5.29652102771953	0
t6	6.82589427391988	1.42883627823888
t7	2.55462887687011	2.05046720500644
t8	4.24445345123386	1.68034319977984
t10	3.09409502518824	0
t12	4.44195799068236	4.44195799068236
t14	2.07617987334534	0
t15	4.50498482213698	0
t17	3.62274820019992	0
t19	2.11030171794553	2.11030171794553
t22	0.665455083300786	0
t24	3.57015161075055	3.57015161075055
t26	2.13181818836497	0
