taxon	first_age	last_age
t1	9.19350089038173	9.19350089038173
t2	5.67873471386436	5.67873471386436
t3	3.71520907787329	3.3440055371551
t5	5.17264648928423	0
t6	2.76750279015588	2.76750279015588
t8	5.71221608674057	3.7655587712231
t9	2.26293686952068	0
t10	2.27118631878223	0
t14	0.820467592764105	0
t15	1.49487139366193	0
t16	1.58990650185635	0
t19	2.32103954676362	2.32103954676362
