taxon	first_age	last_age
t1	6.72681484387834	4.0429272102129
t2	8.75427948155751	0
t3	8.04954957270739	8.04954957270739
t5	4.62828360667175	0
t6	7.69190686289221	5.19425079412936
t11	4.7365363269582	4.7365363269582
t12	2.43012291189731	0
t14	0.311521348981225	0
t15	4.55373964558989	0
t16	0.765707528809129	0
t18	3.81630665636655	3.81630665636655
t20	2.67994804831971	0
t22	0.569400306966239	0
