taxon	fad	lad
t2	10.0462032638649	10.0462032638649
t3	0.507164762745099	0.507164762745099
t8	3.06563875707964	3.06563875707964
t10	0.386145244532262	0.386145244532262
t12	7.89602059973052	7.89602059973052
t21	5.96248429858858	4.82663018164425
t25	2.3380815407983	2.3380815407983
t29	3.32576563489708	3.32576563489708
t34	1.04898460464058	1.04898460464058
t36	4.18096661620945	4.18096661620945
t37	4.58998677145545	0.991926331183354
t40	0.607934924841686	0.308521636829539
t44	2.31506287370924	2.31506287370924
t48	0.414159648924919	0.414159648924919
t56	0.253492608407697	0.253492608407697
t59	1.48430937799176	1.48430937799176
t65	0.323810620393051	0.323810620393051
