taxon	max_age	min_age
t1	16.1399305053055	16.1399305053055
t2	18.8442337506038	18.8442337506038
t4	12.4740126002276	2.12829802437985
t6	7.74102468861677	7.74102468861677
t7	2.82531055070936	2.82531055070936
t10	4.6156337012239	4.6156337012239
t15	0.243025421244202	0.243025421244202
t16	6.09669649270456	6.09669649270456
t17	5.82978263259958	5.58815132123511
t22	4.7877573261671	1.93905306446182
t26	8.07620453819267	8.07620453819267
t28	10.7712609652168	10.7712609652168
t34	6.56043555714815	6.56043555714815
t38	5.15162989232229	5.15162989232229
t39	2.1049633700931	2.1049633700931
t44	1.72239706729193	1.72239706729193
t57	4.88133535399025	4.88133535399025
t58	2.22823035540284	2.22823035540284
t64	1.20953202314885	1.20953202314885
t86	0.506258026982707	0.506258026982707
