taxon	max_age	min_age
t4	12.8331278016908	9.84379162519309
t5	7.83368332667403	0
t6	7.0710550412857	6.13374779752414
t7	8.71777741845597	0
t8	6.14281219897551	0
t9	5.53004823038297	1.26327505328381
t12	0.559568920466283	0
t13	3.5340398463447	0
t14	4.68957606697551	4.68957606697551
t15	3.17778117523655	3.17778117523655
t17	1.82188834262966	0
t18	0.19453371056624	0
t20	2.79289536862573	2.79289536862573
t21	0.464193550209124	0
t22	4.14736777344932	0
t25	2.64234810751673	0
