taxon	max_age	min_age
t5	8.19614330159156	8.19614330159156
t6	2.83668925541763	2.83668925541763
t11	8.95264448112087	8.95264448112087
t13	6.79115768668263	6.79115768668263
t17	4.75433178527798	4.75433178527798
t20	14.0463606629836	0.911944368188237
t24	7.27687990909275	7.27687990909275
t26	7.2609996599723	3.82930131998103
t29	5.16620827158131	5.16620827158131
t30	3.62501993376534	3.62501993376534
t31	3.02795527957159	3.02795527957159
t34	8.34646224516868	8.34646224516868
t35	7.91343266256948	7.91343266256948
t38	11.0305733588673	11.0305733588673
t39	5.54342136097083	5.54342136097083
t41	3.14625709951653	3.14625709951653
t43	1.05562701975889	1.05562701975889
t46	0.002617025405101	0.002617025405101
t56	3.25517079700384	3.25517079700384
t59	5.08284385523094	0.151682409665419
t66	0.964788669597272	0.964788669597272
t71	7.32959242057828	7.32959242057828
t75	5.45079767033289	5.45079767033289
t76	0.354928041620354	0.354928041620354
t81	2.44699946512666	2.44699946512666
t85	0.317584938843961	0.317584938843961
t86	0.991195733512356	0.991195733512356
t89	1.282339608114	1.10751773212457
t91	0.562253118996097	0.562253118996097
t94	0.337343103014756	0.337343103014756
t98	4.88862277375914	4.88862277375914
t106	2.16591232626698	2.16591232626698
t107	1.10517350007457	1.10517350007457
t116	6.09464990943041	6.09464990943041
t119	1.71973505672985	1.71973505672985
t121	5.85508453310396	5.85508453310396
t122	5.32365078095652	5.32365078095652
t129	0.395326509587125	0.395326509587125
t141	1.67430583764557	1.67430583764557
t147	1.46391479693098	1.46391479693098
t151	0.305193334001157	0.305193334001157
t153	1.91504628783326	1.91504628783326
t158	0.0143368810630875	0.0143368810630875
t168	7.45289255515601	1.75156312645341
t175	1.07067621761061	1.07067621761061
t176	1.33080096202028	1.22027161749136
t185	1.05202828089784	1.05202828089784
t187	0.428859000772409	0.428859000772409
t188	0.652459115468137	0.652459115468137
t201	1.01398743335007	1.01398743335007
t208	0.348994219122609	0.348994219122609
t212	1.17640981372709	1.17640981372709
t213	0.694021761253566	0.694021761253566
t214	1.2510130990521	1.2510130990521
