taxon	max_age	min_age
t1	19.8287497051812	5.17237294594935
t2	13.0305107675061	13.0305107675061
t3	8.79810280801451	7.41059411027828
t5	5.27741701426061	5.27741701426061
t7	2.42661139518155	2.42661139518155
t10	7.91866441668205	7.91866441668205
t11	9.28271135644482	4.19898011119531
t16	0.399116612788774	0.399116612788774
t19	2.41166039129575	2.41166039129575
t20	1.96986838469137	1.96986838469137
t22	2.80756802088154	2.80756802088154
t23	5.63070999417681	5.63070999417681
t28	2.51155298569683	2.51155298569683
t29	1.6420732985385	1.6420732985385
t31	3.03682763057288	2.85415007660624
t36	4.35598076673634	3.36224458532818
t37	2.32705114392684	2.32705114392684
t46	0.00994800816767238	0.00994800816767238
t60	0.862351798396034	0.862351798396034
