taxon	fad	lad
t1	11.2348981671511	11.2348981671511
t2	4.80123874166492	4.80123874166492
t6	9.64217242912066	9.64217242912066
t7	6.15838802786056	6.15838802786056
t8	1.92896482435498	1.92896482435498
t10	4.60086327002548	4.60086327002548
t13	12.4145611190706	12.4145611190706
t14	11.5058955349808	5.00380885646091
t15	6.06202412721113	5.37399568082797
t16	4.28634077016487	4.00110512677803
t17	1.92129765240158	1.63142532644476
t19	7.7912825508167	7.7912825508167
t20	0.62662290659695	0.62662290659695
t21	4.71390789159535	4.71390789159535
t25	4.15325375287827	3.12069354163328
t27	6.99668849100587	6.99668849100587
t28	5.72640355379975	3.42053521422261
t29	4.18595736416703	4.18595736416703
t30	4.08796859382188	0.408794050463491
t32	5.06810132988441	5.06810132988441
t33	5.50546570550599	0.303494400465041
t34	6.42266356729892	6.42266356729892
t38	0.143121759533674	0.143121759533674
t40	0.31335433834829	0.31335433834829
t43	2.53717442935466	2.53717442935466
t44	1.02598212922646	1.02598212922646
t46	0.726102310323888	0.726102310323888
t50	1.92595875483096	1.92595875483096
t56	2.14634030796045	1.99034839354277
t57	1.89783731097853	1.89783731097853
t59	6.05723936714928	6.05723936714928
t62	3.12398839258735	3.12398839258735
t69	0.871641502848775	0.816445217600972
t72	3.87614988674753	3.87614988674753
t73	1.04538173548514	0.334986626576729
t79	2.63947865001387	1.78219958829342
t80	1.54633754823702	1.54633754823702
t89	3.15718993727805	3.15718993727805
t92	5.80432562761704	5.80432562761704
t93	4.38501816226244	4.38501816226244
t96	0.47008587160401	0.47008587160401
t103	3.56050971909268	3.56050971909268
t104	1.26545018106725	1.26545018106725
t111	4.07713867966715	4.07713867966715
t112	2.49494173064973	2.49494173064973
t113	0.565862239948743	0.565862239948743
t118	4.90669819550483	4.90669819550483
t134	1.7033999881751	1.7033999881751
t140	0.985290325698042	0.985290325698042
t141	0.194894425381424	0.194894425381424
t145	2.7454475879652	2.7454475879652
t150	0.270672162446747	0.270672162446747
t152	0.323538699965258	0.323538699965258
t157	1.91933636590896	0.451067734468737
t159	0.0559100527454817	0.0559100527454817
