taxon	fad	lad
t1	6.62741759833979	6.62741759833979
t2	14.6681476339235	14.6681476339235
t3	11.7667993718296	1.85244362935356
t7	12.3904500499193	0.624752471133686
t8	8.42522892358337	8.42522892358337
t10	11.1800741938062	11.1800741938062
t13	4.96220416229155	4.96220416229155
t14	5.65794847930067	5.65794847930067
t15	7.67698570510128	7.67698570510128
t21	4.3676361506501	3.26801226705072
t26	8.4260056272624	3.7561336049975
t27	6.55925498086247	3.76444143916699
t31	1.2543206849166	1.2543206849166
t43	2.51302787990771	2.51302787990771
t48	0.320294066923104	0.320294066923104
t49	2.46387610787923	2.35612733828811
t53	7.07668686948506	2.66924947615579
t57	5.45694678094787	5.45694678094787
t59	1.22349888510187	1.22349888510187
t65	4.04393801096309	2.91241444743652
t66	4.50652265718399	4.50652265718399
t70	9.75734859168782	4.46818822458639
t71	3.72150471943712	3.72150471943712
t78	10.1322098413088	10.1322098413088
t79	9.52351776639345	9.52351776639345
t83	1.6345786820652	1.6345786820652
t90	2.56128657838802	2.56128657838802
t91	0.316993359586586	0.316993359586586
t95	5.30942335885033	5.30942335885033
t97	1.55208571390349	0.621103970754028
t102	4.20460169472227	4.20460169472227
t106	0.441702184239297	0.441702184239297
t109	2.58796115174872	2.58796115174872
t110	3.08821076879085	0.43504682551119
t111	7.21489255556468	7.21489255556468
t113	0.878879416212818	0.878879416212818
t116	2.17939444399337	2.17939444399337
t117	1.35749671388816	1.28426296502446
t119	5.24879015414962	0.0723810642660077
t120	3.95232435214319	3.95232435214319
t121	6.08712973283662	4.58602554841025
t122	6.41512147413974	6.41512147413974
t124	1.52586849514182	1.52586849514182
t128	1.27797963614781	1.27797963614781
t159	2.37230057279307	2.37230057279307
t161	1.85141861647664	1.85141861647664
t165	2.23958262288075	0.724196243781261
t166	3.44016888880835	3.44016888880835
t169	5.85860603893977	5.85860603893977
t172	3.32748410166959	3.32748410166959
t189	6.37408918741152	4.27794288418249
t192	7.07333227554057	7.07333227554057
t197	2.98452710226436	2.98452710226436
t201	2.90666307130778	2.90666307130778
t205	1.30790031774185	1.30790031774185
t216	0.0839023426616201	0.0839023426616201
t232	1.25073774158414	1.25073774158414
t235	1.35823798862207	0.540894097955107
t237	0.0916296811143091	0.0916296811143091
