taxon	max_age	min_age
t1	15.667371773161	15.667371773161
t2	2.39126698818878	2.39126698818878
t3	8.07175225217609	1.34944063895951
t5	7.95512274015619	7.95512274015619
t7	10.5432258441899	6.90278844329007
t8	4.1902689703443	3.56591840485865
t9	1.21682589124786	1.21682589124786
t15	3.98311392521138	3.98311392521138
t20	0.693901716537706	0.693901716537706
t22	2.02417015695762	2.02417015695762
t26	3.07509638842027	3.07509638842027
t28	1.79959635175858	1.79959635175858
t30	6.10052205823295	1.73408550411396
t33	2.32592015382492	2.32592015382492
t35	2.89272808695068	2.26897677166243
t37	5.21616310820965	1.31283201285688
t39	1.31836550250436	1.23165292605544
t42	1.18960663062031	1.18960663062031
t47	4.87108865530745	4.87108865530745
t48	1.07632902073568	1.07632902073568
t50	2.52818050388523	2.52818050388523
t52	1.30319254247063	1.30319254247063
t57	1.02947470936884	1.01427274786593
t60	0.454709999721789	0.454709999721789
t67	0.53418017462722	0.53418017462722
t72	1.96181762735331	1.96181762735331
t74	4.73013717581039	4.73013717581039
t78	1.05420994343151	0.970201763356563
t89	2.17490876037452	2.17490876037452
t98	2.20948736893218	2.20948736893218
t107	0.797253247937093	0.797253247937093
t111	0.928274263065823	0.928274263065823
