taxon	max_age	min_age
t1	18.5266010356343	9.0062139477788
t3	8.88223650283932	0
t4	8.0177174110439	0
t5	10.5016035815668	8.57768551520618
t8	5.27810383399141	5.15367599256468
t9	5.06794655857993	5.06794655857993
t10	0.493143120107302	0
t12	7.93503795315931	7.20896880068937
t13	7.27554911552957	0
t14	0.740682966413598	0
t16	7.76068563185724	0
t17	5.12537183788697	0
t19	3.13595632156041	0
t20	2.33156986531039	0
