taxon	fad	lad
t1	1.74402017230367	1.74402017230367
t2	17.2418751242256	17.2418751242256
t5	5.08484630206934	5.08484630206934
t6	7.20465075615289	7.20465075615289
t8	16.3404772105312	7.86246181937512
t9	9.79337685030135	6.47087338247259
t10	11.1092010416797	11.1092010416797
t15	5.01682146896914	4.8504299202685
t18	0.59590342808103	0.59590342808103
t21	2.9860319507477	0.376641616479795
t23	12.4878441179799	12.4878441179799
t24	10.5647599557398	10.5647599557398
t27	0.957094740965619	0.957094740965619
t31	7.51253737536768	7.51253737536768
t33	0.143697423670051	0.143697423670051
t34	3.74873121001657	0.722748345107675
t38	3.22591233900588	3.22591233900588
t39	2.49095416024602	2.49095416024602
t42	1.22407727691593	0.369441973075894
t46	2.64174534694569	2.64174534694569
t47	2.55274216812272	2.55274216812272
t49	2.29652468689782	2.29652468689782
t58	9.50462431853375	8.28684649171046
t62	5.02446161301672	5.02446161301672
t70	1.5398247686732	1.5398247686732
t72	0.691202518480548	0.691202518480548
t73	3.67478710783804	3.67478710783804
t79	8.30065004646818	8.30065004646818
t83	0.550214692105452	0.550214692105452
t97	2.95966621052011	2.95966621052011
t103	4.12517676617334	2.23759755560452
t105	1.19784614599437	0.558050688422828
t121	2.2786318064308	2.2786318064308
t123	0.982904437692984	0.982904437692984
t129	0.327958144523006	0.327958144523006
t141	3.62391943293841	3.62391943293841
