taxon	max_age	min_age
t1	16.7715935374038	16.7715935374038
t2	13.352592964512	12.9395519987164
t3	12.7959283783088	10.3487081375891
t4	6.83407026999914	6.83407026999914
t9	16.15263087972	1.33524386703597
t10	6.75077509721638	6.75077509721638
t11	5.15979501338325	0.763890486337466
t17	5.52249905852467	5.29190978763981
t18	1.32359253925471	1.32359253925471
t22	12.4915250629582	12.4915250629582
t27	4.42795362625704	1.52174381528556
t28	13.1315175221552	0.853379109251083
t31	0.2791431731922	0.2791431731922
t33	10.5963145222455	5.82696445063243
t34	6.42202986974913	0.436497490404207
t37	10.7602030795787	10.7602030795787
t39	0.874870270508904	0.874870270508904
t43	4.38800478118401	4.38800478118401
t46	0.558779642015164	0.558779642015164
t51	1.97067009420609	1.97067009420609
t52	0.754415634320097	0.754415634320097
t56	0.781381317640701	0.781381317640701
t57	5.14006527527843	5.14006527527843
t64	10.7179108126261	4.06037842428169
t65	8.94714890668801	8.94714890668801
t74	3.56903696781045	3.56903696781045
t81	0.916449484813612	0.916449484813612
t86	4.98783633342874	4.98783633342874
t95	2.68321078381472	2.68321078381472
t104	0.390625166282099	0.390625166282099
t106	11.1009034792855	3.34000496235933
t108	6.45206848277837	6.45206848277837
t111	2.47068890391041	2.47068890391041
t113	1.69566432556046	1.69566432556046
t114	0.0850272999468231	0.0850272999468231
t117	3.24687210975	3.24687210975
t121	4.25869756283099	4.25869756283099
t127	8.40337836768224	1.70570847697302
t144	1.56066618012488	1.56066618012488
t153	0.71903929440747	0.71903929440747
t155	6.64636759984081	3.83330330577864
t157	6.93787033066973	4.85174279923933
t163	7.42823477466429	3.08691767141993
t170	4.44325832968048	3.63177327033413
t174	0.144043329033678	0.144043329033678
t176	5.26392515402033	1.34157757549064
t178	0.999354072242781	0.999354072242781
t189	1.4466263338877	1.4466263338877
t207	2.87150397550315	2.8036628059056
t212	3.39043565058206	3.39043565058206
t218	2.26912884217781	2.26912884217781
t219	6.80700483556274	6.35580624743733
t221	0.3159415308231	0.3159415308231
t222	0.563255980533249	0.563255980533249
t228	3.83419327156815	3.83419327156815
t241	0.414487765457171	0.414487765457171
