taxon	fad	lad
t1	19.3720640098062	19.3720640098062
t4	13.0641159733063	1.13613977083371
t5	12.1278979000251	12.1278979000251
t6	9.71965463440129	6.2906238863171
t10	6.55436291023278	4.47609734385395
t11	10.039439391791	9.49222841717222
t18	11.7307943299339	7.56968869165858
t22	0.317397940128807	0.317397940128807
t24	9.07099067254252	9.07099067254252
t25	7.56589073929407	7.56589073929407
t26	9.77284463275964	6.5595125701725
t29	5.99240973040426	5.99240973040426
t31	3.28930504931037	3.28930504931037
t32	6.19351167554812	6.19351167554812
t33	4.98589705208435	4.98589705208435
t34	0.852387170429928	0.852387170429928
t35	3.70430980836757	3.70430980836757
t39	1.85718417693757	1.85718417693757
t45	1.81824286253337	1.81824286253337
t62	0.225126396297338	0.225126396297338
t64	1.20369127725923	1.20369127725923
t70	3.14217219087191	3.14217219087191
t79	0.324874026975841	0.324874026975841
t82	2.05231836082119	2.05231836082119
t83	1.13573789589978	1.13573789589978
t84	2.07108224336886	2.07108224336886
t89	1.65078543084497	1.65078543084497
