taxon	max_age	min_age
t1	19.8155305599467	3.92273984020073
t2	13.3056630226632	13.3056630226632
t3	6.20151415678495	6.20151415678495
t6	7.9904963825984	3.84782989327578
t8	1.06308961201935	1.06308961201935
t12	14.6520215363718	7.49560685847158
t16	6.97665491200516	6.97665491200516
t18	4.30613900233963	3.53739528150269
t19	3.71435343205805	1.66271804977471
t20	0.603937099177394	0.603937099177394
t22	0.194041027045035	0.194041027045035
t25	0.571467228313082	0.571467228313082
t27	0.544164420181151	0.544164420181151
t31	0.437421870527544	0.437421870527544
t32	12.9222669991602	1.39772483091691
t33	9.90984410539787	9.90984410539787
t34	10.7271561459107	10.7271561459107
t35	6.75309860049442	1.06139452533429
t37	11.910035649138	11.910035649138
t38	9.64771918390721	9.64771918390721
t44	2.74234575150204	2.74234575150204
t53	2.55598319608774	2.55598319608774
t58	11.1328334206986	11.1328334206986
t59	5.40156691344055	5.40156691344055
t60	3.54131228269482	2.31059867402011
t63	0.538024890486238	0.538024890486238
t73	3.91587959659662	3.91587959659662
t77	3.19837269860815	3.19837269860815
t82	4.93137283081047	4.93137283081047
t96	4.91207820372256	4.91207820372256
t101	3.76588235883352	3.76588235883352
t103	1.33606117585186	1.33606117585186
t104	1.68548191402801	1.16917358588028
t108	2.57256130436706	2.57256130436706
t110	6.19604517619541	6.19604517619541
t113	1.44493212325523	1.44493212325523
t127	10.3026169931531	1.47841321518742
t128	3.09017265101159	3.09017265101159
t132	5.30174155400236	3.11242547032525
t135	3.07409722117387	3.07409722117387
t136	2.2356483503868	2.2356483503868
t138	0.193422998321036	0.193422998321036
t141	4.84336158552497	4.84336158552497
t148	0.631427989081939	0.524616976495039
t150	1.165121544514	1.165121544514
t151	3.0637419900166	3.0637419900166
t152	4.23933032678982	4.23933032678982
t153	5.9977984171641	5.9977984171641
t154	5.79881851982101	4.9805733184494
t158	2.20186640437024	2.20186640437024
t164	1.32996956255207	1.1099091302223
t187	0.506493228041137	0.506493228041137
t194	1.03267995681546	1.03267995681546
t213	4.40099889374495	4.40099889374495
t221	4.48424200300734	4.48424200300734
t227	0.816153051384845	0.816153051384845
t228	4.23235565797255	3.59066765856582
t229	2.23072238863457	0.543432112052344
t231	0.425480089677976	0.425480089677976
t241	0.433924405431853	0.433924405431853
