taxon	max_age	min_age
t2	12.8791797487065	9.5524682983563
t4	7.07545009165552	7.07545009165552
t5	9.37119917084534	8.42084752996869
t6	2.69056021908797	2.69056021908797
t7	0.93075642908385	0.93075642908385
t12	3.11568751936582	3.11568751936582
t15	4.63291862217432	4.63291862217432
t19	6.56696947711548	6.33213045029929
t20	3.42388390790477	3.42388390790477
t21	3.02786068534672	3.02786068534672
t26	10.1052862949048	10.1052862949048
t27	8.57537039074883	8.57537039074883
t31	5.41077159810811	3.18273121543433
t32	2.21942623167904	2.21942623167904
t47	4.86236976063203	4.86236976063203
t48	1.94085326829342	1.94085326829342
t51	6.2030238935827	6.2030238935827
t53	1.79383191731714	1.79383191731714
t54	9.95408051770109	9.95408051770109
t55	7.18018127639983	0.543321385394968
t56	2.89894713636712	1.47740377195403
t61	2.76431170644648	2.76431170644648
t69	2.54161554599935	2.54161554599935
t70	8.23785314350422	8.23785314350422
t77	1.17631937548225	1.17631937548225
t79	3.82743674654857	3.82743674654857
t81	1.70306294431358	1.70306294431358
t84	2.02300687675863	2.02300687675863
t87	2.1511977087892	2.1511977087892
t88	1.06520027383536	1.06520027383536
t105	0.688577338169363	0.187283700379577
t110	2.938982049375	2.938982049375
t116	0.438759909621709	0.438759909621709
t122	5.12193366466784	5.12193366466784
t123	3.72167982367916	3.72167982367916
t125	2.66849050773646	2.66849050773646
t126	1.825199136607	1.825199136607
t136	2.31290726025831	2.31290726025831
t137	5.74129852760826	5.74129852760826
t139	2.41606430040558	0.767763945881949
t140	2.11249645144184	2.11249645144184
t160	4.58148016288936	3.00323613613904
t162	3.67810141444811	3.67810141444811
t174	1.12361176128123	1.12361176128123
