taxon	fad	lad
t1	16.9047624384984	10.2110816945492
t6	1.31452732322191	1.31452732322191
t10	2.91527327003823	2.91527327003823
t12	7.76586252365765	7.76586252365765
t15	1.54846154988689	1.33504476078132
t17	5.25294598908009	5.25294598908009
t20	4.32150059904539	4.32150059904539
t21	2.24081823506339	2.24081823506339
t27	0.061531093510169	0.061531093510169
t28	0.480556783828387	0.480556783828387
t31	5.17544739617086	5.17544739617086
t34	7.88574343084453	7.88574343084453
t42	3.8353098065618	3.8353098065618
t48	1.52011970090018	1.52011970090018
t59	1.25278195550837	1.25278195550837
t71	3.25460271098235	2.55455301753561
t74	2.05317586198327	1.75954908601817
t81	0.240140647909371	0.240140647909371
t88	0.251629821927676	0.251629821927676
t89	2.20199451197442	2.20199451197442
t90	0.68148402013632	0.68148402013632
