taxon	max_age	min_age
t1	12.240670407611	12.240670407611
t2	5.07136063395822	5.07136063395822
t4	0.26985551152444	0.26985551152444
t8	0.106611277658743	0.106611277658743
t10	16.7254036041744	16.7254036041744
t11	11.6821336324784	1.22735890070824
t12	12.214303457255	9.68748424954939
t13	2.96036687756644	2.96036687756644
t19	7.93692499142974	7.93692499142974
t25	10.8577334693628	7.39726545745457
t26	3.02391685394863	3.02391685394863
t32	0.00717766174055967	0.00717766174055967
t36	4.52191746330948	1.05589689860607
t38	2.52938889901282	2.52938889901282
t41	6.87938324307629	4.44753630655564
t42	10.2431218525542	10.2431218525542
t43	8.96897524882335	8.96897524882335
t56	4.9324248281461	4.9324248281461
t57	2.71095180408507	2.71095180408507
t60	6.01197552413883	6.01197552413883
t61	5.61723783447667	5.32616765073761
t64	3.78568094719991	3.78568094719991
t65	7.96077206086692	7.96077206086692
t79	1.28537888451115	1.28537888451115
t80	4.23662997717483	4.23662997717483
t82	1.85608388859404	1.85608388859404
t83	0.633164313528184	0.514121479261163
t84	0.910972040192984	0.910972040192984
t85	0.642573553510591	0.642573553510591
t90	1.31443322879585	1.31443322879585
t111	0.79294281046753	0.79294281046753
t117	0.685808699322003	0.685808699322003
t127	3.17864628234578	3.17864628234578
