taxon	fad	lad
t1	19.3187944591045	3.99770030328172
t2	11.4519032777718	4.37609197992824
t5	8.15259861064674	8.15259861064674
t6	1.80824858737848	1.80824858737848
t10	2.86565859735495	1.04215524248656
t12	2.42970453174951	2.01207564861386
t13	1.27616383709453	1.27616383709453
t16	12.3035689349147	7.28054901918084
t18	6.2976182866055	6.2976182866055
t19	0.848781460220192	0.848781460220192
t20	3.48445443857334	3.48445443857334
t23	1.4930969430993	1.4930969430993
t28	7.54368145846274	5.46103414975551
t30	8.54043803675902	7.90856029591451
t31	0.94951200603349	0.94951200603349
t40	1.70222282679548	1.70222282679548
t42	3.20773876943073	3.20773876943073
t50	1.78851261964748	1.78851261964748
