taxon	fad	lad
t2	7.50029404464462	7.50029404464462
t3	11.0334479461725	11.0334479461725
t5	10.7843260942639	4.00242114953218
t6	0.317984479619923	0.317984479619923
t7	5.1459111104788	5.1459111104788
t8	4.03162788311706	3.52773347115831
t11	8.97039331919454	8.97039331919454
t12	7.53549270053945	7.53549270053945
t15	10.3450986131528	0.571924925685636
t22	6.11810732645651	6.11810732645651
t40	0.342245066088381	0.342245066088381
t45	2.51808549235515	2.51808549235515
