taxon	fad	lad
t1	16.1121720960364	16.1121720960364
t4	7.11676782645063	0.126150698187036
t5	6.05808868605975	6.05808868605975
t7	2.95238972929145	2.95238972929145
t10	0.218818156145375	0.218818156145375
t12	8.9903041163973	8.9903041163973
t17	6.72672426577788	6.72672426577788
t20	3.65036972268393	3.65036972268393
t21	1.2839884648811	1.2839884648811
t22	1.94597454209207	1.94597454209207
t23	1.66127378178295	1.66127378178295
t24	1.33434725863354	1.33434725863354
t29	0.239949663600481	0.239949663600481
t42	0.762700337474751	0.762700337474751
t46	3.33492015360176	3.33492015360176
t51	1.84135940795259	1.84135940795259
t60	0.85604367145039	0.85604367145039
