taxon	max_age	min_age
t1	16.4551400346681	16.4551400346681
t2	17.5791987373183	14.3448029533227
t5	11.9144130668913	11.9144130668913
t8	9.87249932370255	9.87249932370255
t9	1.1587778659804	1.1587778659804
t10	0.993730807144768	0.993730807144768
t11	4.61259220413215	4.61259220413215
t13	8.17915994444868	5.6123824348115
t19	7.24315908154772	0.937927572919627
t24	5.77539062422427	5.77539062422427
t26	0.130539831063917	0.130539831063917
t30	7.36421849809512	7.36421849809512
t35	3.88865857265438	3.88865857265438
t37	4.76692384384944	4.2276787119091
t38	7.80603162823861	7.80603162823861
t42	2.87725088032512	2.87725088032512
t46	1.94132389713798	1.94132389713798
t47	12.9036184741556	12.9036184741556
t49	8.91266576649344	8.91266576649344
t52	4.98141569382042	1.37239293957591
t53	5.1043278633665	3.70224838173498
t56	1.54743337542707	1.54743337542707
t59	6.8927198317487	6.8927198317487
t60	5.07026836057546	5.07026836057546
t65	0.0799966440656661	0.0799966440656661
t72	1.10621934990349	1.10621934990349
t77	12.2938931553454	7.68259259469961
t78	8.22902795959187	8.22902795959187
t90	1.01809099578056	0.179443743831847
t105	1.96345797051072	1.96345797051072
t106	0.683892249218516	0.683892249218516
t109	1.63936786329182	1.63936786329182
t113	2.16452576361272	2.16452576361272
t116	5.14513255638606	5.14513255638606
t118	1.36644762708466	1.36644762708466
t123	3.6377423464345	3.6377423464345
t124	0.146438032019987	0.146438032019987
t127	2.4486277604445	2.4486277604445
t131	2.48140821733175	2.48140821733175
t132	1.35136966412169	1.35136966412169
t139	1.33631412166957	1.33631412166957
t148	3.48582776263332	3.48582776263332
t150	1.09283916122575	1.09283916122575
t161	0.187074639628353	0.187074639628353
t162	1.77116494254559	1.77116494254559
t163	0.70781875824634	0.70781875824634
