taxon	first_age	last_age
t1	27.6804503023783	19.1827651022198
t2	25.7030665555368	15.1649370498801
t5	20.0409020676737	20.0409020676737
t8	17.5841273076691	16.5865011592824
t9	18.361072557894	8.26232700018437
t11	16.8701050163015	15.0568561949474
t12	6.02339663333817	0
t14	5.3449890934555	5.3449890934555
t15	15.0791108175711	0
t16	5.62807977583105	0
t19	3.38458677021574	0
t21	1.69689113676734	0
t24	0.120831877322185	0
t27	5.32470912122443	0
t28	1.93179429937115	0
