taxon	max_age	min_age
t1	28.7363625201397	18.5948982354372
t2	22.4828116197462	22.4828116197462
t3	22.311473826201	21.7638275803522
t4	19.3630106601924	14.0964477778997
t5	20.4033234436261	12.2960429379458
t6	21.6008369800288	14.7179282872556
t7	19.4104624610185	16.119445064875
t8	8.8364017936699	8.13778446588915
t11	4.11582172667638	0.594089030583479
t12	0.232720265884879	0.183872627156653
t13	0.323692714121822	0.323692714121822
t16	1.94840589991324	0.63978557462357
t17	0.600637573534243	0.600637573534243
t14	0	0
t18	0	0
t19	0	0
t20	0	0
t21	0	0
t22	0	0
t23	0	0
t24	0	0
t25	0	0
