taxon	max_age	min_age
t1	27.989323566738	26.5116339086792
t2	26.3796246850218	18.6730264214484
t5	21.2703049253532	8.81277523533571
t6	7.29995816949038	0.434161729134466
t7	7.17197697985558	5.77755525152771
t8	5.01909574725189	5.01909574725189
t9	3.08665619043016	3.08665619043016
t14	3.99766793142331	0.868213944179509
t16	2.18977174233797	2.18977174233797
t17	0.440447277979128	0.440447277979128
t18	4.11947163782999	0.954893385463023
t19	1.66106090000241	1.66106090000241
t26	4.31815844184965	0.12639422955743
t28	0.816011981186392	0.816011981186392
t33	4.01119832207851	0.955103927186769
t34	3.63343069782961	0.0870651100675524
t35	0.900441597744091	0.900441597744091
t37	0.68830630677871	0.322231642726134
t39	0.332167374981214	0.332167374981214
t42	2.02999736207065	0.496425685620935
t43	0.977094060294515	0.977094060294515
t51	1.21005784561773	0.0346753827304411
t55	0.98186783410122	0.98186783410122
t11	0	0
t12	0	0
t13	0	0
t20	0	0
t21	0	0
t22	0	0
t23	0	0
t24	0	0
t25	0	0
t27	0	0
t29	0	0
t30	0	0
t31	0	0
t32	0	0
t36	0	0
t38	0	0
t41	0	0
t44	0	0
t45	0	0
t46	0	0
t47	0	0
t48	0	0
t49	0	0
t50	0	0
t52	0	0
t53	0	0
t54	0	0
t56	0	0
