taxon	first_age	last_age
t1	8.72409216187679	8.72409216187679
t2	6.83479937893993	0
t3	7.24789513679058	0
t4	5.95963142595401	0
t6	1.90822311945506	0
t7	1.42469917301188	0
t8	5.34401951992607	5.2248490106473
t9	2.68801244003765	0
t10	0.258224887743014	0
t11	6.72002585939453	6.17112833765936
t12	2.53724105725175	0
t13	3.21002806630443	0
t17	1.89417838681617	0
t19	0.949844549827525	0.949844549827525
t20	0.73394285609867	0
t21	1.93464798089741	0
