taxon	first_age	last_age
t1	9.08603927431007	0
t3	7.686204084768	0
t4	6.57354452587476	6.57354452587476
t6	4.79688789109469	3.0755940114218
t11	2.841223320084	0
t12	0.360829922715283	0
t13	0.203643844744114	0
t14	2.00921746080507	0
t15	2.95570966151734	0
t16	0.074785160376523	0
t18	0.408440367003138	0
