taxon	first_age	last_age
t1	9.89399979449941	0
t2	8.40462449861895	0
t3	2.27482493684383	0
t4	6.56415577046573	0
t7	2.26886856849339	0
t9	0.562258151632188	0
t10	1.34883154815363	0
t12	3.42337750962563	0
t14	2.19029240324195	0
t17	1.42437808372527	0
t19	1.12885145351561	0
t20	0.154384584395334	0
t21	0.884230259866955	0
t27	0.316683997850577	0
t28	0.123651552662089	0
t29	0.663295304856666	0
