taxon	first_age	last_age
t1	6.54783311003542	0
t2	7.55661855917424	7.55661855917424
t4	7.25033407875647	7.25033407875647
t5	2.17180938972169	0
t6	6.68219278566539	0
t7	5.83026930317392	0
t8	5.45552342757692	5.45552342757692
t12	1.5763859680897	0
t16	2.3259858528292	0
t18	5.49257956018759	3.35170569544003
t22	4.17777455739405	0
t23	2.47982828904548	0.981230708926525
