taxon	first_age	last_age
t1	7.932381972981	7.23414170762879
t2	6.28118952174163	0
t5	1.94198931513845	0
t6	0.321607302777942	0
t8	3.31351577431355	0
t9	2.85985313795998	0
t10	0.483836247329855	0
t14	1.92591190583555	0
t15	0.282004970900841	0
t17	1.34995687572156	0
t19	4.23684418423462	4.23684418423462
