taxon	first_age	last_age
t1	2.16042900499987	0
t2	7.57502860079209	0
t3	8.0901884737735	6.03396733446668
t4	6.15486502181739	4.48897349803398
t9	0.941000656747493	0.941000656747493
t10	0.988777235462981	0
t12	5.98868409947803	0
t14	3.93667218275368	3.8031672888125
t16	3.98313794285059	3.98313794285059
t17	3.82893068231664	3.82893068231664
t21	2.28636354673654	0
t23	0.0761245678972209	0
t26	1.89456392079592	0
t29	0.61736247976331	0
t31	0.421257798333547	0
t32	0.595608922975494	0
