taxon	first_age	last_age
t1	7.79230505848924	7.79230505848924
t2	2.53750078563334	0
t4	6.46461805776095	6.46461805776095
t5	3.22664738787959	0.291747289779522
t6	2.94502232938835	0
t7	6.03635905310512	0
t8	3.46738667007387	3.46738667007387
t10	0.511154987508474	0
t12	1.894750665082	0
t13	1.69993044201628	0
t15	2.95954377439839	0
t17	2.13658933662631	0
t18	2.54026699349074	0
t22	1.1167159063032	1.1167159063032
t24	1.18803463120505	1.10597843790297
