taxon	first_age	last_age
t1	7.12449234672987	7.12449234672987
t3	4.62781715071074	0
t5	0.755345517568665	0
t7	6.73935205807552	4.83577186059649
t8	5.10506918602039	2.78060838542328
t10	1.81853594072475	0
t12	4.32859829633312	0
t14	2.99453446520275	2.8799580336148
t19	3.46321500211273	0
t22	0.933413980823442	0
t25	0.491463508920999	0
