taxon	fad	lad
t1	8.6616115879524	4.13085535092192
t3	7.03650631320973	3.29892703968838
t4	5.14077272654201	4.24381518775287
t5	6.31185871315016	2.17449382644905
t6	4.10211040987633	4.10211040987633
t8	3.00620171188394	2.71709618041626
t11	3.31468063423553	3.31468063423553
t12	0.582147554394044	0.582147554394044
t13	1.86329469224702	1.34523135855937
t14	1.74938473899816	1.74938473899816
t16	0.0754305552041057	0.0754305552041057
t18	0.94024847818882	0.94024847818882
t19	1.48344615318863	1.48344615318863
