taxon	fad	lad
t1	7.60576155181244	1.68350909560526
t2	8.11265870690785	7.50541985961116
t3	1.1822477950327	1.1822477950327
t5	3.88547450570656	0.763023997268444
t7	7.99677717305409	0.48128340929278
t8	5.64987911350413	2.76678438038885
t9	6.00256031380717	1.80384266168026
t10	4.21354310405139	2.16156728440658
t12	3.93365161115765	3.33810638142279
t14	0.361022355606794	0.361022355606794
t17	1.44557574406923	1.44557574406923
t19	6.68161031054394	5.17334443596253
t21	2.19955644000331	1.07923491788114
t24	2.3674443109338	1.82655111259524
t27	1.44569016783019	1.44569016783019
t29	1.12000747300705	0.24084836164473
t30	2.91188588903485	0.0997178439376007
