taxon	fad	lad
t2	8.67051366097798	5.76900777714713
t3	7.9291659706117	1.03983183686289
t4	7.19725440506566	1.02349255050117
t5	4.36446776051735	0.624747349323496
t6	3.67747341031585	2.82098724488545
t7	2.18145388781159	1.10598469639263
t8	2.41773662935264	2.41773662935264
t9	6.79651132996248	6.79651132996248
t10	1.27630524266321	1.27630524266321
t11	1.79060691898511	1.79060691898511
t14	3.35227296769215	3.35227296769215
t15	1.8995337311879	1.8995337311879
t16	4.04998397898914	0.219330926359877
