taxon	max_age	min_age
t1	9.11837184568867	4.60353573106745
t2	7.96359741711058	7.96359741711058
t3	6.13277190248482	0.5030299073323
t4	6.00512243264044	3.48596402008022
t5	3.15815704663352	3.15815704663352
t6	2.28157086661119	0.533584460020283
t8	6.28234334096002	0.75765944106138
t9	0.419026648405122	0.193073734653296
t11	0.480223426541325	0.480223426541325
t13	4.04995756472442	0.220875352067299
t15	1.26505301236863	1.26505301236863
