taxon	max_age	min_age
t2	7.5513978008377	5.51227755336716
t3	7.13132442124295	0
t4	4.3867844728055	0
t8	4.05260621992701	0
t11	4.80420492431822	4.80420492431822
t13	2.73134575920701	2.73134575920701
t17	2.8582330530706	2.8582330530706
t18	0.167588884552076	0
t19	3.29517163398256	0
t21	4.6757803224286	0
t31	2.31439954784576	0
t32	2.06529509400313	0
t33	1.82162645586531	0
t44	0.0717008630680809	0
