taxon	fad	lad
t1	8.14913551738178	3.47388539157222
t2	8.11955601209775	3.14444407115298
t4	6.6648720714117	0.469045994405873
t5	4.3523492310512	0.961358316379304
t6	2.89943275843724	2.89943275843724
t7	6.93905645479789	2.29920071164487
t8	1.63494179456161	1.63494179456161
t9	3.04340171494088	3.04340171494088
t10	5.4976469120895	4.54359475110845
t12	1.75050200893076	1.75050200893076
t14	6.039137893671	6.039137893671
t17	3.65438745070356	0.552128068668686
t18	0.211937718814664	0.211937718814664
t19	1.71042956525385	1.42749852614402
t21	2.37787915514138	2.37787915514138
t23	3.76634849994526	0.59021556257672
t24	5.68239811611715	5.68239811611715
t26	3.53719862543899	0.670806591908381
t27	2.35532906591214	2.35532906591214
t28	2.24196150422467	1.06603772254117
t34	3.28892411095557	2.72781933737089
t37	1.81760139274366	1.81760139274366
t38	2.02501988169124	2.02501988169124
t39	1.35804310167322	1.35804310167322
t41	3.91290463213338	3.55787318837358
t46	2.04084502200436	2.04084502200436
t47	0.771340481160449	0.771340481160449
t52	0.00587177323340171	0.00587177323340171
t54	2.18739394056726	2.18739394056726
