taxon	fad	lad
t1	9.91713757393882	2.68403333420965
t2	8.88642114518375	8.7888436094036
t3	5.3977877043611	2.64680771423338
t4	3.03502612770112	2.51070552924587
t5	1.15321870217608	1.08673036121747
t6	7.3325554321164	4.10132657678289
t8	2.93510811904985	0.890078283513919
t12	3.57244468860215	1.0406420117827
t13	2.97197759950421	2.97197759950421
t14	1.97338859531209	1.97338859531209
t15	1.20015974076073	1.20015974076073
t19	0.374463062407154	0.171936235064345
