taxon	fad	lad
t1	8.92032904434018	1.55072042613786
t2	6.59961876162982	2.22282974229953
t3	5.76465645517511	0.180923788553681
t4	4.05089598596087	3.13377892399577
t5	3.03670466901412	3.03670466901412
t6	4.3809076466969	0.710237038339994
t9	1.35649920341542	0.217147558163685
t10	2.41713934878288	2.41713934878288
t11	3.41702796453877	2.67363498038879
t12	3.10229959871577	2.12141380205711
t14	0.942339385374842	0.942339385374842
t18	1.32971050358606	1.32971050358606
t22	1.36523887415858	1.36523887415858
t28	2.32109863402945	0.868243299493681
t29	1.67989639939037	1.67989639939037
t30	0.174534598450231	0.174534598450231
t31	0.844348151611927	0.844348151611927
