taxon	fad	lad
t1	6.5398277459785	6.5398277459785
t2	7.17300872377517	7.17300872377517
t3	6.35356143885016	2.48458874019266
t4	7.30504047620402	4.91152465256223
t5	5.49657175478474	2.68858742376031
t6	3.82811697186853	0.476832643591091
t7	5.43874593443582	1.09448557838469
t10	1.11856539638061	1.11856539638061
t11	4.04991961337486	0.289312289299907
t12	3.07505506915662	1.16849121181916
t13	1.43681193877446	0.126196449282268
t15	3.72699260257477	2.12803356710182
t17	3.96382834831908	1.12042574661761
t18	5.08259120689171	4.58077186195577
t19	2.84954672251994	2.84954672251994
t24	1.92093271598875	1.92093271598875
t26	3.8176805901332	0.107972504721754
t27	0.967467527261331	0.921844336131688
t32	1.09141353198221	0.66477725489785
t33	0.583638026831231	0.181473059535813
