taxon	max_age	min_age
t1	2.0905990530281	0.716597005213675
t2	6.95888632530915	6.17393595603863
t3	2.38753390688687	0.392112437163604
t4	1.63595838708924	1.63595838708924
t7	7.08683736505918	0.10315702400635
t11	4.76027069262766	2.56851279535194
t12	0.719881568118186	0.508589221178742
t14	1.11745305629674	0.924582402596654
t15	5.70665708336459	5.70665708336459
t18	1.47557292209854	1.42588596531222
t22	1.11486794444414	1.11486794444414
