taxon	max_age	min_age
t1	6.39236702044066	6.32093342482358
t2	8.11974201284871	1.084796744595
t3	4.02395765787856	3.49917232652162
t5	3.6420068079164	3.15923003254836
t6	2.96551407350419	2.96551407350419
t7	6.86203295413531	6.86203295413531
t8	4.24856382664348	0.700224550119728
t9	4.59138245816927	0.627217880023466
t15	0.672447956807193	0.672447956807193
t17	1.64245161979875	1.64245161979875
t21	0.556813358713455	0.556813358713455
