taxon	max_age	min_age
t1	7.69962287849319	7.69962287849319
t2	8.63649962586153	8.06408124306838
t3	8.7062457348624	7.08431140758431
t7	7.85942443597756	7.85942443597756
t8	7.15666933387734	4.19932143024121
t10	3.55339112601206	0
t11	7.33766808413394	2.23954080729453
t16	3.60353283617345	3.60353283617345
t20	4.23302376320098	4.23302376320098
t25	1.30996825908595	0
t26	2.13241615163114	0
t30	0.440572165492124	0
t45	0.302537797366879	0
