taxon	max_age	min_age
t1	9.69234856092874	6.8640127816284
t2	6.03779690635849	6.03779690635849
t3	6.80975285867259	0
t8	3.31422520959978	3.31422520959978
t10	3.51697481964468	0
t12	3.80136307553706	0
t14	1.67435361368188	0
t16	2.34748991168652	0
t17	1.30431494154819	0
t18	1.66914774214263	0
t22	3.99298999658754	0
t24	1.58464837750961	0
t29	1.35228012988962	0
t32	0.726905072701619	0.726905072701619
t33	2.07106956391426	0
