taxon	fad	lad
t1	7.91952874056321	1.27447617555743
t2	9.43502458248716	0.175609574747448
t3	8.78739940778663	0.0932783178720964
t4	2.34812159209436	2.34812159209436
t12	2.85413224581524	0.331081262378831
t13	4.58715068928728	0.399718375812155
t14	2.69607327244333	0.491234469976014
t16	0.37021271977914	0.31748418673282
t17	3.86659137104384	3.86659137104384
t18	0.213604448859691	0.213604448859691
t22	0.0145466802037149	0.0145466802037149
