taxon	max_age	min_age
t1	27.7797270923232	0.304022186214855
t2	24.4567683646262	18.2737953555425
t3	23.1910738217047	22.4971027540377
t5	13.3744372925604	2.22284030690541
t6	22.038851451101	3.90050215220527
t7	14.439029974513	5.8678498505395
t8	8.94518074452019	7.22697287993178
t10	21.8347919540303	2.26631777649867
t11	11.5805831826494	5.13764479643739
t12	10.9265827693905	0.0651877621903836
t13	12.5542372869916	5.46958662299185
t15	12.176228783374	9.35951535196678
t16	7.8233210933109	6.75640639034871
t17	5.30100469249055	1.72647571343177
t19	16.6413405492263	12.5991145970777
t20	6.74208336810658	4.09777810491111
t21	3.37797662510201	3.17677766023653
t22	2.38830966481837	1.49475464213293
t24	11.1788379777456	4.78789821617152
t25	4.7530356121885	4.7530356121885
t27	6.98790700070727	0.190855496925131
t30	4.07946276829292	4.07946276829292
t32	10.7492399143392	7.51756807876377
t33	4.77528336879866	3.81462638044195
t34	9.69347710009237	3.44186896438579
t35	2.17953997019008	1.99840375663664
t36	21.1391830682347	11.6323550840377
t37	13.2244207974589	4.28969939513397
t38	9.27576596350751	1.56682089388246
t39	15.0153058252466	1.43335646874995
t40	5.20470827886242	1.2743707975473
t41	15.3062401368386	15.3062401368386
t42	8.73672480592868	0.280593294670471
t44	11.1664376083907	8.45024283585966
t46	8.54229345498455	8.54229345498455
t47	6.01084957089445	2.53899557409701
t49	2.03044508280314	2.03044508280314
t50	0.513534719796592	0.513534719796592
t51	7.5848818103064	6.09142425608773
t52	0.511609028442294	0.170152415249337
t54	0.648601610573657	0.648601610573657
