taxon	max_age	min_age
t1	28.7300772871822	25.2808497754395
t2	25.9593129122201	22.5430048688355
t3	25.7645743242602	25.7645743242602
t4	19.4133058511686	1.91508747145983
t6	17.8214116431271	16.7207790239269
t7	17.6161029898676	16.4220129119036
t8	14.8174937243966	5.80097339773983
t11	7.70618367319608	5.67713835390124
t13	20.2770969002075	20.2770969002075
t16	9.04268679607771	9.04268679607771
t17	12.9489914356503	12.9489914356503
t18	3.51215008516699	0.119897163786437
t19	17.6232897318466	17.6232897318466
t20	9.29433876318203	9.29433876318203
t21	3.71710365672076	0.749908090068654
t22	15.3722362744914	4.93057565216679
t23	16.723920415702	15.8349022622583
t25	12.9320568321049	12.5412093028343
t26	4.8593626613702	1.63022586730675
