taxon	fad	lad
t1	25.7443290422519	22.3951354191945
t3	22.0278467588028	20.4643227164164
t4	21.066375159586	0.181698473835539
t5	21.6845478227041	5.7540137823984
t6	16.1824545675774	10.8234209604173
t9	18.8179177037851	3.81903327707411
t10	13.1616505737791	0.150183824499265
t11	9.09128209759504	0.905120668253826
t12	23.8188824970815	23.8188824970815
t13	19.8682808371982	19.8682808371982
t15	6.93297456063285	2.50559729427397
t16	10.3712204688098	10.3712204688098
t17	14.8290043427645	3.56472941711969
t18	7.89160121828368	6.49669811104785
t20	20.0351693988875	17.6990206603978
t21	18.8775079559542	10.1044809217122
t22	15.730111894469	1.73972421657859
t24	1.60814603906929	1.60814603906929
t25	9.2288127812433	9.2288127812433
t26	10.0002740600163	1.56324971459686
t28	8.96655961141008	1.64552877137803
t29	20.1102790085493	6.14921972910935
t31	17.3004990854773	15.7336403592341
t32	14.5435040762222	13.3268090081285
t33	10.3553963136677	10.3553963136677
t35	9.24315181212307	6.06573235017291
t36	2.4912481537213	2.4912481537213
t37	6.89576029750493	1.6642215148174
t38	1.97138478174142	1.97138478174142
t39	17.9531706894755	14.5775637344667
t40	11.912822188864	0.83701253077906
t45	8.60022998152704	8.60022998152704
t47	7.01361121917225	2.39182971780306
t48	0.0146932204441086	0.0146932204441086
t50	5.21853210256344	3.6297632773938
t53	4.87905834014555	4.30665554460521
t54	0.439197634576857	0.439197634576857
