taxon	max_age	min_age
t1	28.6656886758283	24.8641363905334
t2	22.0111182756827	18.8969380937474
t4	19.5848836936939	1.38219278604848
t6	19.7477304915295	0.0423399347229036
t7	14.319387698018	14.319387698018
t9	10.5408620472876	6.00423701697715
t10	22.868981432357	14.182318965751
t12	17.9946507781722	7.12007077688651
t13	16.4124337519972	11.4146555674635
t14	12.9719948297674	11.663857739822
t15	13.1580587617958	13.1580587617958
t16	12.7334115052307	11.0446839819233
t17	10.5361762506546	10.5361762506546
t18	10.1819311047608	1.14066680587755
t19	6.21357696380782	6.21357696380782
t20	19.2700085808918	12.5183191499143
t21	9.22959882058382	2.05617072764066
t23	12.3607274952488	10.3458365146524
t25	15.2623769426818	3.8653127886151
t26	11.271455838826	6.69152163745233
t28	9.94953707031356	6.56204366246842
t29	5.7409408685623	5.7409408685623
t30	9.2104807140993	0.93360121863298
t31	1.61312241756838	0.234209855022605
t32	2.58811898509618	1.64885296776847
t34	21.2062639668715	5.0867098470081
t36	6.26743020905074	0.599997401441367
t37	0.300649270498411	0.300649270498411
t39	13.9562665524171	11.4537879895546
t40	11.0638429249491	11.0638429249491
t41	8.9323202488409	3.45979785873549
t42	3.28329007549806	3.28329007549806
t43	15.0493090078517	15.0493090078517
t44	3.90852476150883	3.90852476150883
t45	1.76035130807395	1.76035130807395
t46	2.24191228113514	2.24191228113514
t47	0.437163411198703	0.437163411198703
t48	11.6677049432286	11.6677049432286
t49	11.8962428174944	11.7915191239284
t50	9.55256673820098	2.60743168178528
t52	5.15983497403563	0.422816096535293
t54	1.30783325687166	1.30783325687166
t55	2.08136950779046	2.08136950779046
t58	13.9103595527204	12.6530975820191
t59	4.96501119230573	4.96501119230573
t62	8.07439424381784	6.37480238581579
t64	7.43023061366545	4.56419451181528
t65	13.170804704975	9.15355054750229
t67	2.31346271406498	0.747927078998455
t68	5.43698405564232	4.9074411440845
t69	1.98479119408522	1.98479119408522
t71	11.8105104352465	3.90883308629361
t72	13.1704991872443	13.1704991872443
t74	13.272365264568	13.272365264568
