taxon	max_age	min_age
t1	27.8652892572184	25.2903164800415
t3	20.7900727117817	11.3438921617461
t4	8.66104260434798	8.66104260434798
t6	8.98406157700151	6.06088271498209
t7	15.163432185031	6.8507144656866
t8	17.2024803435154	7.25664824281264
t9	12.8848192801445	4.57324184899351
t10	12.4540740558054	3.07576074410927
t12	5.41678995253773	5.41678995253773
t13	14.6652822247092	14.6652822247092
t14	1.17435695113056	0.817176314443977
t15	6.18586092244475	6.18586092244475
t16	7.0246904196275	7.0246904196275
t17	2.01237398091599	2.01237398091599
t18	11.3612530786609	2.21852524219625
t19	5.86564910827299	5.86564910827299
t20	0.819768005831271	0.819768005831271
t22	13.4496401068984	13.4496401068984
t24	10.9839124892858	6.73910779355638
t27	11.7374460822295	5.19661714451601
t28	10.6647335710007	0.818369472491547
t29	10.8451883027885	2.06473904139956
t30	7.99567910154379	7.99567910154379
t32	9.17195019015805	5.96794902688478
t33	11.9466401581087	3.72095514648281
t34	11.4664973823027	9.46092485993316
t35	8.67351529207722	8.39043487601632
t36	6.28693652231649	5.90499370096033
t37	4.4885888334389	2.13779891487464
t38	6.17672465538073	1.26824658501222
t42	3.0379251062318	0.981720142445891
t43	5.10098410912735	5.10098410912735
t46	10.6842523873361	3.13364851062522
t47	7.58938200018387	0.446190009435206
t49	3.10037324413422	1.3442100589823
t51	0.27319975354445	0.27319975354445
t53	6.44957089426703	6.44957089426703
t56	4.59256530987139	4.59256530987139
t58	12.3845368267836	10.6512099722889
t59	7.10356344456049	3.18709994797722
t60	7.18856439543729	6.8794644584724
t62	6.78414961703055	6.78414961703055
t63	4.66851917556252	3.25578643929984
t65	0.522989581615679	0.522989581615679
t66	5.51122685316365	5.51122685316365
t69	2.89825416733147	2.89825416733147
t70	0.697980455812861	0.697980455812861
t71	5.51835216981334	0.255328966382699
t72	1.31775290729279	1.31775290729279
