taxon	max_age	min_age
t1	28.6930113472044	28.6930113472044
t4	19.9953298919136	5.01111442568727
t5	19.5308337275477	19.5308337275477
t7	22.4941471341251	15.940500694915
t9	5.42527541586169	5.42527541586169
t11	2.42882808657578	1.10325253555766
t12	21.0930749726582	20.1887132614641
t13	20.0126498977965	20.0126498977965
t14	21.3442701276765	14.1532142250558
t16	10.7618285051319	10.7618285051319
t19	19.9535806209977	15.7139967830276
t20	14.8826838914439	2.10273159335862
t21	20.3460659129522	19.7518906768752
t22	18.9223641496711	17.6081857983582
t24	6.63720114981108	0.608484930627384
t25	15.9369155088511	2.4535160833275
t27	13.6364632585582	0.421110973028313
t28	13.8709752524994	13.8709752524994
t29	11.1209462810345	7.5260038140578
t33	12.2207629121255	8.05294783780091
t34	12.104695192882	12.104695192882
t36	7.56260243480456	7.56260243480456
t38	14.2668102649287	12.679298082236
t40	12.9821177035179	5.5229314442808
t41	4.10224821108456	2.6214362054065
t43	4.33146070822199	4.33146070822199
t44	8.44766773342531	8.05542617423238
t45	0.911887758622921	0.696431836324788
t46	12.1945322313698	12.1945322313698
t47	10.7934356780856	3.66233532861649
t50	9.62102224517013	9.31179544820781
t51	10.0074272777078	3.31950966741209
t55	12.4633354263071	2.39031906646514
t56	14.7939149030596	14.7939149030596
t57	9.78775643567384	9.41415431112191
t58	9.05897931736928	9.05897931736928
t60	3.65557458217101	3.61614808560815
t62	7.19855372927208	0.94297779522983
t63	6.9859078948775	1.59883088012423
t64	3.91533480143795	3.74231790931274
t65	1.05367791359548	0.461803190272793
t66	12.4740180550296	12.0237011568757
t67	10.3893610489964	2.94721365994392
t70	13.7857078788475	3.10800996806567
t71	10.6510140662953	7.49561841847393
t73	0.540429276113152	0.540429276113152
t75	3.53703312552655	3.53703312552655
t76	3.13374975588805	3.13374975588805
t77	6.5476032718462	4.40818342995566
t80	3.61323378816054	2.00340989036913
t81	1.69590035543359	0.767567195897467
t82	12.8668961200149	12.8668961200149
t83	10.094420423688	3.95336301213847
t84	10.8097316200095	2.97244371464534
t88	8.04408839964361	7.12186798844688
t89	10.0017952378287	2.44703147769108
t90	12.2326384839904	12.2326384839904
t91	11.2628653521239	7.4394369033534
t92	1.37492669962193	1.37492669962193
